0 verbose cli C:\Program Files\nodejs\node.exe C:\Program Files\nodejs\node_modules\npm\bin\npm-cli.js
1 info using npm@11.6.2
2 info using node@v24.13.0
3 silly config load:file:C:\Program Files\nodejs\node_modules\npm\npmrc
4 silly config load:file:C:\Users\Zach\Desktop\Lab\Euterpe-landing\.npmrc
5 silly config load:file:C:\Users\Zach\.npmrc
6 silly config load:file:C:\Users\Zach\AppData\Roaming\npm\etc\npmrc
7 verbose title npm exec shadcn@latest --help
8 verbose argv "exec" "--yes" "--" "shadcn@latest" "--help"
9 verbose logfile logs-max:10 dir:C:\Users\Zach\Desktop\Lab\Euterpe-landing\.npm-cache-temp\_logs\2026-07-24T08_46_07_025Z-
10 verbose logfile C:\Users\Zach\Desktop\Lab\Euterpe-landing\.npm-cache-temp\_logs\2026-07-24T08_46_07_025Z-debug-0.log
11 silly logfile done cleaning log files
12 silly packumentCache heap:4496293888 maxSize:1124073472 maxEntrySize:562036736
13 http fetch GET 200 https://registry.npmjs.org/shadcn 158ms (cache miss)
14 silly packumentCache heap:4496293888 maxSize:1124073472 maxEntrySize:562036736
15 http fetch GET 200 https://registry.npmjs.org/npm 224ms
16 silly packumentCache heap:4496293888 maxSize:1124073472 maxEntrySize:562036736
17 silly idealTree buildDeps
18 silly fetch manifest shadcn@4.14.1
19 silly packumentCache full:https://registry.npmjs.org/shadcn cache-miss
20 http fetch GET 200 https://registry.npmjs.org/shadcn 120ms (cache miss)
21 silly packumentCache full:https://registry.npmjs.org/shadcn set size:undefined disposed:false
22 silly placeDep ROOT shadcn@4.14.1 OK for:  want: 4.14.1
23 silly fetch manifest @babel/core@^7.28.0
24 silly packumentCache full:https://registry.npmjs.org/@babel%2fcore cache-miss
25 silly fetch manifest @babel/parser@^7.28.0
26 silly packumentCache full:https://registry.npmjs.org/@babel%2fparser cache-miss
27 silly fetch manifest @babel/plugin-transform-typescript@^7.28.0
28 silly packumentCache full:https://registry.npmjs.org/@babel%2fplugin-transform-typescript cache-miss
29 silly fetch manifest @babel/preset-typescript@^7.27.1
30 silly packumentCache full:https://registry.npmjs.org/@babel%2fpreset-typescript cache-miss
31 silly fetch manifest @dotenvx/dotenvx@^1.48.4
32 silly packumentCache full:https://registry.npmjs.org/@dotenvx%2fdotenvx cache-miss
33 silly fetch manifest @modelcontextprotocol/sdk@^1.26.0
34 silly packumentCache full:https://registry.npmjs.org/@modelcontextprotocol%2fsdk cache-miss
35 silly fetch manifest @types/validate-npm-package-name@^4.0.2
36 silly packumentCache full:https://registry.npmjs.org/@types%2fvalidate-npm-package-name cache-miss
37 silly fetch manifest browserslist@^4.26.2
38 silly packumentCache full:https://registry.npmjs.org/browserslist cache-miss
39 silly fetch manifest commander@^14.0.0
40 silly packumentCache full:https://registry.npmjs.org/commander cache-miss
41 silly fetch manifest cosmiconfig@^9.0.0
42 silly packumentCache full:https://registry.npmjs.org/cosmiconfig cache-miss
43 silly fetch manifest dedent@^1.6.0
44 silly packumentCache full:https://registry.npmjs.org/dedent cache-miss
45 silly fetch manifest deepmerge@^4.3.1
46 silly packumentCache full:https://registry.npmjs.org/deepmerge cache-miss
47 silly fetch manifest diff@^8.0.2
48 silly packumentCache full:https://registry.npmjs.org/diff cache-miss
49 silly fetch manifest execa@^9.6.0
50 silly packumentCache full:https://registry.npmjs.org/execa cache-miss
51 silly fetch manifest fast-glob@^3.3.3
52 silly packumentCache full:https://registry.npmjs.org/fast-glob cache-miss
53 silly fetch manifest fs-extra@^11.3.1
54 silly packumentCache full:https://registry.npmjs.org/fs-extra cache-miss
55 silly fetch manifest fuzzysort@^3.1.0
56 silly packumentCache full:https://registry.npmjs.org/fuzzysort cache-miss
57 silly fetch manifest kleur@^4.1.5
58 silly packumentCache full:https://registry.npmjs.org/kleur cache-miss
59 silly fetch manifest open@^11.0.0
60 silly packumentCache full:https://registry.npmjs.org/open cache-miss
61 silly fetch manifest ora@^8.2.0
62 silly packumentCache full:https://registry.npmjs.org/ora cache-miss
63 silly fetch manifest postcss@^8.5.6
64 silly packumentCache full:https://registry.npmjs.org/postcss cache-miss
65 silly fetch manifest postcss-selector-parser@^7.1.0
66 silly packumentCache full:https://registry.npmjs.org/postcss-selector-parser cache-miss
67 silly fetch manifest prompts@^2.4.2
68 silly packumentCache full:https://registry.npmjs.org/prompts cache-miss
69 http fetch GET 200 https://registry.npmjs.org/@babel%2fparser 92ms (cache miss)
70 silly packumentCache full:https://registry.npmjs.org/@babel%2fparser set size:undefined disposed:false
71 silly fetch manifest recast@^0.23.11
72 silly packumentCache full:https://registry.npmjs.org/recast cache-miss
73 http fetch GET 200 https://registry.npmjs.org/@babel%2fcore 103ms (cache miss)
74 silly packumentCache full:https://registry.npmjs.org/@babel%2fcore set size:undefined disposed:false
75 silly fetch manifest stringify-object@^5.0.0
76 silly packumentCache full:https://registry.npmjs.org/stringify-object cache-miss
77 http fetch GET 200 https://registry.npmjs.org/fs-extra 143ms (cache miss)
78 silly packumentCache full:https://registry.npmjs.org/fs-extra set size:undefined disposed:false
79 silly fetch manifest tailwind-merge@^3.0.1
80 silly packumentCache full:https://registry.npmjs.org/tailwind-merge cache-miss
81 http fetch GET 200 https://registry.npmjs.org/dedent 159ms (cache miss)
82 silly packumentCache full:https://registry.npmjs.org/dedent set size:undefined disposed:false
83 silly fetch manifest ts-morph@^26.0.0
84 silly packumentCache full:https://registry.npmjs.org/ts-morph cache-miss
85 http fetch GET 200 https://registry.npmjs.org/kleur 179ms (cache miss)
86 silly packumentCache full:https://registry.npmjs.org/kleur set size:undefined disposed:false
87 silly fetch manifest tsconfig-paths@^4.2.0
88 silly packumentCache full:https://registry.npmjs.org/tsconfig-paths cache-miss
89 http fetch GET 200 https://registry.npmjs.org/deepmerge 190ms (cache miss)
90 silly packumentCache full:https://registry.npmjs.org/deepmerge set size:undefined disposed:false
91 silly fetch manifest undici@^7.27.2
92 silly packumentCache full:https://registry.npmjs.org/undici cache-miss
93 http fetch GET 200 https://registry.npmjs.org/fuzzysort 201ms (cache miss)
94 silly packumentCache full:https://registry.npmjs.org/fuzzysort set size:undefined disposed:false
95 silly fetch manifest validate-npm-package-name@^7.0.1
96 silly packumentCache full:https://registry.npmjs.org/validate-npm-package-name cache-miss
97 http fetch GET 200 https://registry.npmjs.org/@babel%2fpreset-typescript 210ms (cache miss)
98 silly packumentCache full:https://registry.npmjs.org/@babel%2fpreset-typescript set size:undefined disposed:false
99 silly fetch manifest zod@^3.24.1
100 silly packumentCache full:https://registry.npmjs.org/zod cache-miss
101 http fetch GET 200 https://registry.npmjs.org/diff 221ms (cache miss)
102 silly packumentCache full:https://registry.npmjs.org/diff set size:undefined disposed:false
103 silly fetch manifest zod-to-json-schema@^3.24.6
104 silly packumentCache full:https://registry.npmjs.org/zod-to-json-schema cache-miss
105 http fetch GET 200 https://registry.npmjs.org/ora 222ms (cache miss)
106 silly packumentCache full:https://registry.npmjs.org/ora set size:undefined disposed:false
107 http fetch GET 200 https://registry.npmjs.org/cosmiconfig 238ms (cache miss)
108 silly packumentCache full:https://registry.npmjs.org/cosmiconfig set size:undefined disposed:false
109 http fetch GET 200 https://registry.npmjs.org/fast-glob 254ms (cache miss)
110 silly packumentCache full:https://registry.npmjs.org/fast-glob set size:undefined disposed:false
111 http fetch GET 200 https://registry.npmjs.org/execa 258ms (cache miss)
112 silly packumentCache full:https://registry.npmjs.org/execa set size:undefined disposed:false
113 http fetch GET 200 https://registry.npmjs.org/@modelcontextprotocol%2fsdk 267ms (cache miss)
114 silly packumentCache full:https://registry.npmjs.org/@modelcontextprotocol%2fsdk set size:undefined disposed:false
115 http fetch GET 200 https://registry.npmjs.org/prompts 266ms (cache miss)
116 silly packumentCache full:https://registry.npmjs.org/prompts set size:undefined disposed:false
117 http fetch GET 200 https://registry.npmjs.org/browserslist 271ms (cache miss)
118 silly packumentCache full:https://registry.npmjs.org/browserslist set size:undefined disposed:false
119 http fetch GET 200 https://registry.npmjs.org/open 273ms (cache miss)
120 silly packumentCache full:https://registry.npmjs.org/open set size:undefined disposed:false
121 http fetch GET 200 https://registry.npmjs.org/stringify-object 174ms (cache miss)
122 silly packumentCache full:https://registry.npmjs.org/stringify-object set size:undefined disposed:false
123 http fetch GET 200 https://registry.npmjs.org/commander 282ms (cache miss)
124 silly packumentCache full:https://registry.npmjs.org/commander set size:undefined disposed:false
125 http fetch GET 200 https://registry.npmjs.org/@types%2fvalidate-npm-package-name 290ms (cache miss)
126 silly packumentCache full:https://registry.npmjs.org/@types%2fvalidate-npm-package-name set size:undefined disposed:false
127 http fetch GET 200 https://registry.npmjs.org/validate-npm-package-name 92ms (cache miss)
128 silly packumentCache full:https://registry.npmjs.org/validate-npm-package-name set size:undefined disposed:false
129 http fetch GET 200 https://registry.npmjs.org/@babel%2fplugin-transform-typescript 301ms (cache miss)
130 silly packumentCache full:https://registry.npmjs.org/@babel%2fplugin-transform-typescript set size:undefined disposed:false
131 http fetch GET 200 https://registry.npmjs.org/tsconfig-paths 122ms (cache miss)
132 silly packumentCache full:https://registry.npmjs.org/tsconfig-paths set size:undefined disposed:false
133 http fetch GET 200 https://registry.npmjs.org/postcss-selector-parser 305ms (cache miss)
134 silly packumentCache full:https://registry.npmjs.org/postcss-selector-parser set size:undefined disposed:false
135 http fetch GET 200 https://registry.npmjs.org/@dotenvx%2fdotenvx 316ms (cache miss)
136 silly packumentCache full:https://registry.npmjs.org/@dotenvx%2fdotenvx set size:undefined disposed:false
137 http fetch GET 200 https://registry.npmjs.org/ts-morph 160ms (cache miss)
138 silly packumentCache full:https://registry.npmjs.org/ts-morph set size:undefined disposed:false
139 http fetch GET 200 https://registry.npmjs.org/recast 234ms (cache miss)
140 silly packumentCache full:https://registry.npmjs.org/recast set size:undefined disposed:false
141 http fetch GET 200 https://registry.npmjs.org/zod-to-json-schema 110ms (cache miss)
142 silly packumentCache full:https://registry.npmjs.org/zod-to-json-schema set size:undefined disposed:false
143 http fetch GET 200 https://registry.npmjs.org/postcss 335ms (cache miss)
144 silly packumentCache full:https://registry.npmjs.org/postcss set size:undefined disposed:false
145 http fetch GET 200 https://registry.npmjs.org/undici 165ms (cache miss)
146 silly packumentCache full:https://registry.npmjs.org/undici set size:undefined disposed:false
147 http fetch GET 200 https://registry.npmjs.org/tailwind-merge 220ms (cache miss)
148 silly packumentCache full:https://registry.npmjs.org/tailwind-merge set size:undefined disposed:false
149 http fetch GET 200 https://registry.npmjs.org/zod 184ms (cache miss)
150 silly packumentCache full:https://registry.npmjs.org/zod set size:undefined disposed:false
151 silly fetch manifest @cfworker/json-schema@^4.1.1
152 silly packumentCache full:https://registry.npmjs.org/@cfworker%2fjson-schema cache-miss
153 http fetch GET 200 https://registry.npmjs.org/@cfworker%2fjson-schema 57ms (cache miss)
154 silly packumentCache full:https://registry.npmjs.org/@cfworker%2fjson-schema set size:undefined disposed:false
155 silly fetch manifest typescript@>=4.9.5
156 silly packumentCache full:https://registry.npmjs.org/typescript cache-miss
157 http fetch GET 200 https://registry.npmjs.org/typescript 249ms (cache miss)
158 silly packumentCache full:https://registry.npmjs.org/typescript set size:undefined disposed:false
159 silly fetch manifest babel-plugin-macros@^3.1.0
160 silly packumentCache full:https://registry.npmjs.org/babel-plugin-macros cache-miss
161 http fetch GET 200 https://registry.npmjs.org/babel-plugin-macros 39ms (cache miss)
162 silly packumentCache full:https://registry.npmjs.org/babel-plugin-macros set size:undefined disposed:false
163 silly placeDep ROOT @babel/core@7.29.7 OK for: shadcn@4.14.1 want: ^7.28.0
164 silly placeDep ROOT @babel/parser@7.29.7 OK for: shadcn@4.14.1 want: ^7.28.0
165 silly placeDep ROOT @babel/plugin-transform-typescript@7.29.7 OK for: shadcn@4.14.1 want: ^7.28.0
166 silly placeDep ROOT @babel/preset-typescript@7.29.7 OK for: shadcn@4.14.1 want: ^7.27.1
167 silly placeDep ROOT @dotenvx/dotenvx@1.75.1 OK for: shadcn@4.14.1 want: ^1.48.4
168 silly placeDep ROOT @modelcontextprotocol/sdk@1.29.0 OK for: shadcn@4.14.1 want: ^1.26.0
169 silly placeDep ROOT @types/validate-npm-package-name@4.0.2 OK for: shadcn@4.14.1 want: ^4.0.2
170 silly placeDep ROOT browserslist@4.28.7 OK for: shadcn@4.14.1 want: ^4.26.2
171 silly placeDep ROOT commander@14.0.3 OK for: shadcn@4.14.1 want: ^14.0.0
172 silly placeDep ROOT cosmiconfig@9.0.2 OK for: shadcn@4.14.1 want: ^9.0.0
173 silly placeDep ROOT dedent@1.7.2 OK for: shadcn@4.14.1 want: ^1.6.0
174 silly placeDep ROOT deepmerge@4.3.1 OK for: shadcn@4.14.1 want: ^4.3.1
175 silly placeDep ROOT diff@8.0.4 OK for: shadcn@4.14.1 want: ^8.0.2
176 silly placeDep ROOT execa@9.6.1 OK for: shadcn@4.14.1 want: ^9.6.0
177 silly placeDep ROOT fast-glob@3.3.3 OK for: shadcn@4.14.1 want: ^3.3.3
178 silly placeDep ROOT fs-extra@11.4.0 OK for: shadcn@4.14.1 want: ^11.3.1
179 silly placeDep ROOT fuzzysort@3.1.0 OK for: shadcn@4.14.1 want: ^3.1.0
180 silly placeDep ROOT kleur@4.1.5 OK for: shadcn@4.14.1 want: ^4.1.5
181 silly placeDep ROOT open@11.0.0 OK for: shadcn@4.14.1 want: ^11.0.0
182 silly placeDep ROOT ora@8.2.0 OK for: shadcn@4.14.1 want: ^8.2.0
183 silly placeDep ROOT postcss@8.5.22 OK for: shadcn@4.14.1 want: ^8.5.6
184 silly placeDep ROOT postcss-selector-parser@7.1.4 OK for: shadcn@4.14.1 want: ^7.1.0
185 silly placeDep ROOT prompts@2.4.2 OK for: shadcn@4.14.1 want: ^2.4.2
186 silly placeDep ROOT recast@0.23.12 OK for: shadcn@4.14.1 want: ^0.23.11
187 silly placeDep ROOT stringify-object@5.0.0 OK for: shadcn@4.14.1 want: ^5.0.0
188 silly placeDep ROOT tailwind-merge@3.6.0 OK for: shadcn@4.14.1 want: ^3.0.1
189 silly placeDep ROOT ts-morph@26.0.0 OK for: shadcn@4.14.1 want: ^26.0.0
190 silly placeDep ROOT tsconfig-paths@4.2.0 OK for: shadcn@4.14.1 want: ^4.2.0
191 silly placeDep ROOT undici@7.28.0 OK for: shadcn@4.14.1 want: ^7.27.2
192 silly placeDep ROOT validate-npm-package-name@7.0.2 OK for: shadcn@4.14.1 want: ^7.0.1
193 silly placeDep ROOT zod@3.25.76 OK for: shadcn@4.14.1 want: ^3.24.1
194 silly placeDep ROOT zod-to-json-schema@3.25.2 OK for: shadcn@4.14.1 want: ^3.24.6
195 silly fetch manifest debug@^4.1.0
196 silly packumentCache full:https://registry.npmjs.org/debug cache-miss
197 silly fetch manifest json5@^2.2.3
198 silly packumentCache full:https://registry.npmjs.org/json5 cache-miss
199 silly fetch manifest semver@^6.3.1
200 silly packumentCache full:https://registry.npmjs.org/semver cache-miss
201 silly fetch manifest gensync@^1.0.0-beta.2
202 silly packumentCache full:https://registry.npmjs.org/gensync cache-miss
203 silly fetch manifest @babel/types@^7.29.7
204 silly packumentCache full:https://registry.npmjs.org/@babel%2ftypes cache-miss
205 silly fetch manifest @babel/parser@^7.29.7
206 silly packumentCache full:https://registry.npmjs.org/@babel%2fparser cache-miss
207 silly fetch manifest @babel/helpers@^7.29.7
208 silly packumentCache full:https://registry.npmjs.org/@babel%2fhelpers cache-miss
209 silly fetch manifest @babel/template@^7.29.7
210 silly packumentCache full:https://registry.npmjs.org/@babel%2ftemplate cache-miss
211 silly fetch manifest @babel/traverse@^7.29.7
212 silly packumentCache full:https://registry.npmjs.org/@babel%2ftraverse cache-miss
213 silly fetch manifest @babel/generator@^7.29.7
214 silly packumentCache full:https://registry.npmjs.org/@babel%2fgenerator cache-miss
215 silly fetch manifest @babel/code-frame@^7.29.7
216 silly packumentCache full:https://registry.npmjs.org/@babel%2fcode-frame cache-miss
217 silly fetch manifest convert-source-map@^2.0.0
218 silly packumentCache full:https://registry.npmjs.org/convert-source-map cache-miss
219 silly fetch manifest @jridgewell/remapping@^2.3.5
220 silly packumentCache full:https://registry.npmjs.org/@jridgewell%2fremapping cache-miss
221 silly fetch manifest @babel/helper-module-transforms@^7.29.7
222 silly packumentCache full:https://registry.npmjs.org/@babel%2fhelper-module-transforms cache-miss
223 silly fetch manifest @babel/helper-compilation-targets@^7.29.7
224 silly packumentCache full:https://registry.npmjs.org/@babel%2fhelper-compilation-targets cache-miss
225 silly fetch manifest @babel/types@^7.29.7
226 silly packumentCache full:https://registry.npmjs.org/@babel%2ftypes cache-miss
227 silly fetch manifest @babel/helper-plugin-utils@^7.29.7
228 silly packumentCache full:https://registry.npmjs.org/@babel%2fhelper-plugin-utils cache-miss
229 silly fetch manifest @babel/helper-annotate-as-pure@^7.29.7
230 silly packumentCache full:https://registry.npmjs.org/@babel%2fhelper-annotate-as-pure cache-miss
231 silly fetch manifest @babel/plugin-syntax-typescript@^7.29.7
232 silly packumentCache full:https://registry.npmjs.org/@babel%2fplugin-syntax-typescript cache-miss
233 silly fetch manifest @babel/helper-create-class-features-plugin@^7.29.7
234 silly packumentCache full:https://registry.npmjs.org/@babel%2fhelper-create-class-features-plugin cache-miss
235 silly fetch manifest @babel/helper-skip-transparent-expression-wrappers@^7.29.7
236 silly packumentCache full:https://registry.npmjs.org/@babel%2fhelper-skip-transparent-expression-wrappers cache-miss
237 silly fetch manifest @babel/plugin-syntax-jsx@^7.29.7
238 silly packumentCache full:https://registry.npmjs.org/@babel%2fplugin-syntax-jsx cache-miss
239 silly fetch manifest @babel/helper-plugin-utils@^7.29.7
240 silly packumentCache full:https://registry.npmjs.org/@babel%2fhelper-plugin-utils cache-miss
241 http cache https://registry.npmjs.org/@babel%2fparser 31ms (cache hit)
242 silly packumentCache full:https://registry.npmjs.org/@babel%2fparser set size:735431 disposed:false
243 silly fetch manifest @babel/helper-validator-option@^7.29.7
244 silly packumentCache full:https://registry.npmjs.org/@babel%2fhelper-validator-option cache-miss
245 http fetch GET 200 https://registry.npmjs.org/gensync 58ms (cache miss)
246 silly packumentCache full:https://registry.npmjs.org/gensync set size:undefined disposed:false
247 silly fetch manifest @babel/plugin-transform-modules-commonjs@^7.29.7
248 silly packumentCache full:https://registry.npmjs.org/@babel%2fplugin-transform-modules-commonjs cache-miss
249 http fetch GET 200 https://registry.npmjs.org/debug 68ms (cache miss)
250 silly packumentCache full:https://registry.npmjs.org/debug set size:undefined disposed:false
251 silly fetch manifest conf@^10.2.0
252 silly packumentCache full:https://registry.npmjs.org/conf cache-miss
253 http fetch GET 200 https://registry.npmjs.org/convert-source-map 72ms (cache miss)
254 silly packumentCache full:https://registry.npmjs.org/convert-source-map set size:undefined disposed:false
255 silly fetch manifest fdir@^6.2.0
256 silly packumentCache full:https://registry.npmjs.org/fdir cache-miss
257 http fetch GET 200 https://registry.npmjs.org/@jridgewell%2fremapping 94ms (cache miss)
258 silly packumentCache full:https://registry.npmjs.org/@jridgewell%2fremapping set size:undefined disposed:false
259 silly fetch manifest open@^8.4.2
260 silly packumentCache full:https://registry.npmjs.org/open cache-miss
261 http fetch GET 200 https://registry.npmjs.org/@babel%2fcode-frame 97ms (cache miss)
262 silly packumentCache full:https://registry.npmjs.org/@babel%2fcode-frame set size:undefined disposed:false
263 silly fetch manifest execa@^5.1.1
264 silly packumentCache full:https://registry.npmjs.org/execa cache-miss
265 http fetch GET 200 https://registry.npmjs.org/@babel%2ftemplate 113ms (cache miss)
266 silly packumentCache full:https://registry.npmjs.org/@babel%2ftemplate set size:undefined disposed:false
267 silly fetch manifest which@^4.0.0
268 silly packumentCache full:https://registry.npmjs.org/which cache-miss
269 http fetch GET 200 https://registry.npmjs.org/@babel%2fhelper-compilation-targets 127ms (cache miss)
270 silly packumentCache full:https://registry.npmjs.org/@babel%2fhelper-compilation-targets set size:undefined disposed:false
271 silly fetch manifest dotenv@^17.2.1
272 silly packumentCache full:https://registry.npmjs.org/dotenv cache-miss
273 http fetch GET 200 https://registry.npmjs.org/@babel%2fhelper-annotate-as-pure 138ms (cache miss)
274 silly packumentCache full:https://registry.npmjs.org/@babel%2fhelper-annotate-as-pure set size:undefined disposed:false
275 silly fetch manifest ignore@^5.3.0
276 silly packumentCache full:https://registry.npmjs.org/ignore cache-miss
277 http cache https://registry.npmjs.org/open 48ms (cache hit)
278 silly packumentCache full:https://registry.npmjs.org/open set size:136392 disposed:false
279 silly fetch manifest undici@^7.11.0
280 silly packumentCache full:https://registry.npmjs.org/undici cache-miss
281 http cache https://registry.npmjs.org/execa 49ms (cache hit)
282 silly packumentCache full:https://registry.npmjs.org/execa set size:184889 disposed:false
283 silly fetch manifest enquirer@^2.4.1
284 silly packumentCache full:https://registry.npmjs.org/enquirer cache-miss
285 http fetch GET 200 https://registry.npmjs.org/semver 161ms (cache miss)
286 silly packumentCache full:https://registry.npmjs.org/semver set size:undefined disposed:false
287 silly fetch manifest commander@^11.1.0
288 silly packumentCache full:https://registry.npmjs.org/commander cache-miss
289 http fetch GET 200 https://registry.npmjs.org/@babel%2fhelper-module-transforms 159ms (cache miss)
290 silly packumentCache full:https://registry.npmjs.org/@babel%2fhelper-module-transforms set size:undefined disposed:false
291 silly fetch manifest env-paths@^2.2.1
292 silly packumentCache full:https://registry.npmjs.org/env-paths cache-miss
293 http fetch GET 200 https://registry.npmjs.org/@babel%2fplugin-syntax-typescript 161ms (cache miss)
294 silly packumentCache full:https://registry.npmjs.org/@babel%2fplugin-syntax-typescript set size:undefined disposed:false
295 silly fetch manifest picomatch@^4.0.4
296 silly packumentCache full:https://registry.npmjs.org/picomatch cache-miss
297 http fetch GET 200 https://registry.npmjs.org/@babel%2fhelper-plugin-utils 166ms (cache miss)
298 silly packumentCache full:https://registry.npmjs.org/@babel%2fhelper-plugin-utils set size:undefined disposed:false
299 silly fetch manifest yocto-spinner@^1.1.0
300 silly packumentCache full:https://registry.npmjs.org/yocto-spinner cache-miss
301 http fetch GET 200 https://registry.npmjs.org/@babel%2fhelper-skip-transparent-expression-wrappers 167ms (cache miss)
302 silly packumentCache full:https://registry.npmjs.org/@babel%2fhelper-skip-transparent-expression-wrappers set size:undefined disposed:false
303 silly fetch manifest object-treeify@1.1.33
304 silly packumentCache full:https://registry.npmjs.org/object-treeify cache-miss
305 http fetch GET 200 https://registry.npmjs.org/@babel%2fhelpers 177ms (cache miss)
306 silly packumentCache full:https://registry.npmjs.org/@babel%2fhelpers set size:undefined disposed:false
307 silly fetch manifest systeminformation@^5.22.11
308 silly packumentCache full:https://registry.npmjs.org/systeminformation cache-miss
309 http fetch GET 200 https://registry.npmjs.org/@babel%2fhelper-plugin-utils 175ms (cache miss)
310 silly packumentCache full:https://registry.npmjs.org/@babel%2fhelper-plugin-utils set size:undefined disposed:false
311 silly fetch manifest @dotenvx/primitives@^0.8.0
312 silly packumentCache full:https://registry.npmjs.org/@dotenvx%2fprimitives cache-miss
313 http fetch GET 200 https://registry.npmjs.org/json5 192ms (cache miss)
314 silly packumentCache full:https://registry.npmjs.org/json5 set size:undefined disposed:false
315 silly fetch manifest ajv@^8.17.1
316 silly packumentCache full:https://registry.npmjs.org/ajv cache-miss
317 http fetch GET 200 https://registry.npmjs.org/@babel%2fgenerator 191ms (cache miss)
318 silly packumentCache full:https://registry.npmjs.org/@babel%2fgenerator set size:undefined disposed:false
319 silly fetch manifest zod@^3.25 || ^4.0
320 silly packumentCache full:https://registry.npmjs.org/zod cache-miss
321 http fetch GET 200 https://registry.npmjs.org/@babel%2fplugin-syntax-jsx 191ms (cache miss)
322 silly packumentCache full:https://registry.npmjs.org/@babel%2fplugin-syntax-jsx set size:undefined disposed:false
323 silly fetch manifest cors@^2.8.5
324 silly packumentCache full:https://registry.npmjs.org/cors cache-miss
325 http fetch GET 200 https://registry.npmjs.org/@babel%2fhelper-validator-option 169ms (cache miss)
326 silly packumentCache full:https://registry.npmjs.org/@babel%2fhelper-validator-option set size:undefined disposed:false
327 silly fetch manifest hono@^4.11.4
328 silly packumentCache full:https://registry.npmjs.org/hono cache-miss
329 http fetch GET 200 https://registry.npmjs.org/fdir 135ms (cache miss)
330 silly packumentCache full:https://registry.npmjs.org/fdir set size:undefined disposed:false
331 silly fetch manifest jose@^6.1.3
332 silly packumentCache full:https://registry.npmjs.org/jose cache-miss
333 http fetch GET 200 https://registry.npmjs.org/@babel%2ftraverse 217ms (cache miss)
334 silly packumentCache full:https://registry.npmjs.org/@babel%2ftraverse set size:undefined disposed:false
335 silly fetch manifest express@^5.2.1
336 silly packumentCache full:https://registry.npmjs.org/express cache-miss
337 http cache https://registry.npmjs.org/undici 80ms (cache hit)
338 silly packumentCache full:https://registry.npmjs.org/undici set size:1504132 disposed:false
339 silly fetch manifest raw-body@^3.0.0
340 silly packumentCache full:https://registry.npmjs.org/raw-body cache-miss
341 http fetch GET 200 https://registry.npmjs.org/@babel%2fhelper-create-class-features-plugin 233ms (cache miss)
342 silly packumentCache full:https://registry.npmjs.org/@babel%2fhelper-create-class-features-plugin set size:undefined disposed:false
343 silly fetch manifest ajv-formats@^3.0.1
344 silly packumentCache full:https://registry.npmjs.org/ajv-formats cache-miss
345 http fetch GET 200 https://registry.npmjs.org/conf 172ms (cache miss)
346 silly packumentCache full:https://registry.npmjs.org/conf set size:undefined disposed:false
347 silly fetch manifest cross-spawn@^7.0.5
348 silly packumentCache full:https://registry.npmjs.org/cross-spawn cache-miss
349 http fetch GET 200 https://registry.npmjs.org/which 141ms (cache miss)
350 silly packumentCache full:https://registry.npmjs.org/which set size:undefined disposed:false
351 silly fetch manifest eventsource@^3.0.2
352 silly packumentCache full:https://registry.npmjs.org/eventsource cache-miss
353 http cache https://registry.npmjs.org/commander 97ms (cache hit)
354 silly packumentCache full:https://registry.npmjs.org/commander set size:353115 disposed:false
355 silly fetch manifest content-type@^1.0.5
356 silly packumentCache full:https://registry.npmjs.org/content-type cache-miss
357 http cache https://registry.npmjs.org/zod 84ms (cache hit)
358 silly packumentCache full:https://registry.npmjs.org/zod set size:3552562 disposed:false
359 silly fetch manifest pkce-challenge@^5.0.0
360 silly packumentCache full:https://registry.npmjs.org/pkce-challenge cache-miss
361 http fetch GET 200 https://registry.npmjs.org/@babel%2fplugin-transform-modules-commonjs 245ms (cache miss)
362 silly packumentCache full:https://registry.npmjs.org/@babel%2fplugin-transform-modules-commonjs set size:undefined disposed:false
363 silly fetch manifest @hono/node-server@^1.19.9
364 silly packumentCache full:https://registry.npmjs.org/@hono%2fnode-server cache-miss
365 http fetch GET 200 https://registry.npmjs.org/env-paths 152ms (cache miss)
366 silly packumentCache full:https://registry.npmjs.org/env-paths set size:undefined disposed:false
367 silly fetch manifest json-schema-typed@^8.0.2
368 silly packumentCache full:https://registry.npmjs.org/json-schema-typed cache-miss
369 http fetch GET 200 https://registry.npmjs.org/yocto-spinner 149ms (cache miss)
370 silly packumentCache full:https://registry.npmjs.org/yocto-spinner set size:undefined disposed:false
371 silly fetch manifest eventsource-parser@^3.0.0
372 silly packumentCache full:https://registry.npmjs.org/eventsource-parser cache-miss
373 http fetch GET 200 https://registry.npmjs.org/@babel%2ftypes 325ms (cache miss)
374 silly packumentCache full:https://registry.npmjs.org/@babel%2ftypes set size:undefined disposed:false
375 silly fetch manifest express-rate-limit@^8.2.1
376 silly packumentCache full:https://registry.npmjs.org/express-rate-limit cache-miss
377 http fetch GET 200 https://registry.npmjs.org/picomatch 166ms (cache miss)
378 silly packumentCache full:https://registry.npmjs.org/picomatch set size:undefined disposed:false
379 silly fetch manifest zod-to-json-schema@^3.25.1
380 silly packumentCache full:https://registry.npmjs.org/zod-to-json-schema cache-miss
381 http fetch GET 200 https://registry.npmjs.org/@babel%2ftypes 340ms (cache miss)
382 silly packumentCache full:https://registry.npmjs.org/@babel%2ftypes set size:undefined disposed:false
383 silly fetch manifest caniuse-lite@^1.0.30001806
384 silly packumentCache full:https://registry.npmjs.org/caniuse-lite cache-miss
385 http fetch GET 200 https://registry.npmjs.org/cors 143ms (cache miss)
386 silly packumentCache full:https://registry.npmjs.org/cors set size:undefined disposed:false
387 silly fetch manifest node-releases@^2.0.51
388 silly packumentCache full:https://registry.npmjs.org/node-releases cache-miss
389 http fetch GET 200 https://registry.npmjs.org/ignore 200ms (cache miss)
390 silly packumentCache full:https://registry.npmjs.org/ignore set size:undefined disposed:false
391 silly fetch manifest electron-to-chromium@^1.5.393
392 silly packumentCache full:https://registry.npmjs.org/electron-to-chromium cache-miss
393 http fetch GET 200 https://registry.npmjs.org/enquirer 195ms (cache miss)
394 silly packumentCache full:https://registry.npmjs.org/enquirer set size:undefined disposed:false
395 silly fetch manifest update-browserslist-db@^1.2.3
396 silly packumentCache full:https://registry.npmjs.org/update-browserslist-db cache-miss
397 http fetch GET 200 https://registry.npmjs.org/@dotenvx%2fprimitives 174ms (cache miss)
398 silly packumentCache full:https://registry.npmjs.org/@dotenvx%2fprimitives set size:undefined disposed:false
399 silly fetch manifest baseline-browser-mapping@^2.10.44
400 silly packumentCache full:https://registry.npmjs.org/baseline-browser-mapping cache-miss
401 http fetch GET 200 https://registry.npmjs.org/dotenv 227ms (cache miss)
402 silly packumentCache full:https://registry.npmjs.org/dotenv set size:undefined disposed:false
403 silly fetch manifest js-yaml@^4.1.0
404 silly packumentCache full:https://registry.npmjs.org/js-yaml cache-miss
405 http fetch GET 200 https://registry.npmjs.org/content-type 108ms (cache miss)
406 silly packumentCache full:https://registry.npmjs.org/content-type set size:undefined disposed:false
407 silly fetch manifest parse-json@^5.2.0
408 silly packumentCache full:https://registry.npmjs.org/parse-json cache-miss
409 http fetch GET 200 https://registry.npmjs.org/raw-body 139ms (cache miss)
410 silly packumentCache full:https://registry.npmjs.org/raw-body set size:undefined disposed:false
411 silly fetch manifest import-fresh@^3.3.0
412 silly packumentCache full:https://registry.npmjs.org/import-fresh cache-miss
413 http fetch GET 200 https://registry.npmjs.org/cross-spawn 142ms (cache miss)
414 silly packumentCache full:https://registry.npmjs.org/cross-spawn set size:undefined disposed:false
415 silly fetch manifest figures@^6.1.0
416 silly packumentCache full:https://registry.npmjs.org/figures cache-miss
417 http fetch GET 200 https://registry.npmjs.org/eventsource 135ms (cache miss)
418 silly packumentCache full:https://registry.npmjs.org/eventsource set size:undefined disposed:false
419 silly fetch manifest is-stream@^4.0.1
420 silly packumentCache full:https://registry.npmjs.org/is-stream cache-miss
421 http fetch GET 200 https://registry.npmjs.org/ajv-formats 156ms (cache miss)
422 silly packumentCache full:https://registry.npmjs.org/ajv-formats set size:undefined disposed:false
423 silly fetch manifest pretty-ms@^9.2.0
424 silly packumentCache full:https://registry.npmjs.org/pretty-ms cache-miss
425 http cache https://registry.npmjs.org/zod-to-json-schema 70ms (cache hit)
426 silly packumentCache full:https://registry.npmjs.org/zod-to-json-schema set size:309584 disposed:false
427 silly fetch manifest get-stream@^9.0.0
428 silly packumentCache full:https://registry.npmjs.org/get-stream cache-miss
429 http fetch GET 200 https://registry.npmjs.org/object-treeify 235ms (cache miss)
430 silly packumentCache full:https://registry.npmjs.org/object-treeify set size:undefined disposed:false
431 silly fetch manifest cross-spawn@^7.0.6
432 silly packumentCache full:https://registry.npmjs.org/cross-spawn cache-miss
433 http fetch GET 200 https://registry.npmjs.org/pkce-challenge 121ms (cache miss)
434 silly packumentCache full:https://registry.npmjs.org/pkce-challenge set size:undefined disposed:false
435 silly fetch manifest signal-exit@^4.1.0
436 silly packumentCache full:https://registry.npmjs.org/signal-exit cache-miss
437 http fetch GET 200 https://registry.npmjs.org/eventsource-parser 99ms (cache miss)
438 silly packumentCache full:https://registry.npmjs.org/eventsource-parser set size:undefined disposed:false
439 silly fetch manifest yoctocolors@^2.1.1
440 silly packumentCache full:https://registry.npmjs.org/yoctocolors cache-miss
441 http fetch GET 200 https://registry.npmjs.org/json-schema-typed 108ms (cache miss)
442 silly packumentCache full:https://registry.npmjs.org/json-schema-typed set size:undefined disposed:false
443 silly fetch manifest is-plain-obj@^4.1.0
444 silly packumentCache full:https://registry.npmjs.org/is-plain-obj cache-miss
445 http fetch GET 200 https://registry.npmjs.org/parse-json 77ms (cache miss)
446 silly packumentCache full:https://registry.npmjs.org/parse-json set size:undefined disposed:false
447 silly fetch manifest npm-run-path@^6.0.0
448 silly packumentCache full:https://registry.npmjs.org/npm-run-path cache-miss
449 http cache https://registry.npmjs.org/cross-spawn 42ms (cache hit)
450 silly packumentCache full:https://registry.npmjs.org/cross-spawn set size:109066 disposed:false
451 silly fetch manifest human-signals@^8.0.1
452 silly packumentCache full:https://registry.npmjs.org/human-signals cache-miss
453 http fetch GET 200 https://registry.npmjs.org/update-browserslist-db 104ms (cache miss)
454 silly packumentCache full:https://registry.npmjs.org/update-browserslist-db set size:undefined disposed:false
455 silly fetch manifest strip-final-newline@^4.0.0
456 silly packumentCache full:https://registry.npmjs.org/strip-final-newline cache-miss
457 http fetch GET 200 https://registry.npmjs.org/@hono%2fnode-server 150ms (cache miss)
458 silly packumentCache full:https://registry.npmjs.org/@hono%2fnode-server set size:undefined disposed:false
459 silly fetch manifest @sindresorhus/merge-streams@^4.0.0
460 silly packumentCache full:https://registry.npmjs.org/@sindresorhus%2fmerge-streams cache-miss
461 http fetch GET 200 https://registry.npmjs.org/import-fresh 92ms (cache miss)
462 silly packumentCache full:https://registry.npmjs.org/import-fresh set size:undefined disposed:false
463 silly fetch manifest @nodelib/fs.stat@^2.0.2
464 silly packumentCache full:https://registry.npmjs.org/@nodelib%2ffs.stat cache-miss
465 http fetch GET 200 https://registry.npmjs.org/express 252ms (cache miss)
466 silly packumentCache full:https://registry.npmjs.org/express set size:undefined disposed:false
467 silly fetch manifest @nodelib/fs.walk@^1.2.3
468 silly packumentCache full:https://registry.npmjs.org/@nodelib%2ffs.walk cache-miss
469 http fetch GET 200 https://registry.npmjs.org/figures 97ms (cache miss)
470 silly packumentCache full:https://registry.npmjs.org/figures set size:undefined disposed:false
471 silly fetch manifest glob-parent@^5.1.2
472 silly packumentCache full:https://registry.npmjs.org/glob-parent cache-miss
473 http fetch GET 200 https://registry.npmjs.org/is-stream 99ms (cache miss)
474 silly packumentCache full:https://registry.npmjs.org/is-stream set size:undefined disposed:false
475 silly fetch manifest merge2@^1.3.0
476 silly packumentCache full:https://registry.npmjs.org/merge2 cache-miss
477 http fetch GET 200 https://registry.npmjs.org/node-releases 150ms (cache miss)
478 silly packumentCache full:https://registry.npmjs.org/node-releases set size:undefined disposed:false
479 silly fetch manifest micromatch@^4.0.8
480 silly packumentCache full:https://registry.npmjs.org/micromatch cache-miss
481 http fetch GET 200 https://registry.npmjs.org/js-yaml 135ms (cache miss)
482 silly packumentCache full:https://registry.npmjs.org/js-yaml set size:undefined disposed:false
483 silly fetch manifest graceful-fs@^4.2.0
484 silly packumentCache full:https://registry.npmjs.org/graceful-fs cache-miss
485 http fetch GET 200 https://registry.npmjs.org/get-stream 105ms (cache miss)
486 silly packumentCache full:https://registry.npmjs.org/get-stream set size:undefined disposed:false
487 silly fetch manifest jsonfile@^6.0.1
488 silly packumentCache full:https://registry.npmjs.org/jsonfile cache-miss
489 http fetch GET 200 https://registry.npmjs.org/yoctocolors 95ms (cache miss)
490 silly packumentCache full:https://registry.npmjs.org/yoctocolors set size:undefined disposed:false
491 silly fetch manifest universalify@^2.0.0
492 silly packumentCache full:https://registry.npmjs.org/universalify cache-miss
493 http fetch GET 200 https://registry.npmjs.org/express-rate-limit 186ms (cache miss)
494 silly packumentCache full:https://registry.npmjs.org/express-rate-limit set size:undefined disposed:false
495 silly fetch manifest default-browser@^5.4.0
496 silly packumentCache full:https://registry.npmjs.org/default-browser cache-miss
497 http fetch GET 200 https://registry.npmjs.org/signal-exit 107ms (cache miss)
498 silly packumentCache full:https://registry.npmjs.org/signal-exit set size:undefined disposed:false
499 silly fetch manifest define-lazy-prop@^3.0.0
500 silly packumentCache full:https://registry.npmjs.org/define-lazy-prop cache-miss
501 http fetch GET 200 https://registry.npmjs.org/is-plain-obj 102ms (cache miss)
502 silly packumentCache full:https://registry.npmjs.org/is-plain-obj set size:undefined disposed:false
503 silly fetch manifest is-in-ssh@^1.0.0
504 silly packumentCache full:https://registry.npmjs.org/is-in-ssh cache-miss
505 http fetch GET 200 https://registry.npmjs.org/ajv 344ms (cache miss)
506 silly packumentCache full:https://registry.npmjs.org/ajv set size:undefined disposed:false
507 silly fetch manifest is-inside-container@^1.0.0
508 silly packumentCache full:https://registry.npmjs.org/is-inside-container cache-miss
509 http fetch GET 200 https://registry.npmjs.org/baseline-browser-mapping 201ms (cache miss)
510 silly packumentCache full:https://registry.npmjs.org/baseline-browser-mapping set size:undefined disposed:false
511 silly fetch manifest powershell-utils@^0.1.0
512 silly packumentCache full:https://registry.npmjs.org/powershell-utils cache-miss
513 http fetch GET 200 https://registry.npmjs.org/strip-final-newline 116ms (cache miss)
514 silly packumentCache full:https://registry.npmjs.org/strip-final-newline set size:undefined disposed:false
515 silly fetch manifest wsl-utils@^0.3.0
516 silly packumentCache full:https://registry.npmjs.org/wsl-utils cache-miss
517 http fetch GET 200 https://registry.npmjs.org/npm-run-path 123ms (cache miss)
518 silly packumentCache full:https://registry.npmjs.org/npm-run-path set size:undefined disposed:false
519 silly fetch manifest chalk@^5.3.0
520 silly packumentCache full:https://registry.npmjs.org/chalk cache-miss
521 http fetch GET 200 https://registry.npmjs.org/pretty-ms 182ms (cache miss)
522 silly packumentCache full:https://registry.npmjs.org/pretty-ms set size:undefined disposed:false
523 silly fetch manifest cli-cursor@^5.0.0
524 silly packumentCache full:https://registry.npmjs.org/cli-cursor cache-miss
525 http fetch GET 200 https://registry.npmjs.org/@nodelib%2ffs.stat 115ms (cache miss)
526 silly packumentCache full:https://registry.npmjs.org/@nodelib%2ffs.stat set size:undefined disposed:false
527 silly fetch manifest strip-ansi@^7.1.0
528 silly packumentCache full:https://registry.npmjs.org/strip-ansi cache-miss
529 http fetch GET 200 https://registry.npmjs.org/glob-parent 105ms (cache miss)
530 silly packumentCache full:https://registry.npmjs.org/glob-parent set size:undefined disposed:false
531 silly fetch manifest log-symbols@^6.0.0
532 silly packumentCache full:https://registry.npmjs.org/log-symbols cache-miss
533 http fetch GET 200 https://registry.npmjs.org/define-lazy-prop 69ms (cache miss)
534 silly packumentCache full:https://registry.npmjs.org/define-lazy-prop set size:undefined disposed:false
535 silly fetch manifest cli-spinners@^2.9.2
536 silly packumentCache full:https://registry.npmjs.org/cli-spinners cache-miss
537 http fetch GET 200 https://registry.npmjs.org/@nodelib%2ffs.walk 115ms (cache miss)
538 silly packumentCache full:https://registry.npmjs.org/@nodelib%2ffs.walk set size:undefined disposed:false
539 silly fetch manifest string-width@^7.2.0
540 silly packumentCache full:https://registry.npmjs.org/string-width cache-miss
541 http fetch GET 200 https://registry.npmjs.org/jose 390ms (cache miss)
542 silly packumentCache full:https://registry.npmjs.org/jose set size:undefined disposed:false
543 silly fetch manifest is-interactive@^2.0.0
544 silly packumentCache full:https://registry.npmjs.org/is-interactive cache-miss
545 http fetch GET 200 https://registry.npmjs.org/human-signals 157ms (cache miss)
546 silly packumentCache full:https://registry.npmjs.org/human-signals set size:undefined disposed:false
547 silly fetch manifest stdin-discarder@^0.2.2
548 silly packumentCache full:https://registry.npmjs.org/stdin-discarder cache-miss
549 http fetch GET 200 https://registry.npmjs.org/merge2 118ms (cache miss)
550 silly packumentCache full:https://registry.npmjs.org/merge2 set size:undefined disposed:false
551 silly fetch manifest is-unicode-supported@^2.0.0
552 silly packumentCache full:https://registry.npmjs.org/is-unicode-supported cache-miss
553 http fetch GET 200 https://registry.npmjs.org/jsonfile 107ms (cache miss)
554 silly packumentCache full:https://registry.npmjs.org/jsonfile set size:undefined disposed:false
555 silly fetch manifest nanoid@^3.3.16
556 silly packumentCache full:https://registry.npmjs.org/nanoid cache-miss
557 http fetch GET 200 https://registry.npmjs.org/graceful-fs 125ms (cache miss)
558 silly packumentCache full:https://registry.npmjs.org/graceful-fs set size:undefined disposed:false
559 silly fetch manifest picocolors@^1.1.1
560 silly packumentCache full:https://registry.npmjs.org/picocolors cache-miss
561 http fetch GET 200 https://registry.npmjs.org/universalify 121ms (cache miss)
562 silly packumentCache full:https://registry.npmjs.org/universalify set size:undefined disposed:false
563 silly fetch manifest source-map-js@^1.2.1
564 silly packumentCache full:https://registry.npmjs.org/source-map-js cache-miss
565 http fetch GET 200 https://registry.npmjs.org/default-browser 116ms (cache miss)
566 silly packumentCache full:https://registry.npmjs.org/default-browser set size:undefined disposed:false
567 silly fetch manifest cssesc@^3.0.0
568 silly packumentCache full:https://registry.npmjs.org/cssesc cache-miss
569 http fetch GET 200 https://registry.npmjs.org/micromatch 151ms (cache miss)
570 silly packumentCache full:https://registry.npmjs.org/micromatch set size:undefined disposed:false
571 silly fetch manifest util-deprecate@^1.0.2
572 silly packumentCache full:https://registry.npmjs.org/util-deprecate cache-miss
573 http fetch GET 200 https://registry.npmjs.org/is-inside-container 109ms (cache miss)
574 silly packumentCache full:https://registry.npmjs.org/is-inside-container set size:undefined disposed:false
575 silly fetch manifest kleur@^3.0.3
576 silly packumentCache full:https://registry.npmjs.org/kleur cache-miss
577 http fetch GET 200 https://registry.npmjs.org/@sindresorhus%2fmerge-streams 204ms (cache miss)
578 silly packumentCache full:https://registry.npmjs.org/@sindresorhus%2fmerge-streams set size:undefined disposed:false
579 silly fetch manifest sisteransi@^1.0.5
580 silly packumentCache full:https://registry.npmjs.org/sisteransi cache-miss
581 http fetch GET 200 https://registry.npmjs.org/wsl-utils 96ms (cache miss)
582 silly packumentCache full:https://registry.npmjs.org/wsl-utils set size:undefined disposed:false
583 silly fetch manifest ast-types@^0.16.1
584 silly packumentCache full:https://registry.npmjs.org/ast-types cache-miss
585 http fetch GET 200 https://registry.npmjs.org/is-in-ssh 141ms (cache miss)
586 silly packumentCache full:https://registry.npmjs.org/is-in-ssh set size:undefined disposed:false
587 silly fetch manifest esprima@~4.0.0
588 silly packumentCache full:https://registry.npmjs.org/esprima cache-miss
589 http fetch GET 200 https://registry.npmjs.org/strip-ansi 86ms (cache miss)
590 silly packumentCache full:https://registry.npmjs.org/strip-ansi set size:undefined disposed:false
591 silly fetch manifest source-map@~0.6.1
592 silly packumentCache full:https://registry.npmjs.org/source-map cache-miss
593 http fetch GET 200 https://registry.npmjs.org/log-symbols 83ms (cache miss)
594 silly packumentCache full:https://registry.npmjs.org/log-symbols set size:undefined disposed:false
595 silly fetch manifest tiny-invariant@^1.3.3
596 silly packumentCache full:https://registry.npmjs.org/tiny-invariant cache-miss
597 http fetch GET 200 https://registry.npmjs.org/cli-cursor 97ms (cache miss)
598 silly packumentCache full:https://registry.npmjs.org/cli-cursor set size:undefined disposed:false
599 silly fetch manifest tslib@^2.0.1
600 silly packumentCache full:https://registry.npmjs.org/tslib cache-miss
601 http fetch GET 200 https://registry.npmjs.org/stdin-discarder 74ms (cache miss)
602 silly packumentCache full:https://registry.npmjs.org/stdin-discarder set size:undefined disposed:false
603 silly fetch manifest is-obj@^3.0.0
604 silly packumentCache full:https://registry.npmjs.org/is-obj cache-miss
605 http fetch GET 200 https://registry.npmjs.org/is-interactive 78ms (cache miss)
606 silly packumentCache full:https://registry.npmjs.org/is-interactive set size:undefined disposed:false
607 silly fetch manifest is-regexp@^3.1.0
608 silly packumentCache full:https://registry.npmjs.org/is-regexp cache-miss
609 http fetch GET 200 https://registry.npmjs.org/chalk 114ms (cache miss)
610 silly packumentCache full:https://registry.npmjs.org/chalk set size:undefined disposed:false
611 silly fetch manifest get-own-enumerable-keys@^1.0.0
612 silly packumentCache full:https://registry.npmjs.org/get-own-enumerable-keys cache-miss
613 http fetch GET 200 https://registry.npmjs.org/is-unicode-supported 80ms (cache miss)
614 silly packumentCache full:https://registry.npmjs.org/is-unicode-supported set size:undefined disposed:false
615 silly fetch manifest @ts-morph/common@~0.27.0
616 silly packumentCache full:https://registry.npmjs.org/@ts-morph%2fcommon cache-miss
617 http fetch GET 200 https://registry.npmjs.org/cli-spinners 100ms (cache miss)
618 silly packumentCache full:https://registry.npmjs.org/cli-spinners set size:undefined disposed:false
619 silly fetch manifest code-block-writer@^13.0.3
620 silly packumentCache full:https://registry.npmjs.org/code-block-writer cache-miss
621 http cache https://registry.npmjs.org/kleur 45ms (cache hit)
622 silly packumentCache full:https://registry.npmjs.org/kleur set size:61853 disposed:false
623 silly fetch manifest json5@^2.2.2
624 silly packumentCache full:https://registry.npmjs.org/json5 cache-miss
625 http fetch GET 200 https://registry.npmjs.org/string-width 102ms (cache miss)
626 silly packumentCache full:https://registry.npmjs.org/string-width set size:undefined disposed:false
627 silly fetch manifest minimist@^1.2.6
628 silly packumentCache full:https://registry.npmjs.org/minimist cache-miss
629 http fetch GET 200 https://registry.npmjs.org/powershell-utils 150ms (cache miss)
630 silly packumentCache full:https://registry.npmjs.org/powershell-utils set size:undefined disposed:false
631 silly fetch manifest strip-bom@^3.0.0
632 silly packumentCache full:https://registry.npmjs.org/strip-bom cache-miss
633 http fetch GET 200 https://registry.npmjs.org/picocolors 90ms (cache miss)
634 silly packumentCache full:https://registry.npmjs.org/picocolors set size:undefined disposed:false
635 http fetch GET 200 https://registry.npmjs.org/cssesc 81ms (cache miss)
636 silly packumentCache full:https://registry.npmjs.org/cssesc set size:undefined disposed:false
637 http fetch GET 200 https://registry.npmjs.org/util-deprecate 75ms (cache miss)
638 silly packumentCache full:https://registry.npmjs.org/util-deprecate set size:undefined disposed:false
639 http fetch GET 200 https://registry.npmjs.org/source-map-js 89ms (cache miss)
640 silly packumentCache full:https://registry.npmjs.org/source-map-js set size:undefined disposed:false
641 http cache https://registry.npmjs.org/json5 36ms (cache hit)
642 silly packumentCache full:https://registry.npmjs.org/json5 set size:86136 disposed:false
643 http fetch GET 200 https://registry.npmjs.org/sisteransi 78ms (cache miss)
644 silly packumentCache full:https://registry.npmjs.org/sisteransi set size:undefined disposed:false
645 http fetch GET 200 https://registry.npmjs.org/systeminformation 572ms (cache miss)
646 silly packumentCache full:https://registry.npmjs.org/systeminformation set size:undefined disposed:false
647 http fetch GET 200 https://registry.npmjs.org/is-obj 85ms (cache miss)
648 silly packumentCache full:https://registry.npmjs.org/is-obj set size:undefined disposed:false
649 http fetch GET 200 https://registry.npmjs.org/nanoid 151ms (cache miss)
650 silly packumentCache full:https://registry.npmjs.org/nanoid set size:undefined disposed:false
651 http fetch GET 200 https://registry.npmjs.org/is-regexp 92ms (cache miss)
652 silly packumentCache full:https://registry.npmjs.org/is-regexp set size:undefined disposed:false
653 http fetch GET 200 https://registry.npmjs.org/tiny-invariant 105ms (cache miss)
654 silly packumentCache full:https://registry.npmjs.org/tiny-invariant set size:undefined disposed:false
655 http fetch GET 200 https://registry.npmjs.org/tslib 106ms (cache miss)
656 silly packumentCache full:https://registry.npmjs.org/tslib set size:undefined disposed:false
657 http fetch GET 200 https://registry.npmjs.org/esprima 113ms (cache miss)
658 silly packumentCache full:https://registry.npmjs.org/esprima set size:undefined disposed:false
659 http fetch GET 200 https://registry.npmjs.org/source-map 116ms (cache miss)
660 silly packumentCache full:https://registry.npmjs.org/source-map set size:undefined disposed:false
661 http fetch GET 200 https://registry.npmjs.org/strip-bom 83ms (cache miss)
662 silly packumentCache full:https://registry.npmjs.org/strip-bom set size:undefined disposed:false
663 http fetch GET 200 https://registry.npmjs.org/minimist 95ms (cache miss)
664 silly packumentCache full:https://registry.npmjs.org/minimist set size:undefined disposed:false
665 http fetch GET 200 https://registry.npmjs.org/code-block-writer 101ms (cache miss)
666 silly packumentCache full:https://registry.npmjs.org/code-block-writer set size:undefined disposed:false
667 http fetch GET 200 https://registry.npmjs.org/ast-types 132ms (cache miss)
668 silly packumentCache full:https://registry.npmjs.org/ast-types set size:undefined disposed:false
669 http fetch GET 200 https://registry.npmjs.org/@ts-morph%2fcommon 113ms (cache miss)
670 silly packumentCache full:https://registry.npmjs.org/@ts-morph%2fcommon set size:undefined disposed:false
671 http fetch GET 200 https://registry.npmjs.org/get-own-enumerable-keys 123ms (cache miss)
672 silly packumentCache full:https://registry.npmjs.org/get-own-enumerable-keys set size:undefined disposed:false
673 http fetch GET 200 https://registry.npmjs.org/caniuse-lite 477ms (cache miss)
674 silly packumentCache full:https://registry.npmjs.org/caniuse-lite set size:undefined disposed:false
675 http fetch GET 200 https://registry.npmjs.org/electron-to-chromium 510ms (cache miss)
676 silly packumentCache full:https://registry.npmjs.org/electron-to-chromium set size:undefined disposed:false
677 http fetch GET 200 https://registry.npmjs.org/hono 678ms (cache miss)
678 silly packumentCache full:https://registry.npmjs.org/hono set size:undefined disposed:false
679 silly fetch manifest @babel/core@^7.0.0
680 silly packumentCache full:https://registry.npmjs.org/@babel%2fcore cache-miss
681 http cache https://registry.npmjs.org/@babel%2fcore 19ms (cache hit)
682 silly packumentCache full:https://registry.npmjs.org/@babel%2fcore set size:788273 disposed:false
683 silly placeDep ROOT @babel/code-frame@7.29.7 OK for: @babel/core@7.29.7 want: ^7.29.7
684 silly placeDep ROOT @babel/generator@7.29.7 OK for: @babel/core@7.29.7 want: ^7.29.7
685 silly placeDep ROOT @babel/helper-compilation-targets@7.29.7 OK for: @babel/core@7.29.7 want: ^7.29.7
686 silly placeDep ROOT @babel/helper-module-transforms@7.29.7 OK for: @babel/core@7.29.7 want: ^7.29.7
687 silly placeDep ROOT @babel/helpers@7.29.7 OK for: @babel/core@7.29.7 want: ^7.29.7
688 silly placeDep ROOT @babel/template@7.29.7 OK for: @babel/core@7.29.7 want: ^7.29.7
689 silly placeDep ROOT @babel/traverse@7.29.7 OK for: @babel/core@7.29.7 want: ^7.29.7
690 silly placeDep ROOT @babel/types@7.29.7 OK for: @babel/core@7.29.7 want: ^7.29.7
691 silly placeDep ROOT @jridgewell/remapping@2.3.5 OK for: @babel/core@7.29.7 want: ^2.3.5
692 silly placeDep ROOT convert-source-map@2.0.0 OK for: @babel/core@7.29.7 want: ^2.0.0
693 silly placeDep ROOT debug@4.4.3 OK for: @babel/core@7.29.7 want: ^4.1.0
694 silly placeDep ROOT gensync@1.0.0-beta.2 OK for: @babel/core@7.29.7 want: ^1.0.0-beta.2
695 silly placeDep ROOT json5@2.2.3 OK for: @babel/core@7.29.7 want: ^2.2.3
696 silly placeDep ROOT semver@6.3.1 OK for: @babel/core@7.29.7 want: ^6.3.1
697 silly fetch manifest js-tokens@^4.0.0
698 silly packumentCache full:https://registry.npmjs.org/js-tokens cache-miss
699 silly fetch manifest @babel/helper-validator-identifier@^7.29.7
700 silly packumentCache full:https://registry.npmjs.org/@babel%2fhelper-validator-identifier cache-miss
701 silly fetch manifest jsesc@^3.0.2
702 silly packumentCache full:https://registry.npmjs.org/jsesc cache-miss
703 silly fetch manifest @jridgewell/gen-mapping@^0.3.12
704 silly packumentCache full:https://registry.npmjs.org/@jridgewell%2fgen-mapping cache-miss
705 silly fetch manifest @jridgewell/trace-mapping@^0.3.28
706 silly packumentCache full:https://registry.npmjs.org/@jridgewell%2ftrace-mapping cache-miss
707 silly fetch manifest lru-cache@^5.1.1
708 silly packumentCache full:https://registry.npmjs.org/lru-cache cache-miss
709 silly fetch manifest @babel/compat-data@^7.29.7
710 silly packumentCache full:https://registry.npmjs.org/@babel%2fcompat-data cache-miss
711 silly fetch manifest @babel/helper-module-imports@^7.29.7
712 silly packumentCache full:https://registry.npmjs.org/@babel%2fhelper-module-imports cache-miss
713 silly fetch manifest @babel/helper-validator-identifier@^7.29.7
714 silly packumentCache full:https://registry.npmjs.org/@babel%2fhelper-validator-identifier cache-miss
715 silly fetch manifest debug@^4.3.1
716 silly packumentCache full:https://registry.npmjs.org/debug cache-miss
717 silly fetch manifest @babel/helper-globals@^7.29.7
718 silly packumentCache full:https://registry.npmjs.org/@babel%2fhelper-globals cache-miss
719 silly fetch manifest @babel/helper-string-parser@^7.29.7
720 silly packumentCache full:https://registry.npmjs.org/@babel%2fhelper-string-parser cache-miss
721 silly fetch manifest @babel/helper-validator-identifier@^7.29.7
722 silly packumentCache full:https://registry.npmjs.org/@babel%2fhelper-validator-identifier cache-miss
723 silly fetch manifest @jridgewell/gen-mapping@^0.3.5
724 silly packumentCache full:https://registry.npmjs.org/@jridgewell%2fgen-mapping cache-miss
725 silly fetch manifest @jridgewell/trace-mapping@^0.3.24
726 silly packumentCache full:https://registry.npmjs.org/@jridgewell%2ftrace-mapping cache-miss
727 silly fetch manifest ms@^2.1.3
728 silly packumentCache full:https://registry.npmjs.org/ms cache-miss
729 http cache https://registry.npmjs.org/debug 18ms (cache hit)
730 silly packumentCache full:https://registry.npmjs.org/debug set size:195840 disposed:false
731 http fetch GET 200 https://registry.npmjs.org/js-tokens 57ms (cache miss)
732 silly packumentCache full:https://registry.npmjs.org/js-tokens set size:undefined disposed:false
733 http fetch GET 200 https://registry.npmjs.org/jsesc 64ms (cache miss)
734 silly packumentCache full:https://registry.npmjs.org/jsesc set size:undefined disposed:false
735 http fetch GET 200 https://registry.npmjs.org/@babel%2fhelper-validator-identifier 74ms (cache miss)
736 silly packumentCache full:https://registry.npmjs.org/@babel%2fhelper-validator-identifier set size:undefined disposed:false
737 http fetch GET 200 https://registry.npmjs.org/@jridgewell%2fgen-mapping 76ms (cache miss)
738 silly packumentCache full:https://registry.npmjs.org/@jridgewell%2fgen-mapping set size:undefined disposed:false
739 http fetch GET 200 https://registry.npmjs.org/@jridgewell%2fgen-mapping 81ms (cache miss)
740 silly packumentCache full:https://registry.npmjs.org/@jridgewell%2fgen-mapping set size:undefined disposed:false
741 http fetch GET 200 https://registry.npmjs.org/@babel%2fhelper-globals 84ms (cache miss)
742 silly packumentCache full:https://registry.npmjs.org/@babel%2fhelper-globals set size:undefined disposed:false
743 http fetch GET 200 https://registry.npmjs.org/@babel%2fhelper-validator-identifier 85ms (cache miss)
744 silly packumentCache full:https://registry.npmjs.org/@babel%2fhelper-validator-identifier set size:undefined disposed:false
745 http fetch GET 200 https://registry.npmjs.org/@babel%2fhelper-validator-identifier 88ms (cache miss)
746 silly packumentCache full:https://registry.npmjs.org/@babel%2fhelper-validator-identifier set size:undefined disposed:false
747 http fetch GET 200 https://registry.npmjs.org/ms 85ms (cache miss)
748 silly packumentCache full:https://registry.npmjs.org/ms set size:undefined disposed:false
749 http fetch GET 200 https://registry.npmjs.org/@babel%2fhelper-string-parser 91ms (cache miss)
750 silly packumentCache full:https://registry.npmjs.org/@babel%2fhelper-string-parser set size:undefined disposed:false
751 http fetch GET 200 https://registry.npmjs.org/@jridgewell%2ftrace-mapping 90ms (cache miss)
752 silly packumentCache full:https://registry.npmjs.org/@jridgewell%2ftrace-mapping set size:undefined disposed:false
753 http fetch GET 200 https://registry.npmjs.org/@jridgewell%2ftrace-mapping 99ms (cache miss)
754 silly packumentCache full:https://registry.npmjs.org/@jridgewell%2ftrace-mapping set size:undefined disposed:false
755 http fetch GET 200 https://registry.npmjs.org/@babel%2fhelper-module-imports 101ms (cache miss)
756 silly packumentCache full:https://registry.npmjs.org/@babel%2fhelper-module-imports set size:undefined disposed:false
757 http fetch GET 200 https://registry.npmjs.org/@babel%2fcompat-data 104ms (cache miss)
758 silly packumentCache full:https://registry.npmjs.org/@babel%2fcompat-data set size:undefined disposed:false
759 http fetch GET 200 https://registry.npmjs.org/lru-cache 109ms (cache miss)
760 silly packumentCache full:https://registry.npmjs.org/lru-cache set size:undefined disposed:false
761 silly placeDep ROOT @babel/helper-validator-identifier@7.29.7 OK for: @babel/code-frame@7.29.7 want: ^7.29.7
762 silly placeDep ROOT js-tokens@4.0.0 OK for: @babel/code-frame@7.29.7 want: ^4.0.0
763 silly placeDep ROOT picocolors@1.1.1 OK for: @babel/code-frame@7.29.7 want: ^1.1.1
764 silly placeDep ROOT @jridgewell/gen-mapping@0.3.13 OK for: @babel/generator@7.29.7 want: ^0.3.12
765 silly placeDep ROOT @jridgewell/trace-mapping@0.3.31 OK for: @babel/generator@7.29.7 want: ^0.3.28
766 silly placeDep ROOT jsesc@3.1.0 OK for: @babel/generator@7.29.7 want: ^3.0.2
767 silly fetch manifest @jridgewell/sourcemap-codec@^1.5.0
768 silly packumentCache full:https://registry.npmjs.org/@jridgewell%2fsourcemap-codec cache-miss
769 silly fetch manifest @jridgewell/resolve-uri@^3.1.0
770 silly packumentCache full:https://registry.npmjs.org/@jridgewell%2fresolve-uri cache-miss
771 silly fetch manifest @jridgewell/sourcemap-codec@^1.4.14
772 silly packumentCache full:https://registry.npmjs.org/@jridgewell%2fsourcemap-codec cache-miss
773 http fetch GET 200 https://registry.npmjs.org/@jridgewell%2fsourcemap-codec 45ms (cache miss)
774 silly packumentCache full:https://registry.npmjs.org/@jridgewell%2fsourcemap-codec set size:undefined disposed:false
775 http fetch GET 200 https://registry.npmjs.org/@jridgewell%2fsourcemap-codec 46ms (cache miss)
776 silly packumentCache full:https://registry.npmjs.org/@jridgewell%2fsourcemap-codec set size:undefined disposed:false
777 http fetch GET 200 https://registry.npmjs.org/@jridgewell%2fresolve-uri 51ms (cache miss)
778 silly packumentCache full:https://registry.npmjs.org/@jridgewell%2fresolve-uri set size:undefined disposed:false
779 silly placeDep ROOT @babel/compat-data@7.29.7 OK for: @babel/helper-compilation-targets@7.29.7 want: ^7.29.7
780 silly placeDep ROOT @babel/helper-validator-option@7.29.7 OK for: @babel/helper-compilation-targets@7.29.7 want: ^7.29.7
781 silly placeDep ROOT lru-cache@5.1.1 OK for: @babel/helper-compilation-targets@7.29.7 want: ^5.1.1
782 silly fetch manifest yallist@^3.0.2
783 silly packumentCache full:https://registry.npmjs.org/yallist cache-miss
784 http fetch GET 200 https://registry.npmjs.org/yallist 34ms (cache miss)
785 silly packumentCache full:https://registry.npmjs.org/yallist set size:undefined disposed:false
786 silly placeDep ROOT @babel/helper-module-imports@7.29.7 OK for: @babel/helper-module-transforms@7.29.7 want: ^7.29.7
787 silly fetch manifest @babel/core@^7.0.0-0
788 silly packumentCache full:https://registry.npmjs.org/@babel%2fcore cache-hit
789 silly placeDep ROOT @babel/helper-annotate-as-pure@7.29.7 OK for: @babel/plugin-transform-typescript@7.29.7 want: ^7.29.7
790 silly placeDep ROOT @babel/helper-create-class-features-plugin@7.29.7 OK for: @babel/plugin-transform-typescript@7.29.7 want: ^7.29.7
791 silly placeDep ROOT @babel/helper-plugin-utils@7.29.7 OK for: @babel/plugin-transform-typescript@7.29.7 want: ^7.29.7
792 silly placeDep ROOT @babel/helper-skip-transparent-expression-wrappers@7.29.7 OK for: @babel/plugin-transform-typescript@7.29.7 want: ^7.29.7
793 silly placeDep ROOT @babel/plugin-syntax-typescript@7.29.7 OK for: @babel/plugin-transform-typescript@7.29.7 want: ^7.29.7
794 silly fetch manifest @babel/helper-replace-supers@^7.29.7
795 silly packumentCache full:https://registry.npmjs.org/@babel%2fhelper-replace-supers cache-miss
796 silly fetch manifest @babel/helper-optimise-call-expression@^7.29.7
797 silly packumentCache full:https://registry.npmjs.org/@babel%2fhelper-optimise-call-expression cache-miss
798 silly fetch manifest @babel/helper-member-expression-to-functions@^7.29.7
799 silly packumentCache full:https://registry.npmjs.org/@babel%2fhelper-member-expression-to-functions cache-miss
800 http fetch GET 200 https://registry.npmjs.org/@babel%2fhelper-member-expression-to-functions 50ms (cache miss)
801 silly packumentCache full:https://registry.npmjs.org/@babel%2fhelper-member-expression-to-functions set size:undefined disposed:false
802 http fetch GET 200 https://registry.npmjs.org/@babel%2fhelper-optimise-call-expression 53ms (cache miss)
803 silly packumentCache full:https://registry.npmjs.org/@babel%2fhelper-optimise-call-expression set size:undefined disposed:false
804 http fetch GET 200 https://registry.npmjs.org/@babel%2fhelper-replace-supers 56ms (cache miss)
805 silly packumentCache full:https://registry.npmjs.org/@babel%2fhelper-replace-supers set size:undefined disposed:false
806 silly placeDep ROOT @babel/helper-member-expression-to-functions@7.29.7 OK for: @babel/helper-create-class-features-plugin@7.29.7 want: ^7.29.7
807 silly placeDep ROOT @babel/helper-optimise-call-expression@7.29.7 OK for: @babel/helper-create-class-features-plugin@7.29.7 want: ^7.29.7
808 silly placeDep ROOT @babel/helper-replace-supers@7.29.7 OK for: @babel/helper-create-class-features-plugin@7.29.7 want: ^7.29.7
809 silly placeDep ROOT @babel/plugin-syntax-jsx@7.29.7 OK for: @babel/preset-typescript@7.29.7 want: ^7.29.7
810 silly placeDep ROOT @babel/plugin-transform-modules-commonjs@7.29.7 OK for: @babel/preset-typescript@7.29.7 want: ^7.29.7
811 silly placeDep ROOT @babel/helper-globals@7.29.7 OK for: @babel/traverse@7.29.7 want: ^7.29.7
812 silly placeDep ROOT @babel/helper-string-parser@7.29.7 OK for: @babel/types@7.29.7 want: ^7.29.7
813 silly placeDep ROOT @dotenvx/primitives@0.8.0 OK for: @dotenvx/dotenvx@1.75.1 want: ^0.8.0
814 silly placeDep node_modules/@dotenvx/dotenvx commander@11.1.0 OK for: @dotenvx/dotenvx@1.75.1 want: ^11.1.0
815 silly placeDep ROOT conf@10.2.0 OK for: @dotenvx/dotenvx@1.75.1 want: ^10.2.0
816 silly placeDep ROOT dotenv@17.4.2 OK for: @dotenvx/dotenvx@1.75.1 want: ^17.2.1
817 silly placeDep ROOT enquirer@2.4.1 OK for: @dotenvx/dotenvx@1.75.1 want: ^2.4.1
818 silly placeDep ROOT env-paths@2.2.1 OK for: @dotenvx/dotenvx@1.75.1 want: ^2.2.1
819 silly placeDep node_modules/@dotenvx/dotenvx execa@5.1.1 OK for: @dotenvx/dotenvx@1.75.1 want: ^5.1.1
820 silly placeDep ROOT fdir@6.5.0 OK for: @dotenvx/dotenvx@1.75.1 want: ^6.2.0
821 silly placeDep ROOT ignore@5.3.2 OK for: @dotenvx/dotenvx@1.75.1 want: ^5.3.0
822 silly placeDep ROOT object-treeify@1.1.33 OK for: @dotenvx/dotenvx@1.75.1 want: 1.1.33
823 silly placeDep node_modules/@dotenvx/dotenvx open@8.4.2 OK for: @dotenvx/dotenvx@1.75.1 want: ^8.4.2
824 silly placeDep ROOT picomatch@4.0.5 OK for: @dotenvx/dotenvx@1.75.1 want: ^4.0.4
825 silly placeDep ROOT systeminformation@5.33.1 OK for: @dotenvx/dotenvx@1.75.1 want: ^5.22.11
826 silly placeDep ROOT which@4.0.0 OK for: @dotenvx/dotenvx@1.75.1 want: ^4.0.0
827 silly placeDep ROOT yocto-spinner@1.2.2 OK for: @dotenvx/dotenvx@1.75.1 want: ^1.1.0
828 silly fetch manifest ajv@^8.6.3
829 silly packumentCache full:https://registry.npmjs.org/ajv cache-miss
830 silly fetch manifest pkg-up@^3.1.0
831 silly packumentCache full:https://registry.npmjs.org/pkg-up cache-miss
832 silly fetch manifest semver@^7.3.5
833 silly packumentCache full:https://registry.npmjs.org/semver cache-miss
834 silly fetch manifest onetime@^5.1.2
835 silly packumentCache full:https://registry.npmjs.org/onetime cache-miss
836 silly fetch manifest dot-prop@^6.0.1
837 silly packumentCache full:https://registry.npmjs.org/dot-prop cache-miss
838 silly fetch manifest atomically@^1.7.0
839 silly packumentCache full:https://registry.npmjs.org/atomically cache-miss
840 silly fetch manifest ajv-formats@^2.1.1
841 silly packumentCache full:https://registry.npmjs.org/ajv-formats cache-miss
842 silly fetch manifest debounce-fn@^4.0.0
843 silly packumentCache full:https://registry.npmjs.org/debounce-fn cache-miss
844 silly fetch manifest json-schema-typed@^7.0.3
845 silly packumentCache full:https://registry.npmjs.org/json-schema-typed cache-miss
846 silly fetch manifest ansi-colors@^4.1.1
847 silly packumentCache full:https://registry.npmjs.org/ansi-colors cache-miss
848 silly fetch manifest strip-ansi@^6.0.1
849 silly packumentCache full:https://registry.npmjs.org/strip-ansi cache-miss
850 silly fetch manifest onetime@^5.1.2
851 silly packumentCache full:https://registry.npmjs.org/onetime cache-miss
852 silly fetch manifest is-stream@^2.0.0
853 silly packumentCache full:https://registry.npmjs.org/is-stream cache-miss
854 silly fetch manifest get-stream@^6.0.0
855 silly packumentCache full:https://registry.npmjs.org/get-stream cache-miss
856 silly fetch manifest cross-spawn@^7.0.3
857 silly packumentCache full:https://registry.npmjs.org/cross-spawn cache-hit
858 silly fetch manifest signal-exit@^3.0.3
859 silly packumentCache full:https://registry.npmjs.org/signal-exit cache-miss
860 silly fetch manifest merge-stream@^2.0.0
861 silly packumentCache full:https://registry.npmjs.org/merge-stream cache-miss
862 silly fetch manifest npm-run-path@^4.0.1
863 silly packumentCache full:https://registry.npmjs.org/npm-run-path cache-miss
864 silly fetch manifest human-signals@^2.1.0
865 silly packumentCache full:https://registry.npmjs.org/human-signals cache-miss
866 silly fetch manifest strip-final-newline@^2.0.0
867 silly packumentCache full:https://registry.npmjs.org/strip-final-newline cache-miss
868 silly fetch manifest is-wsl@^2.2.0
869 silly packumentCache full:https://registry.npmjs.org/is-wsl cache-miss
870 silly fetch manifest is-docker@^2.1.1
871 silly packumentCache full:https://registry.npmjs.org/is-docker cache-miss
872 silly fetch manifest define-lazy-prop@^2.0.0
873 silly packumentCache full:https://registry.npmjs.org/define-lazy-prop cache-miss
874 silly fetch manifest isexe@^3.1.1
875 silly packumentCache full:https://registry.npmjs.org/isexe cache-miss
876 http cache https://registry.npmjs.org/get-stream 30ms (cache hit)
877 silly packumentCache full:https://registry.npmjs.org/get-stream set size:57536 disposed:false
878 http cache https://registry.npmjs.org/ajv 39ms (cache hit)
879 silly packumentCache full:https://registry.npmjs.org/ajv set size:1142658 disposed:false
880 http cache https://registry.npmjs.org/ajv-formats 44ms (cache hit)
881 silly packumentCache full:https://registry.npmjs.org/ajv-formats set size:141264 disposed:false
882 http cache https://registry.npmjs.org/signal-exit 44ms (cache hit)
883 silly packumentCache full:https://registry.npmjs.org/signal-exit set size:53489 disposed:false
884 http cache https://registry.npmjs.org/semver 49ms (cache hit)
885 silly packumentCache full:https://registry.npmjs.org/semver set size:246069 disposed:false
886 http cache https://registry.npmjs.org/is-stream 49ms (cache hit)
887 silly packumentCache full:https://registry.npmjs.org/is-stream set size:18582 disposed:false
888 http cache https://registry.npmjs.org/json-schema-typed 51ms (cache hit)
889 silly packumentCache full:https://registry.npmjs.org/json-schema-typed set size:26165 disposed:false
890 http cache https://registry.npmjs.org/npm-run-path 49ms (cache hit)
891 silly packumentCache full:https://registry.npmjs.org/npm-run-path set size:33596 disposed:false
892 http cache https://registry.npmjs.org/strip-ansi 57ms (cache hit)
893 silly packumentCache full:https://registry.npmjs.org/strip-ansi set size:44998 disposed:false
894 http cache https://registry.npmjs.org/human-signals 56ms (cache hit)
895 silly packumentCache full:https://registry.npmjs.org/human-signals set size:47322 disposed:false
896 http cache https://registry.npmjs.org/define-lazy-prop 53ms (cache hit)
897 silly packumentCache full:https://registry.npmjs.org/define-lazy-prop set size:9337 disposed:false
898 http cache https://registry.npmjs.org/strip-final-newline 63ms (cache hit)
899 silly packumentCache full:https://registry.npmjs.org/strip-final-newline set size:9328 disposed:false
900 http fetch GET 200 https://registry.npmjs.org/onetime 80ms (cache miss)
901 silly packumentCache full:https://registry.npmjs.org/onetime set size:undefined disposed:false
902 http fetch GET 200 https://registry.npmjs.org/pkg-up 81ms (cache miss)
903 silly packumentCache full:https://registry.npmjs.org/pkg-up set size:undefined disposed:false
904 http fetch GET 200 https://registry.npmjs.org/isexe 74ms (cache miss)
905 silly packumentCache full:https://registry.npmjs.org/isexe set size:undefined disposed:false
906 http fetch GET 200 https://registry.npmjs.org/onetime 82ms (cache miss)
907 silly packumentCache full:https://registry.npmjs.org/onetime set size:undefined disposed:false
908 http fetch GET 200 https://registry.npmjs.org/debounce-fn 83ms (cache miss)
909 silly packumentCache full:https://registry.npmjs.org/debounce-fn set size:undefined disposed:false
910 http fetch GET 200 https://registry.npmjs.org/is-docker 81ms (cache miss)
911 silly packumentCache full:https://registry.npmjs.org/is-docker set size:undefined disposed:false
912 http fetch GET 200 https://registry.npmjs.org/merge-stream 83ms (cache miss)
913 silly packumentCache full:https://registry.npmjs.org/merge-stream set size:undefined disposed:false
914 http fetch GET 200 https://registry.npmjs.org/is-wsl 85ms (cache miss)
915 silly packumentCache full:https://registry.npmjs.org/is-wsl set size:undefined disposed:false
916 http fetch GET 200 https://registry.npmjs.org/atomically 90ms (cache miss)
917 silly packumentCache full:https://registry.npmjs.org/atomically set size:undefined disposed:false
918 http fetch GET 200 https://registry.npmjs.org/ansi-colors 90ms (cache miss)
919 silly packumentCache full:https://registry.npmjs.org/ansi-colors set size:undefined disposed:false
920 http fetch GET 200 https://registry.npmjs.org/dot-prop 94ms (cache miss)
921 silly packumentCache full:https://registry.npmjs.org/dot-prop set size:undefined disposed:false
922 silly placeDep ROOT @jridgewell/sourcemap-codec@1.5.5 OK for: @jridgewell/gen-mapping@0.3.13 want: ^1.5.0
923 silly placeDep ROOT @jridgewell/resolve-uri@3.1.2 OK for: @jridgewell/trace-mapping@0.3.31 want: ^3.1.0
924 silly placeDep ROOT @hono/node-server@1.19.15 OK for: @modelcontextprotocol/sdk@1.29.0 want: ^1.19.9
925 silly placeDep ROOT hono@4.12.31 OK for: @hono/node-server@1.19.15 want: ^4
926 silly placeDep ROOT ajv@8.20.0 OK for: @modelcontextprotocol/sdk@1.29.0 want: ^8.17.1
927 silly placeDep ROOT ajv-formats@3.0.1 OK for: @modelcontextprotocol/sdk@1.29.0 want: ^3.0.1
928 silly placeDep ROOT content-type@1.0.5 OK for: @modelcontextprotocol/sdk@1.29.0 want: ^1.0.5
929 silly placeDep ROOT cors@2.8.6 OK for: @modelcontextprotocol/sdk@1.29.0 want: ^2.8.5
930 silly placeDep ROOT cross-spawn@7.0.6 OK for: @modelcontextprotocol/sdk@1.29.0 want: ^7.0.5
931 silly placeDep ROOT eventsource@3.0.7 OK for: @modelcontextprotocol/sdk@1.29.0 want: ^3.0.2
932 silly placeDep ROOT eventsource-parser@3.1.0 OK for: @modelcontextprotocol/sdk@1.29.0 want: ^3.0.0
933 silly placeDep ROOT express@5.2.1 OK for: @modelcontextprotocol/sdk@1.29.0 want: ^5.2.1
934 silly placeDep ROOT express-rate-limit@8.6.0 OK for: @modelcontextprotocol/sdk@1.29.0 want: ^8.2.1
935 silly placeDep ROOT jose@6.2.4 OK for: @modelcontextprotocol/sdk@1.29.0 want: ^6.1.3
936 silly placeDep ROOT json-schema-typed@8.0.2 OK for: @modelcontextprotocol/sdk@1.29.0 want: ^8.0.2
937 silly placeDep ROOT pkce-challenge@5.0.1 OK for: @modelcontextprotocol/sdk@1.29.0 want: ^5.0.0
938 silly placeDep ROOT raw-body@3.0.2 OK for: @modelcontextprotocol/sdk@1.29.0 want: ^3.0.0
939 silly fetch manifest fast-deep-equal@^3.1.3
940 silly packumentCache full:https://registry.npmjs.org/fast-deep-equal cache-miss
941 silly fetch manifest fast-uri@^3.0.1
942 silly packumentCache full:https://registry.npmjs.org/fast-uri cache-miss
943 silly fetch manifest json-schema-traverse@^1.0.0
944 silly packumentCache full:https://registry.npmjs.org/json-schema-traverse cache-miss
945 silly fetch manifest require-from-string@^2.0.2
946 silly packumentCache full:https://registry.npmjs.org/require-from-string cache-miss
947 silly fetch manifest object-assign@^4
948 silly packumentCache full:https://registry.npmjs.org/object-assign cache-miss
949 silly fetch manifest vary@^1
950 silly packumentCache full:https://registry.npmjs.org/vary cache-miss
951 silly fetch manifest which@^2.0.1
952 silly packumentCache full:https://registry.npmjs.org/which cache-miss
953 silly fetch manifest path-key@^3.1.0
954 silly packumentCache full:https://registry.npmjs.org/path-key cache-miss
955 silly fetch manifest shebang-command@^2.0.0
956 silly packumentCache full:https://registry.npmjs.org/shebang-command cache-miss
957 silly fetch manifest eventsource-parser@^3.0.1
958 silly packumentCache full:https://registry.npmjs.org/eventsource-parser cache-miss
959 silly fetch manifest qs@^6.14.0
960 silly packumentCache full:https://registry.npmjs.org/qs cache-miss
961 silly fetch manifest depd@^2.0.0
962 silly packumentCache full:https://registry.npmjs.org/depd cache-miss
963 silly fetch manifest etag@^1.8.1
964 silly packumentCache full:https://registry.npmjs.org/etag cache-miss
965 silly fetch manifest once@^1.4.0
966 silly packumentCache full:https://registry.npmjs.org/once cache-miss
967 silly fetch manifest send@^1.1.0
968 silly packumentCache full:https://registry.npmjs.org/send cache-miss
969 silly fetch manifest vary@^1.1.2
970 silly packumentCache full:https://registry.npmjs.org/vary cache-miss
971 silly fetch manifest fresh@^2.0.0
972 silly packumentCache full:https://registry.npmjs.org/fresh cache-miss
973 silly fetch manifest cookie@^0.7.1
974 silly packumentCache full:https://registry.npmjs.org/cookie cache-miss
975 silly fetch manifest router@^2.2.0
976 silly packumentCache full:https://registry.npmjs.org/router cache-miss
977 silly fetch manifest accepts@^2.0.0
978 silly packumentCache full:https://registry.npmjs.org/accepts cache-miss
979 silly fetch manifest type-is@^2.0.1
980 silly packumentCache full:https://registry.npmjs.org/type-is cache-miss
981 silly fetch manifest parseurl@^1.3.3
982 silly packumentCache full:https://registry.npmjs.org/parseurl cache-miss
983 silly fetch manifest statuses@^2.0.1
984 silly packumentCache full:https://registry.npmjs.org/statuses cache-miss
985 http cache https://registry.npmjs.org/eventsource-parser 29ms (cache hit)
986 silly packumentCache full:https://registry.npmjs.org/eventsource-parser set size:78018 disposed:false
987 silly fetch manifest encodeurl@^2.0.0
988 silly packumentCache full:https://registry.npmjs.org/encodeurl cache-miss
989 http cache https://registry.npmjs.org/which 32ms (cache hit)
990 silly packumentCache full:https://registry.npmjs.org/which set size:70087 disposed:false
991 silly fetch manifest mime-types@^3.0.0
992 silly packumentCache full:https://registry.npmjs.org/mime-types cache-miss
993 http fetch GET 200 https://registry.npmjs.org/vary 73ms (cache miss)
994 silly packumentCache full:https://registry.npmjs.org/vary set size:undefined disposed:false
995 silly fetch manifest proxy-addr@^2.0.7
996 silly packumentCache full:https://registry.npmjs.org/proxy-addr cache-miss
997 http fetch GET 200 https://registry.npmjs.org/path-key 74ms (cache miss)
998 silly packumentCache full:https://registry.npmjs.org/path-key set size:undefined disposed:false
999 silly fetch manifest body-parser@^2.2.1
1000 silly packumentCache full:https://registry.npmjs.org/body-parser cache-miss
1001 http fetch GET 200 https://registry.npmjs.org/object-assign 82ms (cache miss)
1002 silly packumentCache full:https://registry.npmjs.org/object-assign set size:undefined disposed:false
1003 silly fetch manifest escape-html@^1.0.3
1004 silly packumentCache full:https://registry.npmjs.org/escape-html cache-miss
1005 http fetch GET 200 https://registry.npmjs.org/vary 81ms (cache miss)
1006 silly packumentCache full:https://registry.npmjs.org/vary set size:undefined disposed:false
1007 silly fetch manifest http-errors@^2.0.0
1008 silly packumentCache full:https://registry.npmjs.org/http-errors cache-miss
1009 http fetch GET 200 https://registry.npmjs.org/fresh 81ms (cache miss)
1010 silly packumentCache full:https://registry.npmjs.org/fresh set size:undefined disposed:false
1011 silly fetch manifest on-finished@^2.4.1
1012 silly packumentCache full:https://registry.npmjs.org/on-finished cache-miss
1013 http fetch GET 200 https://registry.npmjs.org/require-from-string 90ms (cache miss)
1014 silly packumentCache full:https://registry.npmjs.org/require-from-string set size:undefined disposed:false
1015 silly fetch manifest finalhandler@^2.1.0
1016 silly packumentCache full:https://registry.npmjs.org/finalhandler cache-miss
1017 http fetch GET 200 https://registry.npmjs.org/json-schema-traverse 95ms (cache miss)
1018 silly packumentCache full:https://registry.npmjs.org/json-schema-traverse set size:undefined disposed:false
1019 silly fetch manifest range-parser@^1.2.1
1020 silly packumentCache full:https://registry.npmjs.org/range-parser cache-miss
1021 http fetch GET 200 https://registry.npmjs.org/fast-deep-equal 98ms (cache miss)
1022 silly packumentCache full:https://registry.npmjs.org/fast-deep-equal set size:undefined disposed:false
1023 silly fetch manifest serve-static@^2.2.0
1024 silly packumentCache full:https://registry.npmjs.org/serve-static cache-miss
1025 http fetch GET 200 https://registry.npmjs.org/etag 95ms (cache miss)
1026 silly packumentCache full:https://registry.npmjs.org/etag set size:undefined disposed:false
1027 silly fetch manifest cookie-signature@^1.2.1
1028 silly packumentCache full:https://registry.npmjs.org/cookie-signature cache-miss
1029 http fetch GET 200 https://registry.npmjs.org/shebang-command 97ms (cache miss)
1030 silly packumentCache full:https://registry.npmjs.org/shebang-command set size:undefined disposed:false
1031 silly fetch manifest merge-descriptors@^2.0.0
1032 silly packumentCache full:https://registry.npmjs.org/merge-descriptors cache-miss
1033 http fetch GET 200 https://registry.npmjs.org/depd 101ms (cache miss)
1034 silly packumentCache full:https://registry.npmjs.org/depd set size:undefined disposed:false
1035 silly fetch manifest content-disposition@^1.0.0
1036 silly packumentCache full:https://registry.npmjs.org/content-disposition cache-miss
1037 http fetch GET 200 https://registry.npmjs.org/fast-uri 106ms (cache miss)
1038 silly packumentCache full:https://registry.npmjs.org/fast-uri set size:undefined disposed:false
1039 silly fetch manifest ip-address@^10.2.0
1040 silly packumentCache full:https://registry.npmjs.org/ip-address cache-miss
1041 http fetch GET 200 https://registry.npmjs.org/once 107ms (cache miss)
1042 silly packumentCache full:https://registry.npmjs.org/once set size:undefined disposed:false
1043 silly fetch manifest bytes@~3.1.2
1044 silly packumentCache full:https://registry.npmjs.org/bytes cache-miss
1045 http fetch GET 200 https://registry.npmjs.org/send 118ms (cache miss)
1046 silly packumentCache full:https://registry.npmjs.org/send set size:undefined disposed:false
1047 silly fetch manifest unpipe@~1.0.0
1048 silly packumentCache full:https://registry.npmjs.org/unpipe cache-miss
1049 http fetch GET 200 https://registry.npmjs.org/encodeurl 99ms (cache miss)
1050 silly packumentCache full:https://registry.npmjs.org/encodeurl set size:undefined disposed:false
1051 silly fetch manifest iconv-lite@~0.7.0
1052 silly packumentCache full:https://registry.npmjs.org/iconv-lite cache-miss
1053 http fetch GET 200 https://registry.npmjs.org/parseurl 131ms (cache miss)
1054 silly packumentCache full:https://registry.npmjs.org/parseurl set size:undefined disposed:false
1055 silly fetch manifest http-errors@~2.0.1
1056 silly packumentCache full:https://registry.npmjs.org/http-errors cache-miss
1057 http fetch GET 200 https://registry.npmjs.org/router 140ms (cache miss)
1058 silly packumentCache full:https://registry.npmjs.org/router set size:undefined disposed:false
1059 http fetch GET 200 https://registry.npmjs.org/statuses 143ms (cache miss)
1060 silly packumentCache full:https://registry.npmjs.org/statuses set size:undefined disposed:false
1061 http fetch GET 200 https://registry.npmjs.org/type-is 147ms (cache miss)
1062 silly packumentCache full:https://registry.npmjs.org/type-is set size:undefined disposed:false
1063 http fetch GET 200 https://registry.npmjs.org/accepts 149ms (cache miss)
1064 silly packumentCache full:https://registry.npmjs.org/accepts set size:undefined disposed:false
1065 http fetch GET 200 https://registry.npmjs.org/cookie 153ms (cache miss)
1066 silly packumentCache full:https://registry.npmjs.org/cookie set size:undefined disposed:false
1067 http fetch GET 200 https://registry.npmjs.org/qs 159ms (cache miss)
1068 silly packumentCache full:https://registry.npmjs.org/qs set size:undefined disposed:false
1069 http fetch GET 200 https://registry.npmjs.org/mime-types 130ms (cache miss)
1070 silly packumentCache full:https://registry.npmjs.org/mime-types set size:undefined disposed:false
1071 http fetch GET 200 https://registry.npmjs.org/on-finished 83ms (cache miss)
1072 silly packumentCache full:https://registry.npmjs.org/on-finished set size:undefined disposed:false
1073 http fetch GET 200 https://registry.npmjs.org/proxy-addr 98ms (cache miss)
1074 silly packumentCache full:https://registry.npmjs.org/proxy-addr set size:undefined disposed:false
1075 http fetch GET 200 https://registry.npmjs.org/escape-html 90ms (cache miss)
1076 silly packumentCache full:https://registry.npmjs.org/escape-html set size:undefined disposed:false
1077 http fetch GET 200 https://registry.npmjs.org/cookie-signature 78ms (cache miss)
1078 silly packumentCache full:https://registry.npmjs.org/cookie-signature set size:undefined disposed:false
1079 http fetch GET 200 https://registry.npmjs.org/http-errors 94ms (cache miss)
1080 silly packumentCache full:https://registry.npmjs.org/http-errors set size:undefined disposed:false
1081 http fetch GET 200 https://registry.npmjs.org/body-parser 106ms (cache miss)
1082 silly packumentCache full:https://registry.npmjs.org/body-parser set size:undefined disposed:false
1083 http fetch GET 200 https://registry.npmjs.org/merge-descriptors 86ms (cache miss)
1084 silly packumentCache full:https://registry.npmjs.org/merge-descriptors set size:undefined disposed:false
1085 http fetch GET 200 https://registry.npmjs.org/content-disposition 81ms (cache miss)
1086 silly packumentCache full:https://registry.npmjs.org/content-disposition set size:undefined disposed:false
1087 http fetch GET 200 https://registry.npmjs.org/finalhandler 99ms (cache miss)
1088 silly packumentCache full:https://registry.npmjs.org/finalhandler set size:undefined disposed:false
1089 http fetch GET 200 https://registry.npmjs.org/unpipe 66ms (cache miss)
1090 silly packumentCache full:https://registry.npmjs.org/unpipe set size:undefined disposed:false
1091 http fetch GET 200 https://registry.npmjs.org/serve-static 125ms (cache miss)
1092 silly packumentCache full:https://registry.npmjs.org/serve-static set size:undefined disposed:false
1093 http fetch GET 200 https://registry.npmjs.org/bytes 114ms (cache miss)
1094 silly packumentCache full:https://registry.npmjs.org/bytes set size:undefined disposed:false
1095 http fetch GET 200 https://registry.npmjs.org/ip-address 120ms (cache miss)
1096 silly packumentCache full:https://registry.npmjs.org/ip-address set size:undefined disposed:false
1097 http fetch GET 200 https://registry.npmjs.org/http-errors 89ms (cache miss)
1098 silly packumentCache full:https://registry.npmjs.org/http-errors set size:undefined disposed:false
1099 http fetch GET 200 https://registry.npmjs.org/iconv-lite 98ms (cache miss)
1100 silly packumentCache full:https://registry.npmjs.org/iconv-lite set size:undefined disposed:false
1101 http fetch GET 200 https://registry.npmjs.org/range-parser 137ms (cache miss)
1102 silly packumentCache full:https://registry.npmjs.org/range-parser set size:undefined disposed:false
1103 silly placeDep ROOT fast-deep-equal@3.1.3 OK for: ajv@8.20.0 want: ^3.1.3
1104 silly placeDep ROOT fast-uri@3.1.4 OK for: ajv@8.20.0 want: ^3.0.1
1105 silly placeDep ROOT json-schema-traverse@1.0.0 OK for: ajv@8.20.0 want: ^1.0.0
1106 silly placeDep ROOT require-from-string@2.0.2 OK for: ajv@8.20.0 want: ^2.0.2
1107 silly fetch manifest browserslist@>= 4.21.0
1108 silly packumentCache full:https://registry.npmjs.org/browserslist cache-miss
1109 http cache https://registry.npmjs.org/browserslist 6ms (cache hit)
1110 silly packumentCache full:https://registry.npmjs.org/browserslist set size:516369 disposed:false
1111 silly placeDep ROOT baseline-browser-mapping@2.11.1 OK for: browserslist@4.28.7 want: ^2.10.44
1112 silly placeDep ROOT caniuse-lite@1.0.30001806 OK for: browserslist@4.28.7 want: ^1.0.30001806
1113 silly placeDep ROOT electron-to-chromium@1.5.396 OK for: browserslist@4.28.7 want: ^1.5.393
1114 silly placeDep ROOT node-releases@2.0.51 OK for: browserslist@4.28.7 want: ^2.0.51
1115 silly placeDep ROOT update-browserslist-db@1.2.3 OK for: browserslist@4.28.7 want: ^1.2.3
1116 silly fetch manifest escalade@^3.2.0
1117 silly packumentCache full:https://registry.npmjs.org/escalade cache-miss
1118 http fetch GET 200 https://registry.npmjs.org/escalade 34ms (cache miss)
1119 silly packumentCache full:https://registry.npmjs.org/escalade set size:undefined disposed:false
1120 silly placeDep node_modules/conf ajv-formats@2.1.1 OK for: conf@10.2.0 want: ^2.1.1
1121 silly placeDep ROOT atomically@1.7.0 OK for: conf@10.2.0 want: ^1.7.0
1122 silly placeDep ROOT debounce-fn@4.0.0 OK for: conf@10.2.0 want: ^4.0.0
1123 silly placeDep ROOT dot-prop@6.0.1 OK for: conf@10.2.0 want: ^6.0.1
1124 silly placeDep node_modules/conf json-schema-typed@7.0.3 OK for: conf@10.2.0 want: ^7.0.3
1125 silly placeDep ROOT onetime@5.1.2 OK for: conf@10.2.0 want: ^5.1.2
1126 silly placeDep ROOT pkg-up@3.1.0 OK for: conf@10.2.0 want: ^3.1.0
1127 silly placeDep node_modules/conf semver@7.8.5 OK for: conf@10.2.0 want: ^7.3.5
1128 silly fetch manifest mimic-fn@^3.0.0
1129 silly packumentCache full:https://registry.npmjs.org/mimic-fn cache-miss
1130 silly fetch manifest is-obj@^2.0.0
1131 silly packumentCache full:https://registry.npmjs.org/is-obj cache-miss
1132 silly fetch manifest mimic-fn@^2.1.0
1133 silly packumentCache full:https://registry.npmjs.org/mimic-fn cache-miss
1134 silly fetch manifest find-up@^3.0.0
1135 silly packumentCache full:https://registry.npmjs.org/find-up cache-miss
1136 http cache https://registry.npmjs.org/is-obj 8ms (cache hit)
1137 silly packumentCache full:https://registry.npmjs.org/is-obj set size:9560 disposed:false
1138 http fetch GET 200 https://registry.npmjs.org/mimic-fn 37ms (cache miss)
1139 silly packumentCache full:https://registry.npmjs.org/mimic-fn set size:undefined disposed:false
1140 http fetch GET 200 https://registry.npmjs.org/mimic-fn 38ms (cache miss)
1141 silly packumentCache full:https://registry.npmjs.org/mimic-fn set size:undefined disposed:false
1142 http fetch GET 200 https://registry.npmjs.org/find-up 43ms (cache miss)
1143 silly packumentCache full:https://registry.npmjs.org/find-up set size:undefined disposed:false
1144 silly placeDep ROOT object-assign@4.1.1 OK for: cors@2.8.6 want: ^4
1145 silly placeDep ROOT vary@1.1.2 OK for: cors@2.8.6 want: ^1
1146 silly placeDep ROOT import-fresh@3.3.1 OK for: cosmiconfig@9.0.2 want: ^3.3.0
1147 silly placeDep ROOT js-yaml@4.3.0 OK for: cosmiconfig@9.0.2 want: ^4.1.0
1148 silly placeDep ROOT parse-json@5.2.0 OK for: cosmiconfig@9.0.2 want: ^5.2.0
1149 silly fetch manifest resolve-from@^4.0.0
1150 silly packumentCache full:https://registry.npmjs.org/resolve-from cache-miss
1151 silly fetch manifest parent-module@^1.0.0
1152 silly packumentCache full:https://registry.npmjs.org/parent-module cache-miss
1153 silly fetch manifest argparse@^2.0.1
1154 silly packumentCache full:https://registry.npmjs.org/argparse cache-miss
1155 silly fetch manifest error-ex@^1.3.1
1156 silly packumentCache full:https://registry.npmjs.org/error-ex cache-miss
1157 silly fetch manifest lines-and-columns@^1.1.6
1158 silly packumentCache full:https://registry.npmjs.org/lines-and-columns cache-miss
1159 silly fetch manifest json-parse-even-better-errors@^2.3.0
1160 silly packumentCache full:https://registry.npmjs.org/json-parse-even-better-errors cache-miss
1161 http fetch GET 200 https://registry.npmjs.org/json-parse-even-better-errors 50ms (cache miss)
1162 silly packumentCache full:https://registry.npmjs.org/json-parse-even-better-errors set size:undefined disposed:false
1163 http fetch GET 200 https://registry.npmjs.org/parent-module 52ms (cache miss)
1164 silly packumentCache full:https://registry.npmjs.org/parent-module set size:undefined disposed:false
1165 http fetch GET 200 https://registry.npmjs.org/resolve-from 53ms (cache miss)
1166 silly packumentCache full:https://registry.npmjs.org/resolve-from set size:undefined disposed:false
1167 http fetch GET 200 https://registry.npmjs.org/argparse 54ms (cache miss)
1168 silly packumentCache full:https://registry.npmjs.org/argparse set size:undefined disposed:false
1169 http fetch GET 200 https://registry.npmjs.org/error-ex 55ms (cache miss)
1170 silly packumentCache full:https://registry.npmjs.org/error-ex set size:undefined disposed:false
1171 http fetch GET 200 https://registry.npmjs.org/lines-and-columns 55ms (cache miss)
1172 silly packumentCache full:https://registry.npmjs.org/lines-and-columns set size:undefined disposed:false
1173 silly placeDep ROOT path-key@3.1.1 OK for: cross-spawn@7.0.6 want: ^3.1.0
1174 silly placeDep ROOT shebang-command@2.0.0 OK for: cross-spawn@7.0.6 want: ^2.0.0
1175 silly placeDep node_modules/cross-spawn which@2.0.2 OK for: cross-spawn@7.0.6 want: ^2.0.1
1176 silly fetch manifest shebang-regex@^3.0.0
1177 silly packumentCache full:https://registry.npmjs.org/shebang-regex cache-miss
1178 silly fetch manifest isexe@^2.0.0
1179 silly packumentCache full:https://registry.npmjs.org/isexe cache-miss
1180 http cache https://registry.npmjs.org/isexe 7ms (cache hit)
1181 silly packumentCache full:https://registry.npmjs.org/isexe set size:31756 disposed:false
1182 http fetch GET 200 https://registry.npmjs.org/shebang-regex 44ms (cache miss)
1183 silly packumentCache full:https://registry.npmjs.org/shebang-regex set size:undefined disposed:false
1184 silly placeDep ROOT mimic-fn@3.1.0 OK for: debounce-fn@4.0.0 want: ^3.0.0
1185 silly placeDep ROOT ms@2.1.3 OK for: debug@4.4.3 want: ^2.1.3
1186 silly placeDep ROOT is-obj@2.0.0 OK for: dot-prop@6.0.1 want: ^2.0.0
1187 silly placeDep ROOT ansi-colors@4.1.3 OK for: enquirer@2.4.1 want: ^4.1.1
1188 silly placeDep ROOT strip-ansi@6.0.1 OK for: enquirer@2.4.1 want: ^6.0.1
1189 silly fetch manifest ansi-regex@^5.0.1
1190 silly packumentCache full:https://registry.npmjs.org/ansi-regex cache-miss
1191 http fetch GET 200 https://registry.npmjs.org/ansi-regex 32ms (cache miss)
1192 silly packumentCache full:https://registry.npmjs.org/ansi-regex set size:undefined disposed:false
1193 silly placeDep ROOT @sindresorhus/merge-streams@4.0.0 OK for: execa@9.6.1 want: ^4.0.0
1194 silly placeDep ROOT figures@6.1.0 OK for: execa@9.6.1 want: ^6.1.0
1195 silly placeDep ROOT get-stream@9.0.1 OK for: execa@9.6.1 want: ^9.0.0
1196 silly placeDep ROOT human-signals@8.0.1 OK for: execa@9.6.1 want: ^8.0.1
1197 silly placeDep ROOT is-plain-obj@4.1.0 OK for: execa@9.6.1 want: ^4.1.0
1198 silly placeDep ROOT is-stream@4.0.1 OK for: execa@9.6.1 want: ^4.0.1
1199 silly placeDep ROOT npm-run-path@6.0.0 OK for: execa@9.6.1 want: ^6.0.0
1200 silly placeDep ROOT pretty-ms@9.3.0 OK for: execa@9.6.1 want: ^9.2.0
1201 silly placeDep ROOT signal-exit@4.1.0 OK for: execa@9.6.1 want: ^4.1.0
1202 silly placeDep ROOT strip-final-newline@4.0.0 OK for: execa@9.6.1 want: ^4.0.0
1203 silly placeDep ROOT yoctocolors@2.1.2 OK for: execa@9.6.1 want: ^2.1.1
1204 silly fetch manifest @sec-ant/readable-stream@^0.4.1
1205 silly packumentCache full:https://registry.npmjs.org/@sec-ant%2freadable-stream cache-miss
1206 silly fetch manifest path-key@^4.0.0
1207 silly packumentCache full:https://registry.npmjs.org/path-key cache-miss
1208 silly fetch manifest unicorn-magic@^0.3.0
1209 silly packumentCache full:https://registry.npmjs.org/unicorn-magic cache-miss
1210 silly fetch manifest parse-ms@^4.0.0
1211 silly packumentCache full:https://registry.npmjs.org/parse-ms cache-miss
1212 http cache https://registry.npmjs.org/path-key 9ms (cache hit)
1213 silly packumentCache full:https://registry.npmjs.org/path-key set size:16975 disposed:false
1214 http fetch GET 200 https://registry.npmjs.org/@sec-ant%2freadable-stream 45ms (cache miss)
1215 silly packumentCache full:https://registry.npmjs.org/@sec-ant%2freadable-stream set size:undefined disposed:false
1216 http fetch GET 200 https://registry.npmjs.org/unicorn-magic 50ms (cache miss)
1217 silly packumentCache full:https://registry.npmjs.org/unicorn-magic set size:undefined disposed:false
1218 http fetch GET 200 https://registry.npmjs.org/parse-ms 53ms (cache miss)
1219 silly packumentCache full:https://registry.npmjs.org/parse-ms set size:undefined disposed:false
1220 silly placeDep ROOT accepts@2.0.0 OK for: express@5.2.1 want: ^2.0.0
1221 silly placeDep ROOT body-parser@2.3.0 OK for: express@5.2.1 want: ^2.2.1
1222 silly placeDep ROOT content-disposition@1.1.0 OK for: express@5.2.1 want: ^1.0.0
1223 silly placeDep ROOT cookie@0.7.2 OK for: express@5.2.1 want: ^0.7.1
1224 silly placeDep ROOT cookie-signature@1.2.2 OK for: express@5.2.1 want: ^1.2.1
1225 silly placeDep ROOT depd@2.0.0 OK for: express@5.2.1 want: ^2.0.0
1226 silly placeDep ROOT encodeurl@2.0.0 OK for: express@5.2.1 want: ^2.0.0
1227 silly placeDep ROOT escape-html@1.0.3 OK for: express@5.2.1 want: ^1.0.3
1228 silly placeDep ROOT etag@1.8.1 OK for: express@5.2.1 want: ^1.8.1
1229 silly placeDep ROOT finalhandler@2.1.1 OK for: express@5.2.1 want: ^2.1.0
1230 silly placeDep ROOT fresh@2.0.0 OK for: express@5.2.1 want: ^2.0.0
1231 silly placeDep ROOT http-errors@2.0.1 OK for: express@5.2.1 want: ^2.0.0
1232 silly placeDep ROOT merge-descriptors@2.0.0 OK for: express@5.2.1 want: ^2.0.0
1233 silly placeDep ROOT mime-types@3.0.2 OK for: express@5.2.1 want: ^3.0.0
1234 silly placeDep ROOT on-finished@2.4.1 OK for: express@5.2.1 want: ^2.4.1
1235 silly placeDep ROOT once@1.4.0 OK for: express@5.2.1 want: ^1.4.0
1236 silly placeDep ROOT parseurl@1.3.3 OK for: express@5.2.1 want: ^1.3.3
1237 silly placeDep ROOT proxy-addr@2.0.7 OK for: express@5.2.1 want: ^2.0.7
1238 silly placeDep ROOT qs@6.15.3 OK for: express@5.2.1 want: ^6.14.0
1239 silly placeDep ROOT range-parser@1.3.0 OK for: express@5.2.1 want: ^1.2.1
1240 silly placeDep ROOT router@2.2.0 OK for: express@5.2.1 want: ^2.2.0
1241 silly placeDep ROOT send@1.2.1 OK for: express@5.2.1 want: ^1.1.0
1242 silly placeDep ROOT serve-static@2.2.1 OK for: express@5.2.1 want: ^2.2.0
1243 silly placeDep ROOT statuses@2.0.2 OK for: express@5.2.1 want: ^2.0.1
1244 silly placeDep ROOT type-is@2.1.0 OK for: express@5.2.1 want: ^2.0.1
1245 silly fetch manifest negotiator@^1.0.0
1246 silly packumentCache full:https://registry.npmjs.org/negotiator cache-miss
1247 silly fetch manifest qs@^6.15.2
1248 silly packumentCache full:https://registry.npmjs.org/qs cache-miss
1249 silly fetch manifest bytes@^3.1.2
1250 silly packumentCache full:https://registry.npmjs.org/bytes cache-miss
1251 silly fetch manifest type-is@^2.1.0
1252 silly packumentCache full:https://registry.npmjs.org/type-is cache-miss
1253 silly fetch manifest iconv-lite@^0.7.2
1254 silly packumentCache full:https://registry.npmjs.org/iconv-lite cache-miss
1255 silly fetch manifest http-errors@^2.0.1
1256 silly packumentCache full:https://registry.npmjs.org/http-errors cache-miss
1257 silly fetch manifest content-type@^2.0.0
1258 silly packumentCache full:https://registry.npmjs.org/content-type cache-miss
1259 silly fetch manifest inherits@~2.0.4
1260 silly packumentCache full:https://registry.npmjs.org/inherits cache-miss
1261 silly fetch manifest setprototypeof@~1.2.0
1262 silly packumentCache full:https://registry.npmjs.org/setprototypeof cache-miss
1263 silly fetch manifest statuses@~2.0.2
1264 silly packumentCache full:https://registry.npmjs.org/statuses cache-miss
1265 silly fetch manifest toidentifier@~1.0.1
1266 silly packumentCache full:https://registry.npmjs.org/toidentifier cache-miss
1267 silly fetch manifest mime-db@^1.54.0
1268 silly packumentCache full:https://registry.npmjs.org/mime-db cache-miss
1269 silly fetch manifest ee-first@1.1.1
1270 silly packumentCache full:https://registry.npmjs.org/ee-first cache-miss
1271 silly fetch manifest wrappy@1
1272 silly packumentCache full:https://registry.npmjs.org/wrappy cache-miss
1273 silly fetch manifest forwarded@0.2.0
1274 silly packumentCache full:https://registry.npmjs.org/forwarded cache-miss
1275 silly fetch manifest ipaddr.js@1.9.1
1276 silly packumentCache full:https://registry.npmjs.org/ipaddr.js cache-miss
1277 silly fetch manifest side-channel@^1.1.1
1278 silly packumentCache full:https://registry.npmjs.org/side-channel cache-miss
1279 silly fetch manifest es-define-property@^1.0.1
1280 silly packumentCache full:https://registry.npmjs.org/es-define-property cache-miss
1281 silly fetch manifest is-promise@^4.0.0
1282 silly packumentCache full:https://registry.npmjs.org/is-promise cache-miss
1283 silly fetch manifest path-to-regexp@^8.0.0
1284 silly packumentCache full:https://registry.npmjs.org/path-to-regexp cache-miss
1285 silly fetch manifest statuses@^2.0.2
1286 silly packumentCache full:https://registry.npmjs.org/statuses cache-miss
1287 silly fetch manifest content-type@^2.0.0
1288 silly packumentCache full:https://registry.npmjs.org/content-type cache-miss
1289 silly fetch manifest media-typer@^1.1.0
1290 silly packumentCache full:https://registry.npmjs.org/media-typer cache-miss
1291 http cache https://registry.npmjs.org/qs 47ms (cache hit)
1292 silly packumentCache full:https://registry.npmjs.org/qs set size:360318 disposed:false
1293 http cache https://registry.npmjs.org/iconv-lite 50ms (cache hit)
1294 silly packumentCache full:https://registry.npmjs.org/iconv-lite set size:126462 disposed:false
1295 http cache https://registry.npmjs.org/type-is 54ms (cache hit)
1296 silly packumentCache full:https://registry.npmjs.org/type-is set size:88614 disposed:false
1297 http cache https://registry.npmjs.org/bytes 56ms (cache hit)
1298 silly packumentCache full:https://registry.npmjs.org/bytes set size:37018 disposed:false
1299 http cache https://registry.npmjs.org/content-type 47ms (cache hit)
1300 silly packumentCache full:https://registry.npmjs.org/content-type set size:18994 disposed:false
1301 http cache https://registry.npmjs.org/http-errors 59ms (cache hit)
1302 silly packumentCache full:https://registry.npmjs.org/http-errors set size:71987 disposed:false
1303 http cache https://registry.npmjs.org/statuses 65ms (cache hit)
1304 silly packumentCache full:https://registry.npmjs.org/statuses set size:37117 disposed:false
1305 http cache https://registry.npmjs.org/statuses 72ms (cache hit)
1306 silly packumentCache full:https://registry.npmjs.org/statuses set size:37117 disposed:false
1307 silly packumentCache full:https://registry.npmjs.org/statuses dispose
1308 http cache https://registry.npmjs.org/content-type 87ms (cache hit)
1309 silly packumentCache full:https://registry.npmjs.org/content-type set size:18994 disposed:false
1310 silly packumentCache full:https://registry.npmjs.org/content-type dispose
1311 http fetch GET 200 https://registry.npmjs.org/wrappy 101ms (cache miss)
1312 silly packumentCache full:https://registry.npmjs.org/wrappy set size:undefined disposed:false
1313 http fetch GET 200 https://registry.npmjs.org/toidentifier 103ms (cache miss)
1314 silly packumentCache full:https://registry.npmjs.org/toidentifier set size:undefined disposed:false
1315 http fetch GET 200 https://registry.npmjs.org/is-promise 98ms (cache miss)
1316 silly packumentCache full:https://registry.npmjs.org/is-promise set size:undefined disposed:false
1317 http fetch GET 200 https://registry.npmjs.org/side-channel 102ms (cache miss)
1318 silly packumentCache full:https://registry.npmjs.org/side-channel set size:undefined disposed:false
1319 http fetch GET 200 https://registry.npmjs.org/negotiator 111ms (cache miss)
1320 silly packumentCache full:https://registry.npmjs.org/negotiator set size:undefined disposed:false
1321 http fetch GET 200 https://registry.npmjs.org/ee-first 107ms (cache miss)
1322 silly packumentCache full:https://registry.npmjs.org/ee-first set size:undefined disposed:false
1323 http fetch GET 200 https://registry.npmjs.org/setprototypeof 110ms (cache miss)
1324 silly packumentCache full:https://registry.npmjs.org/setprototypeof set size:undefined disposed:false
1325 http fetch GET 200 https://registry.npmjs.org/es-define-property 107ms (cache miss)
1326 silly packumentCache full:https://registry.npmjs.org/es-define-property set size:undefined disposed:false
1327 http fetch GET 200 https://registry.npmjs.org/media-typer 104ms (cache miss)
1328 silly packumentCache full:https://registry.npmjs.org/media-typer set size:undefined disposed:false
1329 http fetch GET 200 https://registry.npmjs.org/inherits 117ms (cache miss)
1330 silly packumentCache full:https://registry.npmjs.org/inherits set size:undefined disposed:false
1331 http fetch GET 200 https://registry.npmjs.org/ipaddr.js 115ms (cache miss)
1332 silly packumentCache full:https://registry.npmjs.org/ipaddr.js set size:undefined disposed:false
1333 http fetch GET 200 https://registry.npmjs.org/path-to-regexp 115ms (cache miss)
1334 silly packumentCache full:https://registry.npmjs.org/path-to-regexp set size:undefined disposed:false
1335 http fetch GET 200 https://registry.npmjs.org/forwarded 127ms (cache miss)
1336 silly packumentCache full:https://registry.npmjs.org/forwarded set size:undefined disposed:false
1337 http fetch GET 200 https://registry.npmjs.org/mime-db 130ms (cache miss)
1338 silly packumentCache full:https://registry.npmjs.org/mime-db set size:undefined disposed:false
1339 silly placeDep ROOT negotiator@1.0.0 OK for: accepts@2.0.0 want: ^1.0.0
1340 silly placeDep ROOT bytes@3.1.2 OK for: body-parser@2.3.0 want: ^3.1.2
1341 silly placeDep node_modules/body-parser content-type@2.0.0 OK for: body-parser@2.3.0 want: ^2.0.0
1342 silly placeDep ROOT iconv-lite@0.7.3 OK for: body-parser@2.3.0 want: ^0.7.2
1343 silly fetch manifest safer-buffer@>= 2.1.2 < 3.0.0
1344 silly packumentCache full:https://registry.npmjs.org/safer-buffer cache-miss
1345 http fetch GET 200 https://registry.npmjs.org/safer-buffer 33ms (cache miss)
1346 silly packumentCache full:https://registry.npmjs.org/safer-buffer set size:undefined disposed:false
1347 silly placeDep ROOT ip-address@10.2.0 OK for: express-rate-limit@8.6.0 want: ^10.2.0
1348 silly placeDep ROOT @nodelib/fs.stat@2.0.5 OK for: fast-glob@3.3.3 want: ^2.0.2
1349 silly placeDep ROOT @nodelib/fs.walk@1.2.8 OK for: fast-glob@3.3.3 want: ^1.2.3
1350 silly placeDep ROOT glob-parent@5.1.2 OK for: fast-glob@3.3.3 want: ^5.1.2
1351 silly placeDep ROOT merge2@1.4.1 OK for: fast-glob@3.3.3 want: ^1.3.0
1352 silly placeDep ROOT micromatch@4.0.8 OK for: fast-glob@3.3.3 want: ^4.0.8
1353 silly fetch manifest fastq@^1.6.0
1354 silly packumentCache full:https://registry.npmjs.org/fastq cache-miss
1355 silly fetch manifest @nodelib/fs.scandir@2.1.5
1356 silly packumentCache full:https://registry.npmjs.org/@nodelib%2ffs.scandir cache-miss
1357 silly fetch manifest is-glob@^4.0.1
1358 silly packumentCache full:https://registry.npmjs.org/is-glob cache-miss
1359 silly fetch manifest braces@^3.0.3
1360 silly packumentCache full:https://registry.npmjs.org/braces cache-miss
1361 silly fetch manifest picomatch@^2.3.1
1362 silly packumentCache full:https://registry.npmjs.org/picomatch cache-miss
1363 http cache https://registry.npmjs.org/picomatch 13ms (cache hit)
1364 silly packumentCache full:https://registry.npmjs.org/picomatch set size:128942 disposed:false
1365 http fetch GET 200 https://registry.npmjs.org/fastq 38ms (cache miss)
1366 silly packumentCache full:https://registry.npmjs.org/fastq set size:undefined disposed:false
1367 http fetch GET 200 https://registry.npmjs.org/braces 51ms (cache miss)
1368 silly packumentCache full:https://registry.npmjs.org/braces set size:undefined disposed:false
1369 http fetch GET 200 https://registry.npmjs.org/is-glob 53ms (cache miss)
1370 silly packumentCache full:https://registry.npmjs.org/is-glob set size:undefined disposed:false
1371 http fetch GET 200 https://registry.npmjs.org/@nodelib%2ffs.scandir 58ms (cache miss)
1372 silly packumentCache full:https://registry.npmjs.org/@nodelib%2ffs.scandir set size:undefined disposed:false
1373 silly placeDep ROOT @nodelib/fs.scandir@2.1.5 OK for: @nodelib/fs.walk@1.2.8 want: 2.1.5
1374 silly placeDep ROOT fastq@1.20.1 OK for: @nodelib/fs.walk@1.2.8 want: ^1.6.0
1375 silly fetch manifest run-parallel@^1.1.9
1376 silly packumentCache full:https://registry.npmjs.org/run-parallel cache-miss
1377 silly fetch manifest reusify@^1.0.4
1378 silly packumentCache full:https://registry.npmjs.org/reusify cache-miss
1379 http fetch GET 200 https://registry.npmjs.org/run-parallel 35ms (cache miss)
1380 silly packumentCache full:https://registry.npmjs.org/run-parallel set size:undefined disposed:false
1381 http fetch GET 200 https://registry.npmjs.org/reusify 44ms (cache miss)
1382 silly packumentCache full:https://registry.npmjs.org/reusify set size:undefined disposed:false
1383 silly placeDep ROOT run-parallel@1.2.0 OK for: @nodelib/fs.scandir@2.1.5 want: ^1.1.9
1384 silly fetch manifest queue-microtask@^1.2.2
1385 silly packumentCache full:https://registry.npmjs.org/queue-microtask cache-miss
1386 http fetch GET 200 https://registry.npmjs.org/queue-microtask 32ms (cache miss)
1387 silly packumentCache full:https://registry.npmjs.org/queue-microtask set size:undefined disposed:false
1388 silly placeDep ROOT reusify@1.1.0 OK for: fastq@1.20.1 want: ^1.0.4
1389 silly placeDep ROOT is-unicode-supported@2.1.0 OK for: figures@6.1.0 want: ^2.0.0
1390 silly placeDep ROOT graceful-fs@4.2.11 OK for: fs-extra@11.4.0 want: ^4.2.0
1391 silly placeDep ROOT jsonfile@6.2.1 OK for: fs-extra@11.4.0 want: ^6.0.1
1392 silly placeDep ROOT universalify@2.0.1 OK for: fs-extra@11.4.0 want: ^2.0.0
1393 silly placeDep ROOT @sec-ant/readable-stream@0.4.1 OK for: get-stream@9.0.1 want: ^0.4.1
1394 silly placeDep ROOT is-glob@4.0.3 OK for: glob-parent@5.1.2 want: ^4.0.1
1395 silly fetch manifest is-extglob@^2.1.1
1396 silly packumentCache full:https://registry.npmjs.org/is-extglob cache-miss
1397 http fetch GET 200 https://registry.npmjs.org/is-extglob 33ms (cache miss)
1398 silly packumentCache full:https://registry.npmjs.org/is-extglob set size:undefined disposed:false
1399 silly placeDep ROOT inherits@2.0.4 OK for: http-errors@2.0.1 want: ~2.0.4
1400 silly placeDep ROOT setprototypeof@1.2.0 OK for: http-errors@2.0.1 want: ~1.2.0
1401 silly placeDep ROOT toidentifier@1.0.1 OK for: http-errors@2.0.1 want: ~1.0.1
1402 silly placeDep ROOT safer-buffer@2.1.2 OK for: iconv-lite@0.7.3 want: >= 2.1.2 < 3.0.0
1403 silly placeDep ROOT parent-module@1.0.1 OK for: import-fresh@3.3.1 want: ^1.0.0
1404 silly placeDep ROOT resolve-from@4.0.0 OK for: import-fresh@3.3.1 want: ^4.0.0
1405 silly fetch manifest callsites@^3.0.0
1406 silly packumentCache full:https://registry.npmjs.org/callsites cache-miss
1407 http fetch GET 200 https://registry.npmjs.org/callsites 31ms (cache miss)
1408 silly packumentCache full:https://registry.npmjs.org/callsites set size:undefined disposed:false
1409 silly placeDep ROOT is-extglob@2.1.1 OK for: is-glob@4.0.3 want: ^2.1.1
1410 silly placeDep ROOT argparse@2.0.1 OK for: js-yaml@4.3.0 want: ^2.0.1
1411 silly placeDep ROOT yallist@3.1.1 OK for: lru-cache@5.1.1 want: ^3.0.2
1412 silly placeDep ROOT braces@3.0.3 OK for: micromatch@4.0.8 want: ^3.0.3
1413 silly placeDep node_modules/micromatch picomatch@2.3.2 OK for: micromatch@4.0.8 want: ^2.3.1
1414 silly fetch manifest fill-range@^7.1.1
1415 silly packumentCache full:https://registry.npmjs.org/fill-range cache-miss
1416 http fetch GET 200 https://registry.npmjs.org/fill-range 38ms (cache miss)
1417 silly packumentCache full:https://registry.npmjs.org/fill-range set size:undefined disposed:false
1418 silly placeDep ROOT fill-range@7.1.1 OK for: braces@3.0.3 want: ^7.1.1
1419 silly fetch manifest to-regex-range@^5.0.1
1420 silly packumentCache full:https://registry.npmjs.org/to-regex-range cache-miss
1421 http fetch GET 200 https://registry.npmjs.org/to-regex-range 34ms (cache miss)
1422 silly packumentCache full:https://registry.npmjs.org/to-regex-range set size:undefined disposed:false
1423 silly placeDep ROOT to-regex-range@5.0.1 OK for: fill-range@7.1.1 want: ^5.0.1
1424 silly fetch manifest is-number@^7.0.0
1425 silly packumentCache full:https://registry.npmjs.org/is-number cache-miss
1426 http fetch GET 200 https://registry.npmjs.org/is-number 37ms (cache miss)
1427 silly packumentCache full:https://registry.npmjs.org/is-number set size:undefined disposed:false
1428 silly placeDep ROOT mime-db@1.54.0 OK for: mime-types@3.0.2 want: ^1.54.0
1429 silly placeDep node_modules/npm-run-path path-key@4.0.0 OK for: npm-run-path@6.0.0 want: ^4.0.0
1430 silly placeDep ROOT unicorn-magic@0.3.0 OK for: npm-run-path@6.0.0 want: ^0.3.0
1431 silly placeDep ROOT ee-first@1.1.1 OK for: on-finished@2.4.1 want: 1.1.1
1432 silly placeDep ROOT wrappy@1.0.2 OK for: once@1.4.0 want: 1
1433 silly placeDep node_modules/onetime mimic-fn@2.1.0 OK for: onetime@5.1.2 want: ^2.1.0
1434 silly placeDep ROOT default-browser@5.5.0 OK for: open@11.0.0 want: ^5.4.0
1435 silly placeDep ROOT define-lazy-prop@3.0.0 OK for: open@11.0.0 want: ^3.0.0
1436 silly placeDep ROOT is-in-ssh@1.0.0 OK for: open@11.0.0 want: ^1.0.0
1437 silly placeDep ROOT is-inside-container@1.0.0 OK for: open@11.0.0 want: ^1.0.0
1438 silly placeDep ROOT powershell-utils@0.1.0 OK for: open@11.0.0 want: ^0.1.0
1439 silly placeDep ROOT wsl-utils@0.3.1 OK for: open@11.0.0 want: ^0.3.0
1440 silly fetch manifest bundle-name@^4.1.0
1441 silly packumentCache full:https://registry.npmjs.org/bundle-name cache-miss
1442 silly fetch manifest default-browser-id@^5.0.0
1443 silly packumentCache full:https://registry.npmjs.org/default-browser-id cache-miss
1444 silly fetch manifest is-docker@^3.0.0
1445 silly packumentCache full:https://registry.npmjs.org/is-docker cache-miss
1446 silly fetch manifest is-wsl@^3.1.0
1447 silly packumentCache full:https://registry.npmjs.org/is-wsl cache-miss
1448 http cache https://registry.npmjs.org/is-wsl 9ms (cache hit)
1449 silly packumentCache full:https://registry.npmjs.org/is-wsl set size:20683 disposed:false
1450 http cache https://registry.npmjs.org/is-docker 10ms (cache hit)
1451 silly packumentCache full:https://registry.npmjs.org/is-docker set size:23690 disposed:false
1452 http fetch GET 200 https://registry.npmjs.org/bundle-name 30ms (cache miss)
1453 silly packumentCache full:https://registry.npmjs.org/bundle-name set size:undefined disposed:false
1454 http fetch GET 200 https://registry.npmjs.org/default-browser-id 37ms (cache miss)
1455 silly packumentCache full:https://registry.npmjs.org/default-browser-id set size:undefined disposed:false
1456 silly placeDep ROOT bundle-name@4.1.0 OK for: default-browser@5.5.0 want: ^4.1.0
1457 silly placeDep ROOT default-browser-id@5.0.1 OK for: default-browser@5.5.0 want: ^5.0.0
1458 silly fetch manifest run-applescript@^7.0.0
1459 silly packumentCache full:https://registry.npmjs.org/run-applescript cache-miss
1460 http fetch GET 200 https://registry.npmjs.org/run-applescript 32ms (cache miss)
1461 silly packumentCache full:https://registry.npmjs.org/run-applescript set size:undefined disposed:false
1462 silly placeDep ROOT run-applescript@7.1.0 OK for: bundle-name@4.1.0 want: ^7.0.0
1463 silly placeDep ROOT is-docker@3.0.0 OK for: is-inside-container@1.0.0 want: ^3.0.0
1464 silly placeDep ROOT chalk@5.6.2 OK for: ora@8.2.0 want: ^5.3.0
1465 silly placeDep ROOT cli-cursor@5.0.0 OK for: ora@8.2.0 want: ^5.0.0
1466 silly placeDep ROOT cli-spinners@2.9.2 OK for: ora@8.2.0 want: ^2.9.2
1467 silly placeDep ROOT is-interactive@2.0.0 OK for: ora@8.2.0 want: ^2.0.0
1468 silly placeDep ROOT log-symbols@6.0.0 OK for: ora@8.2.0 want: ^6.0.0
1469 silly placeDep ROOT stdin-discarder@0.2.2 OK for: ora@8.2.0 want: ^0.2.2
1470 silly placeDep ROOT string-width@7.2.0 OK for: ora@8.2.0 want: ^7.2.0
1471 silly placeDep node_modules/ora strip-ansi@7.2.0 OK for: ora@8.2.0 want: ^7.1.0
1472 silly fetch manifest restore-cursor@^5.0.0
1473 silly packumentCache full:https://registry.npmjs.org/restore-cursor cache-miss
1474 silly fetch manifest is-unicode-supported@^1.3.0
1475 silly packumentCache full:https://registry.npmjs.org/is-unicode-supported cache-miss
1476 silly fetch manifest emoji-regex@^10.3.0
1477 silly packumentCache full:https://registry.npmjs.org/emoji-regex cache-miss
1478 silly fetch manifest get-east-asian-width@^1.0.0
1479 silly packumentCache full:https://registry.npmjs.org/get-east-asian-width cache-miss
1480 silly fetch manifest ansi-regex@^6.2.2
1481 silly packumentCache full:https://registry.npmjs.org/ansi-regex cache-miss
1482 http cache https://registry.npmjs.org/is-unicode-supported 10ms (cache hit)
1483 silly packumentCache full:https://registry.npmjs.org/is-unicode-supported set size:19461 disposed:false
1484 http cache https://registry.npmjs.org/ansi-regex 10ms (cache hit)
1485 silly packumentCache full:https://registry.npmjs.org/ansi-regex set size:43572 disposed:false
1486 http fetch GET 200 https://registry.npmjs.org/restore-cursor 39ms (cache miss)
1487 silly packumentCache full:https://registry.npmjs.org/restore-cursor set size:undefined disposed:false
1488 http fetch GET 200 https://registry.npmjs.org/get-east-asian-width 43ms (cache miss)
1489 silly packumentCache full:https://registry.npmjs.org/get-east-asian-width set size:undefined disposed:false
1490 http fetch GET 200 https://registry.npmjs.org/emoji-regex 44ms (cache miss)
1491 silly packumentCache full:https://registry.npmjs.org/emoji-regex set size:undefined disposed:false
1492 silly placeDep ROOT restore-cursor@5.1.0 OK for: cli-cursor@5.0.0 want: ^5.0.0
1493 silly fetch manifest onetime@^7.0.0
1494 silly packumentCache full:https://registry.npmjs.org/onetime cache-miss
1495 http cache https://registry.npmjs.org/onetime 7ms (cache hit)
1496 silly packumentCache full:https://registry.npmjs.org/onetime set size:32314 disposed:false
1497 silly placeDep node_modules/log-symbols is-unicode-supported@1.3.0 OK for: log-symbols@6.0.0 want: ^1.3.0
1498 silly placeDep ROOT callsites@3.1.0 OK for: parent-module@1.0.1 want: ^3.0.0
1499 silly placeDep ROOT error-ex@1.3.4 OK for: parse-json@5.2.0 want: ^1.3.1
1500 silly placeDep ROOT json-parse-even-better-errors@2.3.1 OK for: parse-json@5.2.0 want: ^2.3.0
1501 silly placeDep ROOT lines-and-columns@1.2.4 OK for: parse-json@5.2.0 want: ^1.1.6
1502 silly fetch manifest is-arrayish@^0.2.1
1503 silly packumentCache full:https://registry.npmjs.org/is-arrayish cache-miss
1504 http fetch GET 200 https://registry.npmjs.org/is-arrayish 33ms (cache miss)
1505 silly packumentCache full:https://registry.npmjs.org/is-arrayish set size:undefined disposed:false
1506 silly placeDep ROOT is-arrayish@0.2.1 OK for: error-ex@1.3.4 want: ^0.2.1
1507 silly placeDep ROOT find-up@3.0.0 OK for: pkg-up@3.1.0 want: ^3.0.0
1508 silly fetch manifest locate-path@^3.0.0
1509 silly packumentCache full:https://registry.npmjs.org/locate-path cache-miss
1510 http fetch GET 200 https://registry.npmjs.org/locate-path 32ms (cache miss)
1511 silly packumentCache full:https://registry.npmjs.org/locate-path set size:undefined disposed:false
1512 silly placeDep ROOT locate-path@3.0.0 OK for: find-up@3.0.0 want: ^3.0.0
1513 silly fetch manifest p-locate@^3.0.0
1514 silly packumentCache full:https://registry.npmjs.org/p-locate cache-miss
1515 silly fetch manifest path-exists@^3.0.0
1516 silly packumentCache full:https://registry.npmjs.org/path-exists cache-miss
1517 http fetch GET 200 https://registry.npmjs.org/path-exists 39ms (cache miss)
1518 silly packumentCache full:https://registry.npmjs.org/path-exists set size:undefined disposed:false
1519 http fetch GET 200 https://registry.npmjs.org/p-locate 42ms (cache miss)
1520 silly packumentCache full:https://registry.npmjs.org/p-locate set size:undefined disposed:false
1521 silly placeDep ROOT p-locate@3.0.0 OK for: locate-path@3.0.0 want: ^3.0.0
1522 silly placeDep ROOT path-exists@3.0.0 OK for: locate-path@3.0.0 want: ^3.0.0
1523 silly fetch manifest p-limit@^2.0.0
1524 silly packumentCache full:https://registry.npmjs.org/p-limit cache-miss
1525 http fetch GET 200 https://registry.npmjs.org/p-limit 42ms (cache miss)
1526 silly packumentCache full:https://registry.npmjs.org/p-limit set size:undefined disposed:false
1527 silly placeDep ROOT p-limit@2.3.0 OK for: p-locate@3.0.0 want: ^2.0.0
1528 silly fetch manifest p-try@^2.0.0
1529 silly packumentCache full:https://registry.npmjs.org/p-try cache-miss
1530 http fetch GET 200 https://registry.npmjs.org/p-try 36ms (cache miss)
1531 silly packumentCache full:https://registry.npmjs.org/p-try set size:undefined disposed:false
1532 silly placeDep ROOT p-try@2.2.0 OK for: p-limit@2.3.0 want: ^2.0.0
1533 silly placeDep ROOT nanoid@3.3.16 OK for: postcss@8.5.22 want: ^3.3.16
1534 silly placeDep ROOT source-map-js@1.2.1 OK for: postcss@8.5.22 want: ^1.2.1
1535 silly placeDep ROOT cssesc@3.0.0 OK for: postcss-selector-parser@7.1.4 want: ^3.0.0
1536 silly placeDep ROOT util-deprecate@1.0.2 OK for: postcss-selector-parser@7.1.4 want: ^1.0.2
1537 silly placeDep ROOT parse-ms@4.0.0 OK for: pretty-ms@9.3.0 want: ^4.0.0
1538 silly placeDep node_modules/prompts kleur@3.0.3 OK for: prompts@2.4.2 want: ^3.0.3
1539 silly placeDep ROOT sisteransi@1.0.5 OK for: prompts@2.4.2 want: ^1.0.5
1540 silly placeDep ROOT forwarded@0.2.0 OK for: proxy-addr@2.0.7 want: 0.2.0
1541 silly placeDep ROOT ipaddr.js@1.9.1 OK for: proxy-addr@2.0.7 want: 1.9.1
1542 silly placeDep ROOT es-define-property@1.0.1 OK for: qs@6.15.3 want: ^1.0.1
1543 silly placeDep ROOT side-channel@1.1.1 OK for: qs@6.15.3 want: ^1.1.1
1544 silly fetch manifest es-errors@^1.3.0
1545 silly packumentCache full:https://registry.npmjs.org/es-errors cache-miss
1546 silly fetch manifest object-inspect@^1.13.4
1547 silly packumentCache full:https://registry.npmjs.org/object-inspect cache-miss
1548 silly fetch manifest side-channel-list@^1.0.1
1549 silly packumentCache full:https://registry.npmjs.org/side-channel-list cache-miss
1550 silly fetch manifest side-channel-map@^1.0.1
1551 silly packumentCache full:https://registry.npmjs.org/side-channel-map cache-miss
1552 silly fetch manifest side-channel-weakmap@^1.0.2
1553 silly packumentCache full:https://registry.npmjs.org/side-channel-weakmap cache-miss
1554 http fetch GET 200 https://registry.npmjs.org/es-errors 37ms (cache miss)
1555 silly packumentCache full:https://registry.npmjs.org/es-errors set size:undefined disposed:false
1556 http fetch GET 200 https://registry.npmjs.org/side-channel-list 48ms (cache miss)
1557 silly packumentCache full:https://registry.npmjs.org/side-channel-list set size:undefined disposed:false
1558 http fetch GET 200 https://registry.npmjs.org/side-channel-map 50ms (cache miss)
1559 silly packumentCache full:https://registry.npmjs.org/side-channel-map set size:undefined disposed:false
1560 http fetch GET 200 https://registry.npmjs.org/object-inspect 54ms (cache miss)
1561 silly packumentCache full:https://registry.npmjs.org/object-inspect set size:undefined disposed:false
1562 http fetch GET 200 https://registry.npmjs.org/side-channel-weakmap 64ms (cache miss)
1563 silly packumentCache full:https://registry.npmjs.org/side-channel-weakmap set size:undefined disposed:false
1564 silly placeDep ROOT unpipe@1.0.0 OK for: raw-body@3.0.2 want: ~1.0.0
1565 silly placeDep ROOT ast-types@0.16.1 OK for: recast@0.23.12 want: ^0.16.1
1566 silly placeDep ROOT esprima@4.0.1 OK for: recast@0.23.12 want: ~4.0.0
1567 silly placeDep ROOT source-map@0.6.1 OK for: recast@0.23.12 want: ~0.6.1
1568 silly placeDep ROOT tiny-invariant@1.3.3 OK for: recast@0.23.12 want: ^1.3.3
1569 silly placeDep ROOT tslib@2.8.1 OK for: recast@0.23.12 want: ^2.0.1
1570 silly placeDep node_modules/restore-cursor onetime@7.0.0 OK for: restore-cursor@5.1.0 want: ^7.0.0
1571 silly fetch manifest mimic-function@^5.0.0
1572 silly packumentCache full:https://registry.npmjs.org/mimic-function cache-miss
1573 http fetch GET 200 https://registry.npmjs.org/mimic-function 60ms (cache miss)
1574 silly packumentCache full:https://registry.npmjs.org/mimic-function set size:undefined disposed:false
1575 silly placeDep ROOT is-promise@4.0.0 OK for: router@2.2.0 want: ^4.0.0
1576 silly placeDep ROOT path-to-regexp@8.4.2 OK for: router@2.2.0 want: ^8.0.0
1577 silly placeDep ROOT queue-microtask@1.2.3 OK for: run-parallel@1.2.0 want: ^1.2.2
1578 silly placeDep ROOT shebang-regex@3.0.0 OK for: shebang-command@2.0.0 want: ^3.0.0
1579 silly placeDep ROOT es-errors@1.3.0 OK for: side-channel@1.1.1 want: ^1.3.0
1580 silly placeDep ROOT object-inspect@1.13.4 OK for: side-channel@1.1.1 want: ^1.13.4
1581 silly placeDep ROOT side-channel-list@1.0.1 OK for: side-channel@1.1.1 want: ^1.0.1
1582 silly placeDep ROOT side-channel-map@1.0.1 OK for: side-channel@1.1.1 want: ^1.0.1
1583 silly placeDep ROOT side-channel-weakmap@1.0.2 OK for: side-channel@1.1.1 want: ^1.0.2
1584 silly fetch manifest call-bound@^1.0.2
1585 silly packumentCache full:https://registry.npmjs.org/call-bound cache-miss
1586 silly fetch manifest get-intrinsic@^1.2.5
1587 silly packumentCache full:https://registry.npmjs.org/get-intrinsic cache-miss
1588 silly fetch manifest call-bound@^1.0.2
1589 silly packumentCache full:https://registry.npmjs.org/call-bound cache-miss
1590 silly fetch manifest get-intrinsic@^1.2.5
1591 silly packumentCache full:https://registry.npmjs.org/get-intrinsic cache-miss
1592 http fetch GET 200 https://registry.npmjs.org/call-bound 37ms (cache miss)
1593 silly packumentCache full:https://registry.npmjs.org/call-bound set size:undefined disposed:false
1594 http fetch GET 200 https://registry.npmjs.org/call-bound 55ms (cache miss)
1595 silly packumentCache full:https://registry.npmjs.org/call-bound set size:undefined disposed:false
1596 http fetch GET 200 https://registry.npmjs.org/get-intrinsic 56ms (cache miss)
1597 silly packumentCache full:https://registry.npmjs.org/get-intrinsic set size:undefined disposed:false
1598 http fetch GET 200 https://registry.npmjs.org/get-intrinsic 60ms (cache miss)
1599 silly packumentCache full:https://registry.npmjs.org/get-intrinsic set size:undefined disposed:false
1600 silly placeDep ROOT call-bound@1.0.4 OK for: side-channel-map@1.0.1 want: ^1.0.2
1601 silly placeDep ROOT get-intrinsic@1.3.0 OK for: side-channel-map@1.0.1 want: ^1.2.5
1602 silly fetch manifest call-bind-apply-helpers@^1.0.2
1603 silly packumentCache full:https://registry.npmjs.org/call-bind-apply-helpers cache-miss
1604 silly fetch manifest get-intrinsic@^1.3.0
1605 silly packumentCache full:https://registry.npmjs.org/get-intrinsic cache-miss
1606 silly fetch manifest gopd@^1.2.0
1607 silly packumentCache full:https://registry.npmjs.org/gopd cache-miss
1608 silly fetch manifest hasown@^2.0.2
1609 silly packumentCache full:https://registry.npmjs.org/hasown cache-miss
1610 silly fetch manifest get-proto@^1.0.1
1611 silly packumentCache full:https://registry.npmjs.org/get-proto cache-miss
1612 silly fetch manifest has-symbols@^1.1.0
1613 silly packumentCache full:https://registry.npmjs.org/has-symbols cache-miss
1614 silly fetch manifest function-bind@^1.1.2
1615 silly packumentCache full:https://registry.npmjs.org/function-bind cache-miss
1616 silly fetch manifest es-object-atoms@^1.1.1
1617 silly packumentCache full:https://registry.npmjs.org/es-object-atoms cache-miss
1618 silly fetch manifest math-intrinsics@^1.1.0
1619 silly packumentCache full:https://registry.npmjs.org/math-intrinsics cache-miss
1620 silly fetch manifest call-bind-apply-helpers@^1.0.2
1621 silly packumentCache full:https://registry.npmjs.org/call-bind-apply-helpers cache-miss
1622 http cache https://registry.npmjs.org/get-intrinsic 26ms (cache hit)
1623 silly packumentCache full:https://registry.npmjs.org/get-intrinsic set size:60985 disposed:false
1624 http fetch GET 200 https://registry.npmjs.org/call-bind-apply-helpers 54ms (cache miss)
1625 silly packumentCache full:https://registry.npmjs.org/call-bind-apply-helpers set size:undefined disposed:false
1626 http fetch GET 200 https://registry.npmjs.org/get-proto 55ms (cache miss)
1627 silly packumentCache full:https://registry.npmjs.org/get-proto set size:undefined disposed:false
1628 http fetch GET 200 https://registry.npmjs.org/gopd 57ms (cache miss)
1629 silly packumentCache full:https://registry.npmjs.org/gopd set size:undefined disposed:false
1630 http fetch GET 200 https://registry.npmjs.org/call-bind-apply-helpers 57ms (cache miss)
1631 silly packumentCache full:https://registry.npmjs.org/call-bind-apply-helpers set size:undefined disposed:false
1632 http fetch GET 200 https://registry.npmjs.org/math-intrinsics 59ms (cache miss)
1633 silly packumentCache full:https://registry.npmjs.org/math-intrinsics set size:undefined disposed:false
1634 http fetch GET 200 https://registry.npmjs.org/function-bind 62ms (cache miss)
1635 silly packumentCache full:https://registry.npmjs.org/function-bind set size:undefined disposed:false
1636 http fetch GET 200 https://registry.npmjs.org/es-object-atoms 63ms (cache miss)
1637 silly packumentCache full:https://registry.npmjs.org/es-object-atoms set size:undefined disposed:false
1638 http fetch GET 200 https://registry.npmjs.org/has-symbols 66ms (cache miss)
1639 silly packumentCache full:https://registry.npmjs.org/has-symbols set size:undefined disposed:false
1640 http fetch GET 200 https://registry.npmjs.org/hasown 70ms (cache miss)
1641 silly packumentCache full:https://registry.npmjs.org/hasown set size:undefined disposed:false
1642 silly placeDep ROOT call-bind-apply-helpers@1.0.2 OK for: call-bound@1.0.4 want: ^1.0.2
1643 silly placeDep ROOT function-bind@1.1.2 OK for: call-bind-apply-helpers@1.0.2 want: ^1.1.2
1644 silly placeDep ROOT es-object-atoms@1.1.2 OK for: get-intrinsic@1.3.0 want: ^1.1.1
1645 silly placeDep ROOT get-proto@1.0.1 OK for: get-intrinsic@1.3.0 want: ^1.0.1
1646 silly placeDep ROOT gopd@1.2.0 OK for: get-intrinsic@1.3.0 want: ^1.2.0
1647 silly placeDep ROOT has-symbols@1.1.0 OK for: get-intrinsic@1.3.0 want: ^1.1.0
1648 silly placeDep ROOT hasown@2.0.4 OK for: get-intrinsic@1.3.0 want: ^2.0.2
1649 silly placeDep ROOT math-intrinsics@1.1.0 OK for: get-intrinsic@1.3.0 want: ^1.1.0
1650 silly fetch manifest dunder-proto@^1.0.1
1651 silly packumentCache full:https://registry.npmjs.org/dunder-proto cache-miss
1652 http fetch GET 200 https://registry.npmjs.org/dunder-proto 36ms (cache miss)
1653 silly packumentCache full:https://registry.npmjs.org/dunder-proto set size:undefined disposed:false
1654 silly placeDep ROOT dunder-proto@1.0.1 OK for: get-proto@1.0.1 want: ^1.0.1
1655 silly placeDep ROOT emoji-regex@10.6.0 OK for: string-width@7.2.0 want: ^10.3.0
1656 silly placeDep ROOT get-east-asian-width@1.6.0 OK for: string-width@7.2.0 want: ^1.0.0
1657 silly placeDep node_modules/string-width strip-ansi@7.2.0 OK for: string-width@7.2.0 want: ^7.1.0
1658 silly placeDep ROOT get-own-enumerable-keys@1.0.0 OK for: stringify-object@5.0.0 want: ^1.0.0
1659 silly placeDep node_modules/stringify-object is-obj@3.0.0 OK for: stringify-object@5.0.0 want: ^3.0.0
1660 silly placeDep ROOT is-regexp@3.1.0 OK for: stringify-object@5.0.0 want: ^3.1.0
1661 silly placeDep ROOT ansi-regex@5.0.1 OK for: strip-ansi@6.0.1 want: ^5.0.1
1662 silly placeDep ROOT is-number@7.0.0 OK for: to-regex-range@5.0.1 want: ^7.0.0
1663 silly placeDep ROOT @ts-morph/common@0.27.0 OK for: ts-morph@26.0.0 want: ~0.27.0
1664 silly placeDep ROOT code-block-writer@13.0.3 OK for: ts-morph@26.0.0 want: ^13.0.3
1665 silly fetch manifest minimatch@^10.0.1
1666 silly packumentCache full:https://registry.npmjs.org/minimatch cache-miss
1667 silly fetch manifest path-browserify@^1.0.1
1668 silly packumentCache full:https://registry.npmjs.org/path-browserify cache-miss
1669 http fetch GET 200 https://registry.npmjs.org/path-browserify 48ms (cache miss)
1670 silly packumentCache full:https://registry.npmjs.org/path-browserify set size:undefined disposed:false
1671 http fetch GET 200 https://registry.npmjs.org/minimatch 52ms (cache miss)
1672 silly packumentCache full:https://registry.npmjs.org/minimatch set size:undefined disposed:false
1673 silly placeDep ROOT minimatch@10.2.5 OK for: @ts-morph/common@0.27.0 want: ^10.0.1
1674 silly placeDep ROOT path-browserify@1.0.1 OK for: @ts-morph/common@0.27.0 want: ^1.0.1
1675 silly fetch manifest brace-expansion@^5.0.5
1676 silly packumentCache full:https://registry.npmjs.org/brace-expansion cache-miss
1677 http fetch GET 200 https://registry.npmjs.org/brace-expansion 40ms (cache miss)
1678 silly packumentCache full:https://registry.npmjs.org/brace-expansion set size:undefined disposed:false
1679 silly placeDep ROOT brace-expansion@5.0.8 OK for: minimatch@10.2.5 want: ^5.0.5
1680 silly fetch manifest balanced-match@^4.0.2
1681 silly packumentCache full:https://registry.npmjs.org/balanced-match cache-miss
1682 http fetch GET 200 https://registry.npmjs.org/balanced-match 42ms (cache miss)
1683 silly packumentCache full:https://registry.npmjs.org/balanced-match set size:undefined disposed:false
1684 silly placeDep ROOT balanced-match@4.0.4 OK for: brace-expansion@5.0.8 want: ^4.0.2
1685 silly placeDep ROOT minimist@1.2.8 OK for: tsconfig-paths@4.2.0 want: ^1.2.6
1686 silly placeDep ROOT strip-bom@3.0.0 OK for: tsconfig-paths@4.2.0 want: ^3.0.0
1687 silly placeDep node_modules/type-is content-type@2.0.0 OK for: type-is@2.1.0 want: ^2.0.0
1688 silly placeDep ROOT media-typer@1.1.1 OK for: type-is@2.1.0 want: ^1.1.0
1689 silly placeDep ROOT escalade@3.2.0 OK for: update-browserslist-db@1.2.3 want: ^3.2.0
1690 silly placeDep ROOT isexe@3.1.5 OK for: which@4.0.0 want: ^3.1.1
1691 silly placeDep ROOT is-wsl@3.1.1 OK for: wsl-utils@0.3.1 want: ^3.1.0
1692 silly placeDep node_modules/@dotenvx/dotenvx get-stream@6.0.1 OK for: execa@5.1.1 want: ^6.0.0
1693 silly placeDep node_modules/@dotenvx/dotenvx human-signals@2.1.0 OK for: execa@5.1.1 want: ^2.1.0
1694 silly placeDep node_modules/@dotenvx/dotenvx is-stream@2.0.1 OK for: execa@5.1.1 want: ^2.0.0
1695 silly placeDep ROOT merge-stream@2.0.0 OK for: execa@5.1.1 want: ^2.0.0
1696 silly placeDep node_modules/@dotenvx/dotenvx npm-run-path@4.0.1 OK for: execa@5.1.1 want: ^4.0.1
1697 silly placeDep node_modules/@dotenvx/dotenvx signal-exit@3.0.7 OK for: execa@5.1.1 want: ^3.0.3
1698 silly placeDep node_modules/@dotenvx/dotenvx strip-final-newline@2.0.0 OK for: execa@5.1.1 want: ^2.0.0
1699 silly placeDep node_modules/@dotenvx/dotenvx define-lazy-prop@2.0.0 OK for: open@8.4.2 want: ^2.0.0
1700 silly placeDep node_modules/@dotenvx/dotenvx is-docker@2.2.1 OK for: open@8.4.2 want: ^2.1.1
1701 silly placeDep node_modules/@dotenvx/dotenvx is-wsl@2.2.0 OK for: open@8.4.2 want: ^2.2.0
1702 silly placeDep node_modules/cross-spawn isexe@2.0.0 OK for: which@2.0.2 want: ^2.0.0
1703 silly placeDep node_modules/ora ansi-regex@6.2.2 OK for: strip-ansi@7.2.0 want: ^6.2.2
1704 silly placeDep ROOT mimic-function@5.0.1 OK for: onetime@7.0.0 want: ^5.0.0
1705 silly placeDep node_modules/string-width ansi-regex@6.2.2 OK for: strip-ansi@7.2.0 want: ^6.2.2
1706 silly reify moves {}
1707 silly audit bulk request {
1707 silly audit   shadcn: [ '4.14.1' ],
1707 silly audit   '@babel/core': [ '7.29.7' ],
1707 silly audit   '@babel/parser': [ '7.29.7' ],
1707 silly audit   '@babel/plugin-transform-typescript': [ '7.29.7' ],
1707 silly audit   '@babel/preset-typescript': [ '7.29.7' ],
1707 silly audit   '@dotenvx/dotenvx': [ '1.75.1' ],
1707 silly audit   '@modelcontextprotocol/sdk': [ '1.29.0' ],
1707 silly audit   '@types/validate-npm-package-name': [ '4.0.2' ],
1707 silly audit   browserslist: [ '4.28.7' ],
1707 silly audit   commander: [ '14.0.3', '11.1.0' ],
1707 silly audit   cosmiconfig: [ '9.0.2' ],
1707 silly audit   dedent: [ '1.7.2' ],
1707 silly audit   deepmerge: [ '4.3.1' ],
1707 silly audit   diff: [ '8.0.4' ],
1707 silly audit   execa: [ '9.6.1', '5.1.1' ],
1707 silly audit   'fast-glob': [ '3.3.3' ],
1707 silly audit   'fs-extra': [ '11.4.0' ],
1707 silly audit   fuzzysort: [ '3.1.0' ],
1707 silly audit   kleur: [ '4.1.5', '3.0.3' ],
1707 silly audit   open: [ '11.0.0', '8.4.2' ],
1707 silly audit   ora: [ '8.2.0' ],
1707 silly audit   postcss: [ '8.5.22' ],
1707 silly audit   'postcss-selector-parser': [ '7.1.4' ],
1707 silly audit   prompts: [ '2.4.2' ],
1707 silly audit   recast: [ '0.23.12' ],
1707 silly audit   'stringify-object': [ '5.0.0' ],
1707 silly audit   'tailwind-merge': [ '3.6.0' ],
1707 silly audit   'ts-morph': [ '26.0.0' ],
1707 silly audit   'tsconfig-paths': [ '4.2.0' ],
1707 silly audit   undici: [ '7.28.0' ],
1707 silly audit   'validate-npm-package-name': [ '7.0.2' ],
1707 silly audit   zod: [ '3.25.76' ],
1707 silly audit   'zod-to-json-schema': [ '3.25.2' ],
1707 silly audit   '@babel/code-frame': [ '7.29.7' ],
1707 silly audit   '@babel/generator': [ '7.29.7' ],
1707 silly audit   '@babel/helper-compilation-targets': [ '7.29.7' ],
1707 silly audit   '@babel/helper-module-transforms': [ '7.29.7' ],
1707 silly audit   '@babel/helpers': [ '7.29.7' ],
1707 silly audit   '@babel/template': [ '7.29.7' ],
1707 silly audit   '@babel/traverse': [ '7.29.7' ],
1707 silly audit   '@babel/types': [ '7.29.7' ],
1707 silly audit   '@jridgewell/remapping': [ '2.3.5' ],
1707 silly audit   'convert-source-map': [ '2.0.0' ],
1707 silly audit   debug: [ '4.4.3' ],
1707 silly audit   gensync: [ '1.0.0-beta.2' ],
1707 silly audit   json5: [ '2.2.3' ],
1707 silly audit   semver: [ '6.3.1', '7.8.5' ],
1707 silly audit   '@babel/helper-validator-identifier': [ '7.29.7' ],
1707 silly audit   'js-tokens': [ '4.0.0' ],
1707 silly audit   picocolors: [ '1.1.1' ],
1707 silly audit   '@jridgewell/gen-mapping': [ '0.3.13' ],
1707 silly audit   '@jridgewell/trace-mapping': [ '0.3.31' ],
1707 silly audit   jsesc: [ '3.1.0' ],
1707 silly audit   '@babel/compat-data': [ '7.29.7' ],
1707 silly audit   '@babel/helper-validator-option': [ '7.29.7' ],
1707 silly audit   'lru-cache': [ '5.1.1' ],
1707 silly audit   '@babel/helper-module-imports': [ '7.29.7' ],
1707 silly audit   '@babel/helper-annotate-as-pure': [ '7.29.7' ],
1707 silly audit   '@babel/helper-create-class-features-plugin': [ '7.29.7' ],
1707 silly audit   '@babel/helper-plugin-utils': [ '7.29.7' ],
1707 silly audit   '@babel/helper-skip-transparent-expression-wrappers': [ '7.29.7' ],
1707 silly audit   '@babel/plugin-syntax-typescript': [ '7.29.7' ],
1707 silly audit   '@babel/helper-member-expression-to-functions': [ '7.29.7' ],
1707 silly audit   '@babel/helper-optimise-call-expression': [ '7.29.7' ],
1707 silly audit   '@babel/helper-replace-supers': [ '7.29.7' ],
1707 silly audit   '@babel/plugin-syntax-jsx': [ '7.29.7' ],
1707 silly audit   '@babel/plugin-transform-modules-commonjs': [ '7.29.7' ],
1707 silly audit   '@babel/helper-globals': [ '7.29.7' ],
1707 silly audit   '@babel/helper-string-parser': [ '7.29.7' ],
1707 silly audit   '@dotenvx/primitives': [ '0.8.0' ],
1707 silly audit   conf: [ '10.2.0' ],
1707 silly audit   dotenv: [ '17.4.2' ],
1707 silly audit   enquirer: [ '2.4.1' ],
1707 silly audit   'env-paths': [ '2.2.1' ],
1707 silly audit   fdir: [ '6.5.0' ],
1707 silly audit   ignore: [ '5.3.2' ],
1707 silly audit   'object-treeify': [ '1.1.33' ],
1707 silly audit   picomatch: [ '4.0.5', '2.3.2' ],
1707 silly audit   systeminformation: [ '5.33.1' ],
1707 silly audit   which: [ '4.0.0', '2.0.2' ],
1707 silly audit   'yocto-spinner': [ '1.2.2' ],
1707 silly audit   '@jridgewell/sourcemap-codec': [ '1.5.5' ],
1707 silly audit   '@jridgewell/resolve-uri': [ '3.1.2' ],
1707 silly audit   '@hono/node-server': [ '1.19.15' ],
1707 silly audit   hono: [ '4.12.31' ],
1707 silly audit   ajv: [ '8.20.0' ],
1707 silly audit   'ajv-formats': [ '3.0.1', '2.1.1' ],
1707 silly audit   'content-type': [ '1.0.5', '2.0.0' ],
1707 silly audit   cors: [ '2.8.6' ],
1707 silly audit   'cross-spawn': [ '7.0.6' ],
1707 silly audit   eventsource: [ '3.0.7' ],
1707 silly audit   'eventsource-parser': [ '3.1.0' ],
1707 silly audit   express: [ '5.2.1' ],
1707 silly audit   'express-rate-limit': [ '8.6.0' ],
1707 silly audit   jose: [ '6.2.4' ],
1707 silly audit   'json-schema-typed': [ '8.0.2', '7.0.3' ],
1707 silly audit   'pkce-challenge': [ '5.0.1' ],
1707 silly audit   'raw-body': [ '3.0.2' ],
1707 silly audit   'fast-deep-equal': [ '3.1.3' ],
1707 silly audit   'fast-uri': [ '3.1.4' ],
1707 silly audit   'json-schema-traverse': [ '1.0.0' ],
1707 silly audit   'require-from-string': [ '2.0.2' ],
1707 silly audit   'baseline-browser-mapping': [ '2.11.1' ],
1707 silly audit   'caniuse-lite': [ '1.0.30001806' ],
1707 silly audit   'electron-to-chromium': [ '1.5.396' ],
1707 silly audit   'node-releases': [ '2.0.51' ],
1707 silly audit   'update-browserslist-db': [ '1.2.3' ],
1707 silly audit   atomically: [ '1.7.0' ],
1707 silly audit   'debounce-fn': [ '4.0.0' ],
1707 silly audit   'dot-prop': [ '6.0.1' ],
1707 silly audit   onetime: [ '5.1.2', '7.0.0' ],
1707 silly audit   'pkg-up': [ '3.1.0' ],
1707 silly audit   'object-assign': [ '4.1.1' ],
1707 silly audit   vary: [ '1.1.2' ],
1707 silly audit   'import-fresh': [ '3.3.1' ],
1707 silly audit   'js-yaml': [ '4.3.0' ],
1707 silly audit   'parse-json': [ '5.2.0' ],
1707 silly audit   'path-key': [ '3.1.1', '4.0.0' ],
1707 silly audit   'shebang-command': [ '2.0.0' ],
1707 silly audit   'mimic-fn': [ '3.1.0', '2.1.0' ],
1707 silly audit   ms: [ '2.1.3' ],
1707 silly audit   'is-obj': [ '2.0.0', '3.0.0' ],
1707 silly audit   'ansi-colors': [ '4.1.3' ],
1707 silly audit   'strip-ansi': [ '6.0.1', '7.2.0' ],
1707 silly audit   '@sindresorhus/merge-streams': [ '4.0.0' ],
1707 silly audit   figures: [ '6.1.0' ],
1707 silly audit   'get-stream': [ '9.0.1', '6.0.1' ],
1707 silly audit   'human-signals': [ '8.0.1', '2.1.0' ],
1707 silly audit   'is-plain-obj': [ '4.1.0' ],
1707 silly audit   'is-stream': [ '4.0.1', '2.0.1' ],
1707 silly audit   'npm-run-path': [ '6.0.0', '4.0.1' ],
1707 silly audit   'pretty-ms': [ '9.3.0' ],
1707 silly audit   'signal-exit': [ '4.1.0', '3.0.7' ],
1707 silly audit   'strip-final-newline': [ '4.0.0', '2.0.0' ],
1707 silly audit   yoctocolors: [ '2.1.2' ],
1707 silly audit   accepts: [ '2.0.0' ],
1707 silly audit   'body-parser': [ '2.3.0' ],
1707 silly audit   'content-disposition': [ '1.1.0' ],
1707 silly audit   cookie: [ '0.7.2' ],
1707 silly audit   'cookie-signature': [ '1.2.2' ],
1707 silly audit   depd: [ '2.0.0' ],
1707 silly audit   encodeurl: [ '2.0.0' ],
1707 silly audit   'escape-html': [ '1.0.3' ],
1707 silly audit   etag: [ '1.8.1' ],
1707 silly audit   finalhandler: [ '2.1.1' ],
1707 silly audit   fresh: [ '2.0.0' ],
1707 silly audit   'http-errors': [ '2.0.1' ],
1707 silly audit   'merge-descriptors': [ '2.0.0' ],
1707 silly audit   'mime-types': [ '3.0.2' ],
1707 silly audit   'on-finished': [ '2.4.1' ],
1707 silly audit   once: [ '1.4.0' ],
1707 silly audit   parseurl: [ '1.3.3' ],
1707 silly audit   'proxy-addr': [ '2.0.7' ],
1707 silly audit   qs: [ '6.15.3' ],
1707 silly audit   'range-parser': [ '1.3.0' ],
1707 silly audit   router: [ '2.2.0' ],
1707 silly audit   send: [ '1.2.1' ],
1707 silly audit   'serve-static': [ '2.2.1' ],
1707 silly audit   statuses: [ '2.0.2' ],
1707 silly audit   'type-is': [ '2.1.0' ],
1707 silly audit   negotiator: [ '1.0.0' ],
1707 silly audit   bytes: [ '3.1.2' ],
1707 silly audit   'iconv-lite': [ '0.7.3' ],
1707 silly audit   'ip-address': [ '10.2.0' ],
1707 silly audit   '@nodelib/fs.stat': [ '2.0.5' ],
1707 silly audit   '@nodelib/fs.walk': [ '1.2.8' ],
1707 silly audit   'glob-parent': [ '5.1.2' ],
1707 silly audit   merge2: [ '1.4.1' ],
1707 silly audit   micromatch: [ '4.0.8' ],
1707 silly audit   '@nodelib/fs.scandir': [ '2.1.5' ],
1707 silly audit   fastq: [ '1.20.1' ],
1707 silly audit   'run-parallel': [ '1.2.0' ],
1707 silly audit   reusify: [ '1.1.0' ],
1707 silly audit   'is-unicode-supported': [ '2.1.0', '1.3.0' ],
1707 silly audit   'graceful-fs': [ '4.2.11' ],
1707 silly audit   jsonfile: [ '6.2.1' ],
1707 silly audit   universalify: [ '2.0.1' ],
1707 silly audit   '@sec-ant/readable-stream': [ '0.4.1' ],
1707 silly audit   'is-glob': [ '4.0.3' ],
1707 silly audit   inherits: [ '2.0.4' ],
1707 silly audit   setprototypeof: [ '1.2.0' ],
1707 silly audit   toidentifier: [ '1.0.1' ],
1707 silly audit   'safer-buffer': [ '2.1.2' ],
1707 silly audit   'parent-module': [ '1.0.1' ],
1707 silly audit   'resolve-from': [ '4.0.0' ],
1707 silly audit   'is-extglob': [ '2.1.1' ],
1707 silly audit   argparse: [ '2.0.1' ],
1707 silly audit   yallist: [ '3.1.1' ],
1707 silly audit   braces: [ '3.0.3' ],
1707 silly audit   'fill-range': [ '7.1.1' ],
1707 silly audit   'to-regex-range': [ '5.0.1' ],
1707 silly audit   'mime-db': [ '1.54.0' ],
1707 silly audit   'unicorn-magic': [ '0.3.0' ],
1707 silly audit   'ee-first': [ '1.1.1' ],
1707 silly audit   wrappy: [ '1.0.2' ],
1707 silly audit   'default-browser': [ '5.5.0' ],
1707 silly audit   'define-lazy-prop': [ '3.0.0', '2.0.0' ],
1707 silly audit   'is-in-ssh': [ '1.0.0' ],
1707 silly audit   'is-inside-container': [ '1.0.0' ],
1707 silly audit   'powershell-utils': [ '0.1.0' ],
1707 silly audit   'wsl-utils': [ '0.3.1' ],
1707 silly audit   'bundle-name': [ '4.1.0' ],
1707 silly audit   'default-browser-id': [ '5.0.1' ],
1707 silly audit   'run-applescript': [ '7.1.0' ],
1707 silly audit   'is-docker': [ '3.0.0', '2.2.1' ],
1707 silly audit   chalk: [ '5.6.2' ],
1707 silly audit   'cli-cursor': [ '5.0.0' ],
1707 silly audit   'cli-spinners': [ '2.9.2' ],
1707 silly audit   'is-interactive': [ '2.0.0' ],
1707 silly audit   'log-symbols': [ '6.0.0' ],
1707 silly audit   'stdin-discarder': [ '0.2.2' ],
1707 silly audit   'string-width': [ '7.2.0' ],
1707 silly audit   'restore-cursor': [ '5.1.0' ],
1707 silly audit   callsites: [ '3.1.0' ],
1707 silly audit   'error-ex': [ '1.3.4' ],
1707 silly audit   'json-parse-even-better-errors': [ '2.3.1' ],
1707 silly audit   'lines-and-columns': [ '1.2.4' ],
1707 silly audit   'is-arrayish': [ '0.2.1' ],
1707 silly audit   'find-up': [ '3.0.0' ],
1707 silly audit   'locate-path': [ '3.0.0' ],
1707 silly audit   'p-locate': [ '3.0.0' ],
1707 silly audit   'path-exists': [ '3.0.0' ],
1707 silly audit   'p-limit': [ '2.3.0' ],
1707 silly audit   'p-try': [ '2.2.0' ],
1707 silly audit   nanoid: [ '3.3.16' ],
1707 silly audit   'source-map-js': [ '1.2.1' ],
1707 silly audit   cssesc: [ '3.0.0' ],
1707 silly audit   'util-deprecate': [ '1.0.2' ],
1707 silly audit   'parse-ms': [ '4.0.0' ],
1707 silly audit   sisteransi: [ '1.0.5' ],
1707 silly audit   forwarded: [ '0.2.0' ],
1707 silly audit   'ipaddr.js': [ '1.9.1' ],
1707 silly audit   'es-define-property': [ '1.0.1' ],
1707 silly audit   'side-channel': [ '1.1.1' ],
1707 silly audit   unpipe: [ '1.0.0' ],
1707 silly audit   'ast-types': [ '0.16.1' ],
1707 silly audit   esprima: [ '4.0.1' ],
1707 silly audit   'source-map': [ '0.6.1' ],
1707 silly audit   'tiny-invariant': [ '1.3.3' ],
1707 silly audit   tslib: [ '2.8.1' ],
1707 silly audit   'is-promise': [ '4.0.0' ],
1707 silly audit   'path-to-regexp': [ '8.4.2' ],
1707 silly audit   'queue-microtask': [ '1.2.3' ],
1707 silly audit   'shebang-regex': [ '3.0.0' ],
1707 silly audit   'es-errors': [ '1.3.0' ],
1707 silly audit   'object-inspect': [ '1.13.4' ],
1707 silly audit   'side-channel-list': [ '1.0.1' ],
1707 silly audit   'side-channel-map': [ '1.0.1' ],
1707 silly audit   'side-channel-weakmap': [ '1.0.2' ],
1707 silly audit   'call-bound': [ '1.0.4' ],
1707 silly audit   'get-intrinsic': [ '1.3.0' ],
1707 silly audit   'call-bind-apply-helpers': [ '1.0.2' ],
1707 silly audit   'function-bind': [ '1.1.2' ],
1707 silly audit   'es-object-atoms': [ '1.1.2' ],
1707 silly audit   'get-proto': [ '1.0.1' ],
1707 silly audit   gopd: [ '1.2.0' ],
1707 silly audit   'has-symbols': [ '1.1.0' ],
1707 silly audit   hasown: [ '2.0.4' ],
1707 silly audit   'math-intrinsics': [ '1.1.0' ],
1707 silly audit   'dunder-proto': [ '1.0.1' ],
1707 silly audit   'emoji-regex': [ '10.6.0' ],
1707 silly audit   'get-east-asian-width': [ '1.6.0' ],
1707 silly audit   'get-own-enumerable-keys': [ '1.0.0' ],
1707 silly audit   'is-regexp': [ '3.1.0' ],
1707 silly audit   'ansi-regex': [ '5.0.1', '6.2.2' ],
1707 silly audit   'is-number': [ '7.0.0' ],
1707 silly audit   '@ts-morph/common': [ '0.27.0' ],
1707 silly audit   'code-block-writer': [ '13.0.3' ],
1707 silly audit   minimatch: [ '10.2.5' ],
1707 silly audit   'path-browserify': [ '1.0.1' ],
1707 silly audit   'brace-expansion': [ '5.0.8' ],
1707 silly audit   'balanced-match': [ '4.0.4' ],
1707 silly audit   minimist: [ '1.2.8' ],
1707 silly audit   'strip-bom': [ '3.0.0' ],
1707 silly audit   'media-typer': [ '1.1.1' ],
1707 silly audit   escalade: [ '3.2.0' ],
1707 silly audit   isexe: [ '3.1.5', '2.0.0' ],
1707 silly audit   'is-wsl': [ '3.1.1', '2.2.0' ],
1707 silly audit   'merge-stream': [ '2.0.0' ],
1707 silly audit   'mimic-function': [ '5.0.1' ]
1707 silly audit }
1708 http cache mimic-function@https://registry.npmjs.org/mimic-function/-/mimic-function-5.0.1.tgz 0ms (cache hit)
1709 http cache merge-stream@https://registry.npmjs.org/merge-stream/-/merge-stream-2.0.0.tgz 0ms (cache hit)
1710 http cache is-wsl@https://registry.npmjs.org/is-wsl/-/is-wsl-3.1.1.tgz 0ms (cache hit)
1711 http cache isexe@https://registry.npmjs.org/isexe/-/isexe-3.1.5.tgz 0ms (cache hit)
1712 http cache strip-bom@https://registry.npmjs.org/strip-bom/-/strip-bom-3.0.0.tgz 0ms (cache hit)
1713 http cache media-typer@https://registry.npmjs.org/media-typer/-/media-typer-1.1.1.tgz 0ms (cache hit)
1714 http cache escalade@https://registry.npmjs.org/escalade/-/escalade-3.2.0.tgz 0ms (cache hit)
1715 http cache balanced-match@https://registry.npmjs.org/balanced-match/-/balanced-match-4.0.4.tgz 0ms (cache hit)
1716 http cache minimist@https://registry.npmjs.org/minimist/-/minimist-1.2.8.tgz 0ms (cache hit)
1717 http cache minimatch@https://registry.npmjs.org/minimatch/-/minimatch-10.2.5.tgz 0ms (cache hit)
1718 http cache brace-expansion@https://registry.npmjs.org/brace-expansion/-/brace-expansion-5.0.8.tgz 0ms (cache hit)
1719 http cache path-browserify@https://registry.npmjs.org/path-browserify/-/path-browserify-1.0.1.tgz 0ms (cache hit)
1720 http cache code-block-writer@https://registry.npmjs.org/code-block-writer/-/code-block-writer-13.0.3.tgz 0ms (cache hit)
1721 http cache @ts-morph/common@https://registry.npmjs.org/@ts-morph/common/-/common-0.27.0.tgz 0ms (cache hit)
1722 http cache is-number@https://registry.npmjs.org/is-number/-/is-number-7.0.0.tgz 0ms (cache hit)
1723 http cache is-regexp@https://registry.npmjs.org/is-regexp/-/is-regexp-3.1.0.tgz 0ms (cache hit)
1724 http cache get-own-enumerable-keys@https://registry.npmjs.org/get-own-enumerable-keys/-/get-own-enumerable-keys-1.0.0.tgz 0ms (cache hit)
1725 http cache ansi-regex@https://registry.npmjs.org/ansi-regex/-/ansi-regex-5.0.1.tgz 0ms (cache hit)
1726 http cache get-east-asian-width@https://registry.npmjs.org/get-east-asian-width/-/get-east-asian-width-1.6.0.tgz 0ms (cache hit)
1727 http cache math-intrinsics@https://registry.npmjs.org/math-intrinsics/-/math-intrinsics-1.1.0.tgz 0ms (cache hit)
1728 http cache hasown@https://registry.npmjs.org/hasown/-/hasown-2.0.4.tgz 0ms (cache hit)
1729 http cache emoji-regex@https://registry.npmjs.org/emoji-regex/-/emoji-regex-10.6.0.tgz 0ms (cache hit)
1730 http cache dunder-proto@https://registry.npmjs.org/dunder-proto/-/dunder-proto-1.0.1.tgz 0ms (cache hit)
1731 http cache has-symbols@https://registry.npmjs.org/has-symbols/-/has-symbols-1.1.0.tgz 0ms (cache hit)
1732 http cache gopd@https://registry.npmjs.org/gopd/-/gopd-1.2.0.tgz 0ms (cache hit)
1733 http cache get-proto@https://registry.npmjs.org/get-proto/-/get-proto-1.0.1.tgz 0ms (cache hit)
1734 http cache function-bind@https://registry.npmjs.org/function-bind/-/function-bind-1.1.2.tgz 0ms (cache hit)
1735 http cache es-object-atoms@https://registry.npmjs.org/es-object-atoms/-/es-object-atoms-1.1.2.tgz 0ms (cache hit)
1736 http cache call-bind-apply-helpers@https://registry.npmjs.org/call-bind-apply-helpers/-/call-bind-apply-helpers-1.0.2.tgz 0ms (cache hit)
1737 http cache get-intrinsic@https://registry.npmjs.org/get-intrinsic/-/get-intrinsic-1.3.0.tgz 0ms (cache hit)
1738 http cache side-channel-weakmap@https://registry.npmjs.org/side-channel-weakmap/-/side-channel-weakmap-1.0.2.tgz 0ms (cache hit)
1739 http cache call-bound@https://registry.npmjs.org/call-bound/-/call-bound-1.0.4.tgz 0ms (cache hit)
1740 http cache side-channel-map@https://registry.npmjs.org/side-channel-map/-/side-channel-map-1.0.1.tgz 0ms (cache hit)
1741 http cache side-channel-list@https://registry.npmjs.org/side-channel-list/-/side-channel-list-1.0.1.tgz 0ms (cache hit)
1742 http cache object-inspect@https://registry.npmjs.org/object-inspect/-/object-inspect-1.13.4.tgz 0ms (cache hit)
1743 http cache shebang-regex@https://registry.npmjs.org/shebang-regex/-/shebang-regex-3.0.0.tgz 0ms (cache hit)
1744 http cache es-errors@https://registry.npmjs.org/es-errors/-/es-errors-1.3.0.tgz 0ms (cache hit)
1745 http cache queue-microtask@https://registry.npmjs.org/queue-microtask/-/queue-microtask-1.2.3.tgz 0ms (cache hit)
1746 http cache path-to-regexp@https://registry.npmjs.org/path-to-regexp/-/path-to-regexp-8.4.2.tgz 0ms (cache hit)
1747 http cache is-promise@https://registry.npmjs.org/is-promise/-/is-promise-4.0.0.tgz 0ms (cache hit)
1748 http cache source-map@https://registry.npmjs.org/source-map/-/source-map-0.6.1.tgz 0ms (cache hit)
1749 http cache esprima@https://registry.npmjs.org/esprima/-/esprima-4.0.1.tgz 0ms (cache hit)
1750 http cache tiny-invariant@https://registry.npmjs.org/tiny-invariant/-/tiny-invariant-1.3.3.tgz 0ms (cache hit)
1751 http cache tslib@https://registry.npmjs.org/tslib/-/tslib-2.8.1.tgz 0ms (cache hit)
1752 http cache ast-types@https://registry.npmjs.org/ast-types/-/ast-types-0.16.1.tgz 0ms (cache hit)
1753 http cache unpipe@https://registry.npmjs.org/unpipe/-/unpipe-1.0.0.tgz 0ms (cache hit)
1754 http cache side-channel@https://registry.npmjs.org/side-channel/-/side-channel-1.1.1.tgz 0ms (cache hit)
1755 http cache es-define-property@https://registry.npmjs.org/es-define-property/-/es-define-property-1.0.1.tgz 0ms (cache hit)
1756 http cache ipaddr.js@https://registry.npmjs.org/ipaddr.js/-/ipaddr.js-1.9.1.tgz 0ms (cache hit)
1757 http cache forwarded@https://registry.npmjs.org/forwarded/-/forwarded-0.2.0.tgz 0ms (cache hit)
1758 http cache sisteransi@https://registry.npmjs.org/sisteransi/-/sisteransi-1.0.5.tgz 0ms (cache hit)
1759 http cache util-deprecate@https://registry.npmjs.org/util-deprecate/-/util-deprecate-1.0.2.tgz 0ms (cache hit)
1760 http cache parse-ms@https://registry.npmjs.org/parse-ms/-/parse-ms-4.0.0.tgz 0ms (cache hit)
1761 http cache cssesc@https://registry.npmjs.org/cssesc/-/cssesc-3.0.0.tgz 0ms (cache hit)
1762 http cache nanoid@https://registry.npmjs.org/nanoid/-/nanoid-3.3.16.tgz 0ms (cache hit)
1763 http cache p-limit@https://registry.npmjs.org/p-limit/-/p-limit-2.3.0.tgz 0ms (cache hit)
1764 http cache p-try@https://registry.npmjs.org/p-try/-/p-try-2.2.0.tgz 0ms (cache hit)
1765 http cache source-map-js@https://registry.npmjs.org/source-map-js/-/source-map-js-1.2.1.tgz 0ms (cache hit)
1766 http cache path-exists@https://registry.npmjs.org/path-exists/-/path-exists-3.0.0.tgz 0ms (cache hit)
1767 http cache p-locate@https://registry.npmjs.org/p-locate/-/p-locate-3.0.0.tgz 0ms (cache hit)
1768 http cache locate-path@https://registry.npmjs.org/locate-path/-/locate-path-3.0.0.tgz 0ms (cache hit)
1769 http cache find-up@https://registry.npmjs.org/find-up/-/find-up-3.0.0.tgz 0ms (cache hit)
1770 http cache is-arrayish@https://registry.npmjs.org/is-arrayish/-/is-arrayish-0.2.1.tgz 0ms (cache hit)
1771 http cache lines-and-columns@https://registry.npmjs.org/lines-and-columns/-/lines-and-columns-1.2.4.tgz 0ms (cache hit)
1772 http cache json-parse-even-better-errors@https://registry.npmjs.org/json-parse-even-better-errors/-/json-parse-even-better-errors-2.3.1.tgz 0ms (cache hit)
1773 http cache error-ex@https://registry.npmjs.org/error-ex/-/error-ex-1.3.4.tgz 0ms (cache hit)
1774 http cache callsites@https://registry.npmjs.org/callsites/-/callsites-3.1.0.tgz 0ms (cache hit)
1775 http cache string-width@https://registry.npmjs.org/string-width/-/string-width-7.2.0.tgz 0ms (cache hit)
1776 http cache is-interactive@https://registry.npmjs.org/is-interactive/-/is-interactive-2.0.0.tgz 0ms (cache hit)
1777 http cache restore-cursor@https://registry.npmjs.org/restore-cursor/-/restore-cursor-5.1.0.tgz 0ms (cache hit)
1778 http cache stdin-discarder@https://registry.npmjs.org/stdin-discarder/-/stdin-discarder-0.2.2.tgz 0ms (cache hit)
1779 http cache log-symbols@https://registry.npmjs.org/log-symbols/-/log-symbols-6.0.0.tgz 0ms (cache hit)
1780 http cache cli-spinners@https://registry.npmjs.org/cli-spinners/-/cli-spinners-2.9.2.tgz 0ms (cache hit)
1781 http cache chalk@https://registry.npmjs.org/chalk/-/chalk-5.6.2.tgz 0ms (cache hit)
1782 http cache is-docker@https://registry.npmjs.org/is-docker/-/is-docker-3.0.0.tgz 0ms (cache hit)
1783 http cache cli-cursor@https://registry.npmjs.org/cli-cursor/-/cli-cursor-5.0.0.tgz 0ms (cache hit)
1784 http cache run-applescript@https://registry.npmjs.org/run-applescript/-/run-applescript-7.1.0.tgz 0ms (cache hit)
1785 http cache default-browser-id@https://registry.npmjs.org/default-browser-id/-/default-browser-id-5.0.1.tgz 0ms (cache hit)
1786 http cache bundle-name@https://registry.npmjs.org/bundle-name/-/bundle-name-4.1.0.tgz 0ms (cache hit)
1787 http cache wsl-utils@https://registry.npmjs.org/wsl-utils/-/wsl-utils-0.3.1.tgz 0ms (cache hit)
1788 http cache powershell-utils@https://registry.npmjs.org/powershell-utils/-/powershell-utils-0.1.0.tgz 0ms (cache hit)
1789 http cache is-inside-container@https://registry.npmjs.org/is-inside-container/-/is-inside-container-1.0.0.tgz 0ms (cache hit)
1790 http cache default-browser@https://registry.npmjs.org/default-browser/-/default-browser-5.5.0.tgz 0ms (cache hit)
1791 http cache is-in-ssh@https://registry.npmjs.org/is-in-ssh/-/is-in-ssh-1.0.0.tgz 0ms (cache hit)
1792 http cache define-lazy-prop@https://registry.npmjs.org/define-lazy-prop/-/define-lazy-prop-3.0.0.tgz 0ms (cache hit)
1793 http cache ee-first@https://registry.npmjs.org/ee-first/-/ee-first-1.1.1.tgz 0ms (cache hit)
1794 http cache wrappy@https://registry.npmjs.org/wrappy/-/wrappy-1.0.2.tgz 0ms (cache hit)
1795 http cache unicorn-magic@https://registry.npmjs.org/unicorn-magic/-/unicorn-magic-0.3.0.tgz 0ms (cache hit)
1796 http cache mime-db@https://registry.npmjs.org/mime-db/-/mime-db-1.54.0.tgz 0ms (cache hit)
1797 http cache fill-range@https://registry.npmjs.org/fill-range/-/fill-range-7.1.1.tgz 0ms (cache hit)
1798 http cache to-regex-range@https://registry.npmjs.org/to-regex-range/-/to-regex-range-5.0.1.tgz 0ms (cache hit)
1799 http cache yallist@https://registry.npmjs.org/yallist/-/yallist-3.1.1.tgz 0ms (cache hit)
1800 http cache braces@https://registry.npmjs.org/braces/-/braces-3.0.3.tgz 0ms (cache hit)
1801 http cache argparse@https://registry.npmjs.org/argparse/-/argparse-2.0.1.tgz 0ms (cache hit)
1802 http cache resolve-from@https://registry.npmjs.org/resolve-from/-/resolve-from-4.0.0.tgz 0ms (cache hit)
1803 http cache is-extglob@https://registry.npmjs.org/is-extglob/-/is-extglob-2.1.1.tgz 0ms (cache hit)
1804 http cache parent-module@https://registry.npmjs.org/parent-module/-/parent-module-1.0.1.tgz 0ms (cache hit)
1805 http cache safer-buffer@https://registry.npmjs.org/safer-buffer/-/safer-buffer-2.1.2.tgz 0ms (cache hit)
1806 http cache setprototypeof@https://registry.npmjs.org/setprototypeof/-/setprototypeof-1.2.0.tgz 0ms (cache hit)
1807 http cache inherits@https://registry.npmjs.org/inherits/-/inherits-2.0.4.tgz 0ms (cache hit)
1808 http cache toidentifier@https://registry.npmjs.org/toidentifier/-/toidentifier-1.0.1.tgz 0ms (cache hit)
1809 http cache is-glob@https://registry.npmjs.org/is-glob/-/is-glob-4.0.3.tgz 0ms (cache hit)
1810 http cache @sec-ant/readable-stream@https://registry.npmjs.org/@sec-ant/readable-stream/-/readable-stream-0.4.1.tgz 0ms (cache hit)
1811 http cache universalify@https://registry.npmjs.org/universalify/-/universalify-2.0.1.tgz 0ms (cache hit)
1812 http cache jsonfile@https://registry.npmjs.org/jsonfile/-/jsonfile-6.2.1.tgz 0ms (cache hit)
1813 http cache graceful-fs@https://registry.npmjs.org/graceful-fs/-/graceful-fs-4.2.11.tgz 0ms (cache hit)
1814 http cache is-unicode-supported@https://registry.npmjs.org/is-unicode-supported/-/is-unicode-supported-2.1.0.tgz 0ms (cache hit)
1815 http cache @nodelib/fs.scandir@https://registry.npmjs.org/@nodelib/fs.scandir/-/fs.scandir-2.1.5.tgz 0ms (cache hit)
1816 http cache run-parallel@https://registry.npmjs.org/run-parallel/-/run-parallel-1.2.0.tgz 0ms (cache hit)
1817 http cache reusify@https://registry.npmjs.org/reusify/-/reusify-1.1.0.tgz 0ms (cache hit)
1818 http cache micromatch@https://registry.npmjs.org/micromatch/-/micromatch-4.0.8.tgz 0ms (cache hit)
1819 http cache merge2@https://registry.npmjs.org/merge2/-/merge2-1.4.1.tgz 0ms (cache hit)
1820 http cache fastq@https://registry.npmjs.org/fastq/-/fastq-1.20.1.tgz 0ms (cache hit)
1821 http cache glob-parent@https://registry.npmjs.org/glob-parent/-/glob-parent-5.1.2.tgz 0ms (cache hit)
1822 http cache @nodelib/fs.walk@https://registry.npmjs.org/@nodelib/fs.walk/-/fs.walk-1.2.8.tgz 0ms (cache hit)
1823 http cache @nodelib/fs.stat@https://registry.npmjs.org/@nodelib/fs.stat/-/fs.stat-2.0.5.tgz 0ms (cache hit)
1824 http cache iconv-lite@https://registry.npmjs.org/iconv-lite/-/iconv-lite-0.7.3.tgz 0ms (cache hit)
1825 http cache bytes@https://registry.npmjs.org/bytes/-/bytes-3.1.2.tgz 0ms (cache hit)
1826 http cache ip-address@https://registry.npmjs.org/ip-address/-/ip-address-10.2.0.tgz 0ms (cache hit)
1827 http cache negotiator@https://registry.npmjs.org/negotiator/-/negotiator-1.0.0.tgz 0ms (cache hit)
1828 http cache statuses@https://registry.npmjs.org/statuses/-/statuses-2.0.2.tgz 0ms (cache hit)
1829 http cache type-is@https://registry.npmjs.org/type-is/-/type-is-2.1.0.tgz 0ms (cache hit)
1830 http cache serve-static@https://registry.npmjs.org/serve-static/-/serve-static-2.2.1.tgz 0ms (cache hit)
1831 http cache send@https://registry.npmjs.org/send/-/send-1.2.1.tgz 0ms (cache hit)
1832 http cache router@https://registry.npmjs.org/router/-/router-2.2.0.tgz 0ms (cache hit)
1833 http cache qs@https://registry.npmjs.org/qs/-/qs-6.15.3.tgz 0ms (cache hit)
1834 http cache parseurl@https://registry.npmjs.org/parseurl/-/parseurl-1.3.3.tgz 0ms (cache hit)
1835 http cache proxy-addr@https://registry.npmjs.org/proxy-addr/-/proxy-addr-2.0.7.tgz 0ms (cache hit)
1836 http cache on-finished@https://registry.npmjs.org/on-finished/-/on-finished-2.4.1.tgz 0ms (cache hit)
1837 http cache range-parser@https://registry.npmjs.org/range-parser/-/range-parser-1.3.0.tgz 0ms (cache hit)
1838 http cache once@https://registry.npmjs.org/once/-/once-1.4.0.tgz 0ms (cache hit)
1839 http cache merge-descriptors@https://registry.npmjs.org/merge-descriptors/-/merge-descriptors-2.0.0.tgz 0ms (cache hit)
1840 http cache http-errors@https://registry.npmjs.org/http-errors/-/http-errors-2.0.1.tgz 0ms (cache hit)
1841 http cache mime-types@https://registry.npmjs.org/mime-types/-/mime-types-3.0.2.tgz 0ms (cache hit)
1842 http cache finalhandler@https://registry.npmjs.org/finalhandler/-/finalhandler-2.1.1.tgz 0ms (cache hit)
1843 http cache fresh@https://registry.npmjs.org/fresh/-/fresh-2.0.0.tgz 0ms (cache hit)
1844 http cache etag@https://registry.npmjs.org/etag/-/etag-1.8.1.tgz 0ms (cache hit)
1845 http cache escape-html@https://registry.npmjs.org/escape-html/-/escape-html-1.0.3.tgz 0ms (cache hit)
1846 http cache encodeurl@https://registry.npmjs.org/encodeurl/-/encodeurl-2.0.0.tgz 0ms (cache hit)
1847 http cache cookie@https://registry.npmjs.org/cookie/-/cookie-0.7.2.tgz 0ms (cache hit)
1848 http cache depd@https://registry.npmjs.org/depd/-/depd-2.0.0.tgz 0ms (cache hit)
1849 http cache cookie-signature@https://registry.npmjs.org/cookie-signature/-/cookie-signature-1.2.2.tgz 0ms (cache hit)
1850 http cache body-parser@https://registry.npmjs.org/body-parser/-/body-parser-2.3.0.tgz 0ms (cache hit)
1851 http cache content-disposition@https://registry.npmjs.org/content-disposition/-/content-disposition-1.1.0.tgz 0ms (cache hit)
1852 http cache yoctocolors@https://registry.npmjs.org/yoctocolors/-/yoctocolors-2.1.2.tgz 0ms (cache hit)
1853 http cache accepts@https://registry.npmjs.org/accepts/-/accepts-2.0.0.tgz 0ms (cache hit)
1854 http cache strip-final-newline@https://registry.npmjs.org/strip-final-newline/-/strip-final-newline-4.0.0.tgz 0ms (cache hit)
1855 http cache signal-exit@https://registry.npmjs.org/signal-exit/-/signal-exit-4.1.0.tgz 0ms (cache hit)
1856 http cache pretty-ms@https://registry.npmjs.org/pretty-ms/-/pretty-ms-9.3.0.tgz 0ms (cache hit)
1857 http cache npm-run-path@https://registry.npmjs.org/npm-run-path/-/npm-run-path-6.0.0.tgz 0ms (cache hit)
1858 http cache is-stream@https://registry.npmjs.org/is-stream/-/is-stream-4.0.1.tgz 0ms (cache hit)
1859 http cache @sindresorhus/merge-streams@https://registry.npmjs.org/@sindresorhus/merge-streams/-/merge-streams-4.0.0.tgz 0ms (cache hit)
1860 http cache is-plain-obj@https://registry.npmjs.org/is-plain-obj/-/is-plain-obj-4.1.0.tgz 0ms (cache hit)
1861 http cache human-signals@https://registry.npmjs.org/human-signals/-/human-signals-8.0.1.tgz 0ms (cache hit)
1862 http cache get-stream@https://registry.npmjs.org/get-stream/-/get-stream-9.0.1.tgz 0ms (cache hit)
1863 http cache figures@https://registry.npmjs.org/figures/-/figures-6.1.0.tgz 0ms (cache hit)
1864 http cache strip-ansi@https://registry.npmjs.org/strip-ansi/-/strip-ansi-6.0.1.tgz 0ms (cache hit)
1865 http cache ms@https://registry.npmjs.org/ms/-/ms-2.1.3.tgz 0ms (cache hit)
1866 http cache ansi-colors@https://registry.npmjs.org/ansi-colors/-/ansi-colors-4.1.3.tgz 0ms (cache hit)
1867 http cache is-obj@https://registry.npmjs.org/is-obj/-/is-obj-2.0.0.tgz 0ms (cache hit)
1868 http cache mimic-fn@https://registry.npmjs.org/mimic-fn/-/mimic-fn-3.1.0.tgz 0ms (cache hit)
1869 http cache path-key@https://registry.npmjs.org/path-key/-/path-key-3.1.1.tgz 0ms (cache hit)
1870 http cache shebang-command@https://registry.npmjs.org/shebang-command/-/shebang-command-2.0.0.tgz 0ms (cache hit)
1871 http cache parse-json@https://registry.npmjs.org/parse-json/-/parse-json-5.2.0.tgz 0ms (cache hit)
1872 http cache js-yaml@https://registry.npmjs.org/js-yaml/-/js-yaml-4.3.0.tgz 0ms (cache hit)
1873 http cache import-fresh@https://registry.npmjs.org/import-fresh/-/import-fresh-3.3.1.tgz 0ms (cache hit)
1874 http cache vary@https://registry.npmjs.org/vary/-/vary-1.1.2.tgz 0ms (cache hit)
1875 http cache object-assign@https://registry.npmjs.org/object-assign/-/object-assign-4.1.1.tgz 0ms (cache hit)
1876 http cache pkg-up@https://registry.npmjs.org/pkg-up/-/pkg-up-3.1.0.tgz 0ms (cache hit)
1877 http cache onetime@https://registry.npmjs.org/onetime/-/onetime-5.1.2.tgz 0ms (cache hit)
1878 http cache dot-prop@https://registry.npmjs.org/dot-prop/-/dot-prop-6.0.1.tgz 0ms (cache hit)
1879 http cache atomically@https://registry.npmjs.org/atomically/-/atomically-1.7.0.tgz 1ms (cache hit)
1880 http cache debounce-fn@https://registry.npmjs.org/debounce-fn/-/debounce-fn-4.0.0.tgz 0ms (cache hit)
1881 http cache update-browserslist-db@https://registry.npmjs.org/update-browserslist-db/-/update-browserslist-db-1.2.3.tgz 0ms (cache hit)
1882 http cache caniuse-lite@https://registry.npmjs.org/caniuse-lite/-/caniuse-lite-1.0.30001806.tgz 0ms (cache hit)
1883 http cache baseline-browser-mapping@https://registry.npmjs.org/baseline-browser-mapping/-/baseline-browser-mapping-2.11.1.tgz 0ms (cache hit)
1884 http cache electron-to-chromium@https://registry.npmjs.org/electron-to-chromium/-/electron-to-chromium-1.5.396.tgz 0ms (cache hit)
1885 http cache node-releases@https://registry.npmjs.org/node-releases/-/node-releases-2.0.51.tgz 0ms (cache hit)
1886 http cache require-from-string@https://registry.npmjs.org/require-from-string/-/require-from-string-2.0.2.tgz 1ms (cache hit)
1887 http cache fast-uri@https://registry.npmjs.org/fast-uri/-/fast-uri-3.1.4.tgz 0ms (cache hit)
1888 http cache json-schema-traverse@https://registry.npmjs.org/json-schema-traverse/-/json-schema-traverse-1.0.0.tgz 0ms (cache hit)
1889 http cache raw-body@https://registry.npmjs.org/raw-body/-/raw-body-3.0.2.tgz 0ms (cache hit)
1890 http cache pkce-challenge@https://registry.npmjs.org/pkce-challenge/-/pkce-challenge-5.0.1.tgz 0ms (cache hit)
1891 http cache fast-deep-equal@https://registry.npmjs.org/fast-deep-equal/-/fast-deep-equal-3.1.3.tgz 0ms (cache hit)
1892 http cache json-schema-typed@https://registry.npmjs.org/json-schema-typed/-/json-schema-typed-8.0.2.tgz 0ms (cache hit)
1893 http cache express-rate-limit@https://registry.npmjs.org/express-rate-limit/-/express-rate-limit-8.6.0.tgz 0ms (cache hit)
1894 http cache jose@https://registry.npmjs.org/jose/-/jose-6.2.4.tgz 0ms (cache hit)
1895 http cache eventsource-parser@https://registry.npmjs.org/eventsource-parser/-/eventsource-parser-3.1.0.tgz 0ms (cache hit)
1896 http cache eventsource@https://registry.npmjs.org/eventsource/-/eventsource-3.0.7.tgz 0ms (cache hit)
1897 http cache cross-spawn@https://registry.npmjs.org/cross-spawn/-/cross-spawn-7.0.6.tgz 0ms (cache hit)
1898 http cache cors@https://registry.npmjs.org/cors/-/cors-2.8.6.tgz 0ms (cache hit)
1899 http cache content-type@https://registry.npmjs.org/content-type/-/content-type-1.0.5.tgz 0ms (cache hit)
1900 http cache express@https://registry.npmjs.org/express/-/express-5.2.1.tgz 0ms (cache hit)
1901 http cache ajv-formats@https://registry.npmjs.org/ajv-formats/-/ajv-formats-3.0.1.tgz 0ms (cache hit)
1902 http cache ajv@https://registry.npmjs.org/ajv/-/ajv-8.20.0.tgz 0ms (cache hit)
1903 http cache @hono/node-server@https://registry.npmjs.org/@hono/node-server/-/node-server-1.19.15.tgz 0ms (cache hit)
1904 http cache yocto-spinner@https://registry.npmjs.org/yocto-spinner/-/yocto-spinner-1.2.2.tgz 0ms (cache hit)
1905 http cache hono@https://registry.npmjs.org/hono/-/hono-4.12.31.tgz 0ms (cache hit)
1906 http cache which@https://registry.npmjs.org/which/-/which-4.0.0.tgz 0ms (cache hit)
1907 http cache @jridgewell/resolve-uri@https://registry.npmjs.org/@jridgewell/resolve-uri/-/resolve-uri-3.1.2.tgz 0ms (cache hit)
1908 http cache @jridgewell/sourcemap-codec@https://registry.npmjs.org/@jridgewell/sourcemap-codec/-/sourcemap-codec-1.5.5.tgz 0ms (cache hit)
1909 http cache picomatch@https://registry.npmjs.org/picomatch/-/picomatch-4.0.5.tgz 0ms (cache hit)
1910 http cache object-treeify@https://registry.npmjs.org/object-treeify/-/object-treeify-1.1.33.tgz 0ms (cache hit)
1911 http cache ignore@https://registry.npmjs.org/ignore/-/ignore-5.3.2.tgz 0ms (cache hit)
1912 http cache systeminformation@https://registry.npmjs.org/systeminformation/-/systeminformation-5.33.1.tgz 0ms (cache hit)
1913 http cache fdir@https://registry.npmjs.org/fdir/-/fdir-6.5.0.tgz 0ms (cache hit)
1914 http cache enquirer@https://registry.npmjs.org/enquirer/-/enquirer-2.4.1.tgz 0ms (cache hit)
1915 http cache env-paths@https://registry.npmjs.org/env-paths/-/env-paths-2.2.1.tgz 0ms (cache hit)
1916 http cache @dotenvx/primitives@https://registry.npmjs.org/@dotenvx/primitives/-/primitives-0.8.0.tgz 0ms (cache hit)
1917 http cache dotenv@https://registry.npmjs.org/dotenv/-/dotenv-17.4.2.tgz 0ms (cache hit)
1918 http cache conf@https://registry.npmjs.org/conf/-/conf-10.2.0.tgz 0ms (cache hit)
1919 http cache @babel/helper-globals@https://registry.npmjs.org/@babel/helper-globals/-/helper-globals-7.29.7.tgz 0ms (cache hit)
1920 http cache @babel/plugin-transform-modules-commonjs@https://registry.npmjs.org/@babel/plugin-transform-modules-commonjs/-/plugin-transform-modules-commonjs-7.29.7.tgz 0ms (cache hit)
1921 http cache @babel/plugin-syntax-jsx@https://registry.npmjs.org/@babel/plugin-syntax-jsx/-/plugin-syntax-jsx-7.29.7.tgz 0ms (cache hit)
1922 http cache @babel/helper-string-parser@https://registry.npmjs.org/@babel/helper-string-parser/-/helper-string-parser-7.29.7.tgz 0ms (cache hit)
1923 http cache @babel/helper-optimise-call-expression@https://registry.npmjs.org/@babel/helper-optimise-call-expression/-/helper-optimise-call-expression-7.29.7.tgz 0ms (cache hit)
1924 http cache @babel/helper-replace-supers@https://registry.npmjs.org/@babel/helper-replace-supers/-/helper-replace-supers-7.29.7.tgz 0ms (cache hit)
1925 http cache @babel/helper-plugin-utils@https://registry.npmjs.org/@babel/helper-plugin-utils/-/helper-plugin-utils-7.29.7.tgz 0ms (cache hit)
1926 http cache @babel/helper-member-expression-to-functions@https://registry.npmjs.org/@babel/helper-member-expression-to-functions/-/helper-member-expression-to-functions-7.29.7.tgz 0ms (cache hit)
1927 http cache @babel/helper-skip-transparent-expression-wrappers@https://registry.npmjs.org/@babel/helper-skip-transparent-expression-wrappers/-/helper-skip-transparent-expression-wrappers-7.29.7.tgz 0ms (cache hit)
1928 http cache @babel/plugin-syntax-typescript@https://registry.npmjs.org/@babel/plugin-syntax-typescript/-/plugin-syntax-typescript-7.29.7.tgz 0ms (cache hit)
1929 http cache @babel/helper-create-class-features-plugin@https://registry.npmjs.org/@babel/helper-create-class-features-plugin/-/helper-create-class-features-plugin-7.29.7.tgz 0ms (cache hit)
1930 http cache @babel/helper-module-imports@https://registry.npmjs.org/@babel/helper-module-imports/-/helper-module-imports-7.29.7.tgz 0ms (cache hit)
1931 http cache lru-cache@https://registry.npmjs.org/lru-cache/-/lru-cache-5.1.1.tgz 0ms (cache hit)
1932 http cache @babel/helper-annotate-as-pure@https://registry.npmjs.org/@babel/helper-annotate-as-pure/-/helper-annotate-as-pure-7.29.7.tgz 0ms (cache hit)
1933 http cache jsesc@https://registry.npmjs.org/jsesc/-/jsesc-3.1.0.tgz 0ms (cache hit)
1934 http cache @babel/helper-validator-option@https://registry.npmjs.org/@babel/helper-validator-option/-/helper-validator-option-7.29.7.tgz 0ms (cache hit)
1935 http cache @babel/compat-data@https://registry.npmjs.org/@babel/compat-data/-/compat-data-7.29.7.tgz 0ms (cache hit)
1936 http cache js-tokens@https://registry.npmjs.org/js-tokens/-/js-tokens-4.0.0.tgz 0ms (cache hit)
1937 http cache @jridgewell/gen-mapping@https://registry.npmjs.org/@jridgewell/gen-mapping/-/gen-mapping-0.3.13.tgz 0ms (cache hit)
1938 http cache @jridgewell/trace-mapping@https://registry.npmjs.org/@jridgewell/trace-mapping/-/trace-mapping-0.3.31.tgz 0ms (cache hit)
1939 http cache picocolors@https://registry.npmjs.org/picocolors/-/picocolors-1.1.1.tgz 0ms (cache hit)
1940 http cache @babel/helper-validator-identifier@https://registry.npmjs.org/@babel/helper-validator-identifier/-/helper-validator-identifier-7.29.7.tgz 0ms (cache hit)
1941 http cache semver@https://registry.npmjs.org/semver/-/semver-6.3.1.tgz 0ms (cache hit)
1942 http cache json5@https://registry.npmjs.org/json5/-/json5-2.2.3.tgz 0ms (cache hit)
1943 http cache gensync@https://registry.npmjs.org/gensync/-/gensync-1.0.0-beta.2.tgz 0ms (cache hit)
1944 http cache debug@https://registry.npmjs.org/debug/-/debug-4.4.3.tgz 0ms (cache hit)
1945 http cache convert-source-map@https://registry.npmjs.org/convert-source-map/-/convert-source-map-2.0.0.tgz 0ms (cache hit)
1946 http cache @jridgewell/remapping@https://registry.npmjs.org/@jridgewell/remapping/-/remapping-2.3.5.tgz 0ms (cache hit)
1947 http cache @babel/types@https://registry.npmjs.org/@babel/types/-/types-7.29.7.tgz 0ms (cache hit)
1948 http cache @babel/traverse@https://registry.npmjs.org/@babel/traverse/-/traverse-7.29.7.tgz 0ms (cache hit)
1949 http cache @babel/template@https://registry.npmjs.org/@babel/template/-/template-7.29.7.tgz 0ms (cache hit)
1950 http cache @babel/helpers@https://registry.npmjs.org/@babel/helpers/-/helpers-7.29.7.tgz 0ms (cache hit)
1951 http cache @babel/helper-module-transforms@https://registry.npmjs.org/@babel/helper-module-transforms/-/helper-module-transforms-7.29.7.tgz 0ms (cache hit)
1952 http cache @babel/helper-compilation-targets@https://registry.npmjs.org/@babel/helper-compilation-targets/-/helper-compilation-targets-7.29.7.tgz 0ms (cache hit)
1953 http cache @babel/generator@https://registry.npmjs.org/@babel/generator/-/generator-7.29.7.tgz 0ms (cache hit)
1954 http cache zod-to-json-schema@https://registry.npmjs.org/zod-to-json-schema/-/zod-to-json-schema-3.25.2.tgz 1ms (cache hit)
1955 http cache @babel/code-frame@https://registry.npmjs.org/@babel/code-frame/-/code-frame-7.29.7.tgz 0ms (cache hit)
1956 http cache validate-npm-package-name@https://registry.npmjs.org/validate-npm-package-name/-/validate-npm-package-name-7.0.2.tgz 0ms (cache hit)
1957 http cache zod@https://registry.npmjs.org/zod/-/zod-3.25.76.tgz 0ms (cache hit)
1958 http cache recast@https://registry.npmjs.org/recast/-/recast-0.23.12.tgz 0ms (cache hit)
1959 http cache tailwind-merge@https://registry.npmjs.org/tailwind-merge/-/tailwind-merge-3.6.0.tgz 0ms (cache hit)
1960 http cache tsconfig-paths@https://registry.npmjs.org/tsconfig-paths/-/tsconfig-paths-4.2.0.tgz 0ms (cache hit)
1961 http cache undici@https://registry.npmjs.org/undici/-/undici-7.28.0.tgz 0ms (cache hit)
1962 http cache ts-morph@https://registry.npmjs.org/ts-morph/-/ts-morph-26.0.0.tgz 0ms (cache hit)
1963 http cache stringify-object@https://registry.npmjs.org/stringify-object/-/stringify-object-5.0.0.tgz 0ms (cache hit)
1964 http cache prompts@https://registry.npmjs.org/prompts/-/prompts-2.4.2.tgz 0ms (cache hit)
1965 http cache postcss@https://registry.npmjs.org/postcss/-/postcss-8.5.22.tgz 0ms (cache hit)
1966 http cache postcss-selector-parser@https://registry.npmjs.org/postcss-selector-parser/-/postcss-selector-parser-7.1.4.tgz 0ms (cache hit)
1967 http cache ora@https://registry.npmjs.org/ora/-/ora-8.2.0.tgz 0ms (cache hit)
1968 http cache open@https://registry.npmjs.org/open/-/open-11.0.0.tgz 0ms (cache hit)
1969 http cache kleur@https://registry.npmjs.org/kleur/-/kleur-4.1.5.tgz 0ms (cache hit)
1970 http cache fs-extra@https://registry.npmjs.org/fs-extra/-/fs-extra-11.4.0.tgz 0ms (cache hit)
1971 http cache fuzzysort@https://registry.npmjs.org/fuzzysort/-/fuzzysort-3.1.0.tgz 0ms (cache hit)
1972 http cache fast-glob@https://registry.npmjs.org/fast-glob/-/fast-glob-3.3.3.tgz 0ms (cache hit)
1973 http cache execa@https://registry.npmjs.org/execa/-/execa-9.6.1.tgz 0ms (cache hit)
1974 http cache diff@https://registry.npmjs.org/diff/-/diff-8.0.4.tgz 0ms (cache hit)
1975 http cache deepmerge@https://registry.npmjs.org/deepmerge/-/deepmerge-4.3.1.tgz 0ms (cache hit)
1976 http cache cosmiconfig@https://registry.npmjs.org/cosmiconfig/-/cosmiconfig-9.0.2.tgz 0ms (cache hit)
1977 http cache commander@https://registry.npmjs.org/commander/-/commander-14.0.3.tgz 0ms (cache hit)
1978 http cache dedent@https://registry.npmjs.org/dedent/-/dedent-1.7.2.tgz 0ms (cache hit)
1979 http cache @types/validate-npm-package-name@https://registry.npmjs.org/@types/validate-npm-package-name/-/validate-npm-package-name-4.0.2.tgz 0ms (cache hit)
1980 http cache @dotenvx/dotenvx@https://registry.npmjs.org/@dotenvx/dotenvx/-/dotenvx-1.75.1.tgz 0ms (cache hit)
1981 http cache browserslist@https://registry.npmjs.org/browserslist/-/browserslist-4.28.7.tgz 0ms (cache hit)
1982 http cache @modelcontextprotocol/sdk@https://registry.npmjs.org/@modelcontextprotocol/sdk/-/sdk-1.29.0.tgz 0ms (cache hit)
1983 http cache shadcn@https://registry.npmjs.org/shadcn/-/shadcn-4.14.1.tgz 0ms (cache hit)
1984 http cache @babel/plugin-transform-typescript@https://registry.npmjs.org/@babel/plugin-transform-typescript/-/plugin-transform-typescript-7.29.7.tgz 0ms (cache hit)
1985 http cache @babel/preset-typescript@https://registry.npmjs.org/@babel/preset-typescript/-/preset-typescript-7.29.7.tgz 0ms (cache hit)
1986 http cache @babel/parser@https://registry.npmjs.org/@babel/parser/-/parser-7.29.7.tgz 0ms (cache hit)
1987 http cache @babel/core@https://registry.npmjs.org/@babel/core/-/core-7.29.7.tgz 0ms (cache hit)
1988 http cache onetime@https://registry.npmjs.org/onetime/-/onetime-7.0.0.tgz 0ms (cache hit)
1989 http cache picomatch@https://registry.npmjs.org/picomatch/-/picomatch-2.3.2.tgz 0ms (cache hit)
1990 http cache strip-ansi@https://registry.npmjs.org/strip-ansi/-/strip-ansi-7.2.0.tgz 0ms (cache hit)
1991 http cache is-unicode-supported@https://registry.npmjs.org/is-unicode-supported/-/is-unicode-supported-1.3.0.tgz 0ms (cache hit)
1992 http cache ansi-regex@https://registry.npmjs.org/ansi-regex/-/ansi-regex-6.2.2.tgz 0ms (cache hit)
1993 http cache mimic-fn@https://registry.npmjs.org/mimic-fn/-/mimic-fn-2.1.0.tgz 0ms (cache hit)
1994 http cache content-type@https://registry.npmjs.org/content-type/-/content-type-2.0.0.tgz 0ms (cache hit)
1995 http cache path-key@https://registry.npmjs.org/path-key/-/path-key-4.0.0.tgz 0ms (cache hit)
1996 http cache content-type@https://registry.npmjs.org/content-type/-/content-type-2.0.0.tgz 0ms (cache hit)
1997 http cache isexe@https://registry.npmjs.org/isexe/-/isexe-2.0.0.tgz 0ms (cache hit)
1998 http cache is-obj@https://registry.npmjs.org/is-obj/-/is-obj-3.0.0.tgz 0ms (cache hit)
1999 http cache semver@https://registry.npmjs.org/semver/-/semver-7.8.5.tgz 0ms (cache hit)
2000 http cache kleur@https://registry.npmjs.org/kleur/-/kleur-3.0.3.tgz 0ms (cache hit)
2001 http cache which@https://registry.npmjs.org/which/-/which-2.0.2.tgz 0ms (cache hit)
2002 http cache json-schema-typed@https://registry.npmjs.org/json-schema-typed/-/json-schema-typed-7.0.3.tgz 0ms (cache hit)
2003 http cache ansi-regex@https://registry.npmjs.org/ansi-regex/-/ansi-regex-6.2.2.tgz 0ms (cache hit)
2004 http cache ajv-formats@https://registry.npmjs.org/ajv-formats/-/ajv-formats-2.1.1.tgz 0ms (cache hit)
2005 http cache strip-final-newline@https://registry.npmjs.org/strip-final-newline/-/strip-final-newline-2.0.0.tgz 0ms (cache hit)
2006 http cache is-wsl@https://registry.npmjs.org/is-wsl/-/is-wsl-2.2.0.tgz 0ms (cache hit)
2007 http cache strip-ansi@https://registry.npmjs.org/strip-ansi/-/strip-ansi-7.2.0.tgz 0ms (cache hit)
2008 http cache is-docker@https://registry.npmjs.org/is-docker/-/is-docker-2.2.1.tgz 0ms (cache hit)
2009 http cache define-lazy-prop@https://registry.npmjs.org/define-lazy-prop/-/define-lazy-prop-2.0.0.tgz 0ms (cache hit)
2010 http cache signal-exit@https://registry.npmjs.org/signal-exit/-/signal-exit-3.0.7.tgz 0ms (cache hit)
2011 http cache human-signals@https://registry.npmjs.org/human-signals/-/human-signals-2.1.0.tgz 0ms (cache hit)
2012 http cache get-stream@https://registry.npmjs.org/get-stream/-/get-stream-6.0.1.tgz 0ms (cache hit)
2013 http cache npm-run-path@https://registry.npmjs.org/npm-run-path/-/npm-run-path-4.0.1.tgz 0ms (cache hit)
2014 http cache is-stream@https://registry.npmjs.org/is-stream/-/is-stream-2.0.1.tgz 0ms (cache hit)
2015 http cache execa@https://registry.npmjs.org/execa/-/execa-5.1.1.tgz 0ms (cache hit)
2016 http cache open@https://registry.npmjs.org/open/-/open-8.4.2.tgz 1ms (cache hit)
2017 silly tarball no local data for mimic-function@https://registry.npmjs.org/mimic-function/-/mimic-function-5.0.1.tgz. Extracting by manifest.
2018 silly tarball no local data for merge-stream@https://registry.npmjs.org/merge-stream/-/merge-stream-2.0.0.tgz. Extracting by manifest.
2019 http cache commander@https://registry.npmjs.org/commander/-/commander-11.1.0.tgz 0ms (cache hit)
2020 silly tarball no local data for is-wsl@https://registry.npmjs.org/is-wsl/-/is-wsl-3.1.1.tgz. Extracting by manifest.
2021 silly tarball no local data for isexe@https://registry.npmjs.org/isexe/-/isexe-3.1.5.tgz. Extracting by manifest.
2022 silly tarball no local data for media-typer@https://registry.npmjs.org/media-typer/-/media-typer-1.1.1.tgz. Extracting by manifest.
2023 silly tarball no local data for escalade@https://registry.npmjs.org/escalade/-/escalade-3.2.0.tgz. Extracting by manifest.
2024 silly tarball no local data for balanced-match@https://registry.npmjs.org/balanced-match/-/balanced-match-4.0.4.tgz. Extracting by manifest.
2025 silly tarball no local data for strip-bom@https://registry.npmjs.org/strip-bom/-/strip-bom-3.0.0.tgz. Extracting by manifest.
2026 silly tarball no local data for minimist@https://registry.npmjs.org/minimist/-/minimist-1.2.8.tgz. Extracting by manifest.
2027 silly tarball no local data for minimatch@https://registry.npmjs.org/minimatch/-/minimatch-10.2.5.tgz. Extracting by manifest.
2028 silly tarball no local data for brace-expansion@https://registry.npmjs.org/brace-expansion/-/brace-expansion-5.0.8.tgz. Extracting by manifest.
2029 silly tarball no local data for path-browserify@https://registry.npmjs.org/path-browserify/-/path-browserify-1.0.1.tgz. Extracting by manifest.
2030 silly tarball no local data for code-block-writer@https://registry.npmjs.org/code-block-writer/-/code-block-writer-13.0.3.tgz. Extracting by manifest.
2031 silly tarball no local data for @ts-morph/common@https://registry.npmjs.org/@ts-morph/common/-/common-0.27.0.tgz. Extracting by manifest.
2032 silly tarball no local data for is-number@https://registry.npmjs.org/is-number/-/is-number-7.0.0.tgz. Extracting by manifest.
2033 silly tarball no local data for is-regexp@https://registry.npmjs.org/is-regexp/-/is-regexp-3.1.0.tgz. Extracting by manifest.
2034 silly tarball no local data for get-own-enumerable-keys@https://registry.npmjs.org/get-own-enumerable-keys/-/get-own-enumerable-keys-1.0.0.tgz. Extracting by manifest.
2035 silly tarball no local data for ansi-regex@https://registry.npmjs.org/ansi-regex/-/ansi-regex-5.0.1.tgz. Extracting by manifest.
2036 silly tarball no local data for get-east-asian-width@https://registry.npmjs.org/get-east-asian-width/-/get-east-asian-width-1.6.0.tgz. Extracting by manifest.
2037 silly tarball no local data for math-intrinsics@https://registry.npmjs.org/math-intrinsics/-/math-intrinsics-1.1.0.tgz. Extracting by manifest.
2038 silly tarball no local data for hasown@https://registry.npmjs.org/hasown/-/hasown-2.0.4.tgz. Extracting by manifest.
2039 silly tarball no local data for emoji-regex@https://registry.npmjs.org/emoji-regex/-/emoji-regex-10.6.0.tgz. Extracting by manifest.
2040 silly tarball no local data for dunder-proto@https://registry.npmjs.org/dunder-proto/-/dunder-proto-1.0.1.tgz. Extracting by manifest.
2041 silly tarball no local data for has-symbols@https://registry.npmjs.org/has-symbols/-/has-symbols-1.1.0.tgz. Extracting by manifest.
2042 silly tarball no local data for gopd@https://registry.npmjs.org/gopd/-/gopd-1.2.0.tgz. Extracting by manifest.
2043 silly tarball no local data for get-proto@https://registry.npmjs.org/get-proto/-/get-proto-1.0.1.tgz. Extracting by manifest.
2044 silly tarball no local data for function-bind@https://registry.npmjs.org/function-bind/-/function-bind-1.1.2.tgz. Extracting by manifest.
2045 silly tarball no local data for es-object-atoms@https://registry.npmjs.org/es-object-atoms/-/es-object-atoms-1.1.2.tgz. Extracting by manifest.
2046 silly tarball no local data for call-bind-apply-helpers@https://registry.npmjs.org/call-bind-apply-helpers/-/call-bind-apply-helpers-1.0.2.tgz. Extracting by manifest.
2047 silly tarball no local data for get-intrinsic@https://registry.npmjs.org/get-intrinsic/-/get-intrinsic-1.3.0.tgz. Extracting by manifest.
2048 silly tarball no local data for side-channel-weakmap@https://registry.npmjs.org/side-channel-weakmap/-/side-channel-weakmap-1.0.2.tgz. Extracting by manifest.
2049 silly tarball no local data for call-bound@https://registry.npmjs.org/call-bound/-/call-bound-1.0.4.tgz. Extracting by manifest.
2050 silly tarball no local data for side-channel-map@https://registry.npmjs.org/side-channel-map/-/side-channel-map-1.0.1.tgz. Extracting by manifest.
2051 silly tarball no local data for side-channel-list@https://registry.npmjs.org/side-channel-list/-/side-channel-list-1.0.1.tgz. Extracting by manifest.
2052 silly tarball no local data for object-inspect@https://registry.npmjs.org/object-inspect/-/object-inspect-1.13.4.tgz. Extracting by manifest.
2053 silly tarball no local data for shebang-regex@https://registry.npmjs.org/shebang-regex/-/shebang-regex-3.0.0.tgz. Extracting by manifest.
2054 silly tarball no local data for es-errors@https://registry.npmjs.org/es-errors/-/es-errors-1.3.0.tgz. Extracting by manifest.
2055 silly tarball no local data for queue-microtask@https://registry.npmjs.org/queue-microtask/-/queue-microtask-1.2.3.tgz. Extracting by manifest.
2056 silly tarball no local data for path-to-regexp@https://registry.npmjs.org/path-to-regexp/-/path-to-regexp-8.4.2.tgz. Extracting by manifest.
2057 silly tarball no local data for is-promise@https://registry.npmjs.org/is-promise/-/is-promise-4.0.0.tgz. Extracting by manifest.
2058 silly tarball no local data for source-map@https://registry.npmjs.org/source-map/-/source-map-0.6.1.tgz. Extracting by manifest.
2059 silly tarball no local data for esprima@https://registry.npmjs.org/esprima/-/esprima-4.0.1.tgz. Extracting by manifest.
2060 silly tarball no local data for tiny-invariant@https://registry.npmjs.org/tiny-invariant/-/tiny-invariant-1.3.3.tgz. Extracting by manifest.
2061 silly tarball no local data for tslib@https://registry.npmjs.org/tslib/-/tslib-2.8.1.tgz. Extracting by manifest.
2062 silly tarball no local data for ast-types@https://registry.npmjs.org/ast-types/-/ast-types-0.16.1.tgz. Extracting by manifest.
2063 silly tarball no local data for unpipe@https://registry.npmjs.org/unpipe/-/unpipe-1.0.0.tgz. Extracting by manifest.
2064 silly tarball no local data for side-channel@https://registry.npmjs.org/side-channel/-/side-channel-1.1.1.tgz. Extracting by manifest.
2065 silly tarball no local data for es-define-property@https://registry.npmjs.org/es-define-property/-/es-define-property-1.0.1.tgz. Extracting by manifest.
2066 silly tarball no local data for ipaddr.js@https://registry.npmjs.org/ipaddr.js/-/ipaddr.js-1.9.1.tgz. Extracting by manifest.
2067 silly tarball no local data for forwarded@https://registry.npmjs.org/forwarded/-/forwarded-0.2.0.tgz. Extracting by manifest.
2068 silly tarball no local data for sisteransi@https://registry.npmjs.org/sisteransi/-/sisteransi-1.0.5.tgz. Extracting by manifest.
2069 silly tarball no local data for util-deprecate@https://registry.npmjs.org/util-deprecate/-/util-deprecate-1.0.2.tgz. Extracting by manifest.
2070 silly tarball no local data for parse-ms@https://registry.npmjs.org/parse-ms/-/parse-ms-4.0.0.tgz. Extracting by manifest.
2071 silly tarball no local data for cssesc@https://registry.npmjs.org/cssesc/-/cssesc-3.0.0.tgz. Extracting by manifest.
2072 silly tarball no local data for nanoid@https://registry.npmjs.org/nanoid/-/nanoid-3.3.16.tgz. Extracting by manifest.
2073 silly tarball no local data for p-limit@https://registry.npmjs.org/p-limit/-/p-limit-2.3.0.tgz. Extracting by manifest.
2074 silly tarball no local data for p-try@https://registry.npmjs.org/p-try/-/p-try-2.2.0.tgz. Extracting by manifest.
2075 silly tarball no local data for source-map-js@https://registry.npmjs.org/source-map-js/-/source-map-js-1.2.1.tgz. Extracting by manifest.
2076 silly tarball no local data for path-exists@https://registry.npmjs.org/path-exists/-/path-exists-3.0.0.tgz. Extracting by manifest.
2077 silly tarball no local data for p-locate@https://registry.npmjs.org/p-locate/-/p-locate-3.0.0.tgz. Extracting by manifest.
2078 silly tarball no local data for locate-path@https://registry.npmjs.org/locate-path/-/locate-path-3.0.0.tgz. Extracting by manifest.
2079 silly tarball no local data for find-up@https://registry.npmjs.org/find-up/-/find-up-3.0.0.tgz. Extracting by manifest.
2080 silly tarball no local data for is-arrayish@https://registry.npmjs.org/is-arrayish/-/is-arrayish-0.2.1.tgz. Extracting by manifest.
2081 silly tarball no local data for lines-and-columns@https://registry.npmjs.org/lines-and-columns/-/lines-and-columns-1.2.4.tgz. Extracting by manifest.
2082 silly tarball no local data for json-parse-even-better-errors@https://registry.npmjs.org/json-parse-even-better-errors/-/json-parse-even-better-errors-2.3.1.tgz. Extracting by manifest.
2083 silly tarball no local data for error-ex@https://registry.npmjs.org/error-ex/-/error-ex-1.3.4.tgz. Extracting by manifest.
2084 silly tarball no local data for callsites@https://registry.npmjs.org/callsites/-/callsites-3.1.0.tgz. Extracting by manifest.
2085 silly tarball no local data for string-width@https://registry.npmjs.org/string-width/-/string-width-7.2.0.tgz. Extracting by manifest.
2086 silly tarball no local data for is-interactive@https://registry.npmjs.org/is-interactive/-/is-interactive-2.0.0.tgz. Extracting by manifest.
2087 silly tarball no local data for restore-cursor@https://registry.npmjs.org/restore-cursor/-/restore-cursor-5.1.0.tgz. Extracting by manifest.
2088 silly tarball no local data for stdin-discarder@https://registry.npmjs.org/stdin-discarder/-/stdin-discarder-0.2.2.tgz. Extracting by manifest.
2089 silly tarball no local data for log-symbols@https://registry.npmjs.org/log-symbols/-/log-symbols-6.0.0.tgz. Extracting by manifest.
2090 silly tarball no local data for cli-spinners@https://registry.npmjs.org/cli-spinners/-/cli-spinners-2.9.2.tgz. Extracting by manifest.
2091 silly tarball no local data for chalk@https://registry.npmjs.org/chalk/-/chalk-5.6.2.tgz. Extracting by manifest.
2092 silly tarball no local data for is-docker@https://registry.npmjs.org/is-docker/-/is-docker-3.0.0.tgz. Extracting by manifest.
2093 silly tarball no local data for cli-cursor@https://registry.npmjs.org/cli-cursor/-/cli-cursor-5.0.0.tgz. Extracting by manifest.
2094 silly tarball no local data for run-applescript@https://registry.npmjs.org/run-applescript/-/run-applescript-7.1.0.tgz. Extracting by manifest.
2095 silly tarball no local data for default-browser-id@https://registry.npmjs.org/default-browser-id/-/default-browser-id-5.0.1.tgz. Extracting by manifest.
2096 silly tarball no local data for bundle-name@https://registry.npmjs.org/bundle-name/-/bundle-name-4.1.0.tgz. Extracting by manifest.
2097 silly tarball no local data for wsl-utils@https://registry.npmjs.org/wsl-utils/-/wsl-utils-0.3.1.tgz. Extracting by manifest.
2098 silly tarball no local data for powershell-utils@https://registry.npmjs.org/powershell-utils/-/powershell-utils-0.1.0.tgz. Extracting by manifest.
2099 silly tarball no local data for is-inside-container@https://registry.npmjs.org/is-inside-container/-/is-inside-container-1.0.0.tgz. Extracting by manifest.
2100 silly tarball no local data for default-browser@https://registry.npmjs.org/default-browser/-/default-browser-5.5.0.tgz. Extracting by manifest.
2101 silly tarball no local data for is-in-ssh@https://registry.npmjs.org/is-in-ssh/-/is-in-ssh-1.0.0.tgz. Extracting by manifest.
2102 silly tarball no local data for define-lazy-prop@https://registry.npmjs.org/define-lazy-prop/-/define-lazy-prop-3.0.0.tgz. Extracting by manifest.
2103 silly tarball no local data for ee-first@https://registry.npmjs.org/ee-first/-/ee-first-1.1.1.tgz. Extracting by manifest.
2104 silly tarball no local data for wrappy@https://registry.npmjs.org/wrappy/-/wrappy-1.0.2.tgz. Extracting by manifest.
2105 silly tarball no local data for unicorn-magic@https://registry.npmjs.org/unicorn-magic/-/unicorn-magic-0.3.0.tgz. Extracting by manifest.
2106 silly tarball no local data for mime-db@https://registry.npmjs.org/mime-db/-/mime-db-1.54.0.tgz. Extracting by manifest.
2107 silly tarball no local data for fill-range@https://registry.npmjs.org/fill-range/-/fill-range-7.1.1.tgz. Extracting by manifest.
2108 silly tarball no local data for to-regex-range@https://registry.npmjs.org/to-regex-range/-/to-regex-range-5.0.1.tgz. Extracting by manifest.
2109 silly tarball no local data for yallist@https://registry.npmjs.org/yallist/-/yallist-3.1.1.tgz. Extracting by manifest.
2110 silly tarball no local data for braces@https://registry.npmjs.org/braces/-/braces-3.0.3.tgz. Extracting by manifest.
2111 silly tarball no local data for argparse@https://registry.npmjs.org/argparse/-/argparse-2.0.1.tgz. Extracting by manifest.
2112 silly tarball no local data for resolve-from@https://registry.npmjs.org/resolve-from/-/resolve-from-4.0.0.tgz. Extracting by manifest.
2113 silly tarball no local data for is-extglob@https://registry.npmjs.org/is-extglob/-/is-extglob-2.1.1.tgz. Extracting by manifest.
2114 silly tarball no local data for parent-module@https://registry.npmjs.org/parent-module/-/parent-module-1.0.1.tgz. Extracting by manifest.
2115 silly tarball no local data for safer-buffer@https://registry.npmjs.org/safer-buffer/-/safer-buffer-2.1.2.tgz. Extracting by manifest.
2116 silly tarball no local data for setprototypeof@https://registry.npmjs.org/setprototypeof/-/setprototypeof-1.2.0.tgz. Extracting by manifest.
2117 silly tarball no local data for inherits@https://registry.npmjs.org/inherits/-/inherits-2.0.4.tgz. Extracting by manifest.
2118 silly tarball no local data for toidentifier@https://registry.npmjs.org/toidentifier/-/toidentifier-1.0.1.tgz. Extracting by manifest.
2119 silly tarball no local data for is-glob@https://registry.npmjs.org/is-glob/-/is-glob-4.0.3.tgz. Extracting by manifest.
2120 silly tarball no local data for @sec-ant/readable-stream@https://registry.npmjs.org/@sec-ant/readable-stream/-/readable-stream-0.4.1.tgz. Extracting by manifest.
2121 silly tarball no local data for universalify@https://registry.npmjs.org/universalify/-/universalify-2.0.1.tgz. Extracting by manifest.
2122 silly tarball no local data for jsonfile@https://registry.npmjs.org/jsonfile/-/jsonfile-6.2.1.tgz. Extracting by manifest.
2123 silly tarball no local data for graceful-fs@https://registry.npmjs.org/graceful-fs/-/graceful-fs-4.2.11.tgz. Extracting by manifest.
2124 silly tarball no local data for is-unicode-supported@https://registry.npmjs.org/is-unicode-supported/-/is-unicode-supported-2.1.0.tgz. Extracting by manifest.
2125 silly tarball no local data for @nodelib/fs.scandir@https://registry.npmjs.org/@nodelib/fs.scandir/-/fs.scandir-2.1.5.tgz. Extracting by manifest.
2126 silly tarball no local data for run-parallel@https://registry.npmjs.org/run-parallel/-/run-parallel-1.2.0.tgz. Extracting by manifest.
2127 silly tarball no local data for reusify@https://registry.npmjs.org/reusify/-/reusify-1.1.0.tgz. Extracting by manifest.
2128 silly tarball no local data for micromatch@https://registry.npmjs.org/micromatch/-/micromatch-4.0.8.tgz. Extracting by manifest.
2129 silly tarball no local data for merge2@https://registry.npmjs.org/merge2/-/merge2-1.4.1.tgz. Extracting by manifest.
2130 silly tarball no local data for fastq@https://registry.npmjs.org/fastq/-/fastq-1.20.1.tgz. Extracting by manifest.
2131 silly tarball no local data for glob-parent@https://registry.npmjs.org/glob-parent/-/glob-parent-5.1.2.tgz. Extracting by manifest.
2132 silly tarball no local data for @nodelib/fs.walk@https://registry.npmjs.org/@nodelib/fs.walk/-/fs.walk-1.2.8.tgz. Extracting by manifest.
2133 silly tarball no local data for @nodelib/fs.stat@https://registry.npmjs.org/@nodelib/fs.stat/-/fs.stat-2.0.5.tgz. Extracting by manifest.
2134 silly tarball no local data for iconv-lite@https://registry.npmjs.org/iconv-lite/-/iconv-lite-0.7.3.tgz. Extracting by manifest.
2135 silly tarball no local data for bytes@https://registry.npmjs.org/bytes/-/bytes-3.1.2.tgz. Extracting by manifest.
2136 silly tarball no local data for ip-address@https://registry.npmjs.org/ip-address/-/ip-address-10.2.0.tgz. Extracting by manifest.
2137 silly tarball no local data for negotiator@https://registry.npmjs.org/negotiator/-/negotiator-1.0.0.tgz. Extracting by manifest.
2138 silly tarball no local data for statuses@https://registry.npmjs.org/statuses/-/statuses-2.0.2.tgz. Extracting by manifest.
2139 silly tarball no local data for type-is@https://registry.npmjs.org/type-is/-/type-is-2.1.0.tgz. Extracting by manifest.
2140 silly tarball no local data for serve-static@https://registry.npmjs.org/serve-static/-/serve-static-2.2.1.tgz. Extracting by manifest.
2141 silly tarball no local data for send@https://registry.npmjs.org/send/-/send-1.2.1.tgz. Extracting by manifest.
2142 silly tarball no local data for router@https://registry.npmjs.org/router/-/router-2.2.0.tgz. Extracting by manifest.
2143 silly tarball no local data for qs@https://registry.npmjs.org/qs/-/qs-6.15.3.tgz. Extracting by manifest.
2144 silly tarball no local data for parseurl@https://registry.npmjs.org/parseurl/-/parseurl-1.3.3.tgz. Extracting by manifest.
2145 silly tarball no local data for proxy-addr@https://registry.npmjs.org/proxy-addr/-/proxy-addr-2.0.7.tgz. Extracting by manifest.
2146 silly tarball no local data for on-finished@https://registry.npmjs.org/on-finished/-/on-finished-2.4.1.tgz. Extracting by manifest.
2147 silly tarball no local data for range-parser@https://registry.npmjs.org/range-parser/-/range-parser-1.3.0.tgz. Extracting by manifest.
2148 silly tarball no local data for once@https://registry.npmjs.org/once/-/once-1.4.0.tgz. Extracting by manifest.
2149 silly tarball no local data for merge-descriptors@https://registry.npmjs.org/merge-descriptors/-/merge-descriptors-2.0.0.tgz. Extracting by manifest.
2150 silly tarball no local data for http-errors@https://registry.npmjs.org/http-errors/-/http-errors-2.0.1.tgz. Extracting by manifest.
2151 silly tarball no local data for mime-types@https://registry.npmjs.org/mime-types/-/mime-types-3.0.2.tgz. Extracting by manifest.
2152 silly tarball no local data for finalhandler@https://registry.npmjs.org/finalhandler/-/finalhandler-2.1.1.tgz. Extracting by manifest.
2153 silly tarball no local data for fresh@https://registry.npmjs.org/fresh/-/fresh-2.0.0.tgz. Extracting by manifest.
2154 silly tarball no local data for etag@https://registry.npmjs.org/etag/-/etag-1.8.1.tgz. Extracting by manifest.
2155 silly tarball no local data for escape-html@https://registry.npmjs.org/escape-html/-/escape-html-1.0.3.tgz. Extracting by manifest.
2156 silly tarball no local data for encodeurl@https://registry.npmjs.org/encodeurl/-/encodeurl-2.0.0.tgz. Extracting by manifest.
2157 silly tarball no local data for cookie@https://registry.npmjs.org/cookie/-/cookie-0.7.2.tgz. Extracting by manifest.
2158 silly tarball no local data for depd@https://registry.npmjs.org/depd/-/depd-2.0.0.tgz. Extracting by manifest.
2159 silly tarball no local data for cookie-signature@https://registry.npmjs.org/cookie-signature/-/cookie-signature-1.2.2.tgz. Extracting by manifest.
2160 silly tarball no local data for body-parser@https://registry.npmjs.org/body-parser/-/body-parser-2.3.0.tgz. Extracting by manifest.
2161 silly tarball no local data for content-disposition@https://registry.npmjs.org/content-disposition/-/content-disposition-1.1.0.tgz. Extracting by manifest.
2162 silly tarball no local data for yoctocolors@https://registry.npmjs.org/yoctocolors/-/yoctocolors-2.1.2.tgz. Extracting by manifest.
2163 silly tarball no local data for accepts@https://registry.npmjs.org/accepts/-/accepts-2.0.0.tgz. Extracting by manifest.
2164 silly tarball no local data for strip-final-newline@https://registry.npmjs.org/strip-final-newline/-/strip-final-newline-4.0.0.tgz. Extracting by manifest.
2165 silly tarball no local data for signal-exit@https://registry.npmjs.org/signal-exit/-/signal-exit-4.1.0.tgz. Extracting by manifest.
2166 silly tarball no local data for pretty-ms@https://registry.npmjs.org/pretty-ms/-/pretty-ms-9.3.0.tgz. Extracting by manifest.
2167 silly tarball no local data for npm-run-path@https://registry.npmjs.org/npm-run-path/-/npm-run-path-6.0.0.tgz. Extracting by manifest.
2168 silly tarball no local data for is-stream@https://registry.npmjs.org/is-stream/-/is-stream-4.0.1.tgz. Extracting by manifest.
2169 silly tarball no local data for @sindresorhus/merge-streams@https://registry.npmjs.org/@sindresorhus/merge-streams/-/merge-streams-4.0.0.tgz. Extracting by manifest.
2170 silly tarball no local data for is-plain-obj@https://registry.npmjs.org/is-plain-obj/-/is-plain-obj-4.1.0.tgz. Extracting by manifest.
2171 silly tarball no local data for human-signals@https://registry.npmjs.org/human-signals/-/human-signals-8.0.1.tgz. Extracting by manifest.
2172 silly tarball no local data for get-stream@https://registry.npmjs.org/get-stream/-/get-stream-9.0.1.tgz. Extracting by manifest.
2173 silly tarball no local data for figures@https://registry.npmjs.org/figures/-/figures-6.1.0.tgz. Extracting by manifest.
2174 silly tarball no local data for strip-ansi@https://registry.npmjs.org/strip-ansi/-/strip-ansi-6.0.1.tgz. Extracting by manifest.
2175 silly tarball no local data for ms@https://registry.npmjs.org/ms/-/ms-2.1.3.tgz. Extracting by manifest.
2176 silly tarball no local data for ansi-colors@https://registry.npmjs.org/ansi-colors/-/ansi-colors-4.1.3.tgz. Extracting by manifest.
2177 silly tarball no local data for is-obj@https://registry.npmjs.org/is-obj/-/is-obj-2.0.0.tgz. Extracting by manifest.
2178 silly tarball no local data for mimic-fn@https://registry.npmjs.org/mimic-fn/-/mimic-fn-3.1.0.tgz. Extracting by manifest.
2179 silly tarball no local data for path-key@https://registry.npmjs.org/path-key/-/path-key-3.1.1.tgz. Extracting by manifest.
2180 silly tarball no local data for shebang-command@https://registry.npmjs.org/shebang-command/-/shebang-command-2.0.0.tgz. Extracting by manifest.
2181 silly tarball no local data for parse-json@https://registry.npmjs.org/parse-json/-/parse-json-5.2.0.tgz. Extracting by manifest.
2182 silly tarball no local data for js-yaml@https://registry.npmjs.org/js-yaml/-/js-yaml-4.3.0.tgz. Extracting by manifest.
2183 silly tarball no local data for import-fresh@https://registry.npmjs.org/import-fresh/-/import-fresh-3.3.1.tgz. Extracting by manifest.
2184 silly tarball no local data for vary@https://registry.npmjs.org/vary/-/vary-1.1.2.tgz. Extracting by manifest.
2185 silly tarball no local data for object-assign@https://registry.npmjs.org/object-assign/-/object-assign-4.1.1.tgz. Extracting by manifest.
2186 silly tarball no local data for pkg-up@https://registry.npmjs.org/pkg-up/-/pkg-up-3.1.0.tgz. Extracting by manifest.
2187 silly tarball no local data for onetime@https://registry.npmjs.org/onetime/-/onetime-5.1.2.tgz. Extracting by manifest.
2188 silly tarball no local data for dot-prop@https://registry.npmjs.org/dot-prop/-/dot-prop-6.0.1.tgz. Extracting by manifest.
2189 silly tarball no local data for atomically@https://registry.npmjs.org/atomically/-/atomically-1.7.0.tgz. Extracting by manifest.
2190 silly tarball no local data for debounce-fn@https://registry.npmjs.org/debounce-fn/-/debounce-fn-4.0.0.tgz. Extracting by manifest.
2191 silly tarball no local data for update-browserslist-db@https://registry.npmjs.org/update-browserslist-db/-/update-browserslist-db-1.2.3.tgz. Extracting by manifest.
2192 silly tarball no local data for caniuse-lite@https://registry.npmjs.org/caniuse-lite/-/caniuse-lite-1.0.30001806.tgz. Extracting by manifest.
2193 silly tarball no local data for baseline-browser-mapping@https://registry.npmjs.org/baseline-browser-mapping/-/baseline-browser-mapping-2.11.1.tgz. Extracting by manifest.
2194 silly tarball no local data for electron-to-chromium@https://registry.npmjs.org/electron-to-chromium/-/electron-to-chromium-1.5.396.tgz. Extracting by manifest.
2195 silly tarball no local data for node-releases@https://registry.npmjs.org/node-releases/-/node-releases-2.0.51.tgz. Extracting by manifest.
2196 silly tarball no local data for require-from-string@https://registry.npmjs.org/require-from-string/-/require-from-string-2.0.2.tgz. Extracting by manifest.
2197 silly tarball no local data for fast-uri@https://registry.npmjs.org/fast-uri/-/fast-uri-3.1.4.tgz. Extracting by manifest.
2198 silly tarball no local data for json-schema-traverse@https://registry.npmjs.org/json-schema-traverse/-/json-schema-traverse-1.0.0.tgz. Extracting by manifest.
2199 silly tarball no local data for raw-body@https://registry.npmjs.org/raw-body/-/raw-body-3.0.2.tgz. Extracting by manifest.
2200 silly tarball no local data for pkce-challenge@https://registry.npmjs.org/pkce-challenge/-/pkce-challenge-5.0.1.tgz. Extracting by manifest.
2201 silly tarball no local data for fast-deep-equal@https://registry.npmjs.org/fast-deep-equal/-/fast-deep-equal-3.1.3.tgz. Extracting by manifest.
2202 silly tarball no local data for json-schema-typed@https://registry.npmjs.org/json-schema-typed/-/json-schema-typed-8.0.2.tgz. Extracting by manifest.
2203 silly tarball no local data for express-rate-limit@https://registry.npmjs.org/express-rate-limit/-/express-rate-limit-8.6.0.tgz. Extracting by manifest.
2204 silly tarball no local data for jose@https://registry.npmjs.org/jose/-/jose-6.2.4.tgz. Extracting by manifest.
2205 silly tarball no local data for eventsource-parser@https://registry.npmjs.org/eventsource-parser/-/eventsource-parser-3.1.0.tgz. Extracting by manifest.
2206 silly tarball no local data for eventsource@https://registry.npmjs.org/eventsource/-/eventsource-3.0.7.tgz. Extracting by manifest.
2207 silly tarball no local data for cross-spawn@https://registry.npmjs.org/cross-spawn/-/cross-spawn-7.0.6.tgz. Extracting by manifest.
2208 silly tarball no local data for cors@https://registry.npmjs.org/cors/-/cors-2.8.6.tgz. Extracting by manifest.
2209 silly tarball no local data for content-type@https://registry.npmjs.org/content-type/-/content-type-1.0.5.tgz. Extracting by manifest.
2210 silly tarball no local data for express@https://registry.npmjs.org/express/-/express-5.2.1.tgz. Extracting by manifest.
2211 silly tarball no local data for ajv-formats@https://registry.npmjs.org/ajv-formats/-/ajv-formats-3.0.1.tgz. Extracting by manifest.
2212 silly tarball no local data for ajv@https://registry.npmjs.org/ajv/-/ajv-8.20.0.tgz. Extracting by manifest.
2213 silly tarball no local data for @hono/node-server@https://registry.npmjs.org/@hono/node-server/-/node-server-1.19.15.tgz. Extracting by manifest.
2214 silly tarball no local data for yocto-spinner@https://registry.npmjs.org/yocto-spinner/-/yocto-spinner-1.2.2.tgz. Extracting by manifest.
2215 silly tarball no local data for hono@https://registry.npmjs.org/hono/-/hono-4.12.31.tgz. Extracting by manifest.
2216 silly tarball no local data for which@https://registry.npmjs.org/which/-/which-4.0.0.tgz. Extracting by manifest.
2217 silly tarball no local data for @jridgewell/resolve-uri@https://registry.npmjs.org/@jridgewell/resolve-uri/-/resolve-uri-3.1.2.tgz. Extracting by manifest.
2218 silly tarball no local data for @jridgewell/sourcemap-codec@https://registry.npmjs.org/@jridgewell/sourcemap-codec/-/sourcemap-codec-1.5.5.tgz. Extracting by manifest.
2219 silly tarball no local data for picomatch@https://registry.npmjs.org/picomatch/-/picomatch-4.0.5.tgz. Extracting by manifest.
2220 silly tarball no local data for object-treeify@https://registry.npmjs.org/object-treeify/-/object-treeify-1.1.33.tgz. Extracting by manifest.
2221 silly tarball no local data for ignore@https://registry.npmjs.org/ignore/-/ignore-5.3.2.tgz. Extracting by manifest.
2222 silly tarball no local data for systeminformation@https://registry.npmjs.org/systeminformation/-/systeminformation-5.33.1.tgz. Extracting by manifest.
2223 silly tarball no local data for fdir@https://registry.npmjs.org/fdir/-/fdir-6.5.0.tgz. Extracting by manifest.
2224 silly tarball no local data for enquirer@https://registry.npmjs.org/enquirer/-/enquirer-2.4.1.tgz. Extracting by manifest.
2225 silly tarball no local data for env-paths@https://registry.npmjs.org/env-paths/-/env-paths-2.2.1.tgz. Extracting by manifest.
2226 silly tarball no local data for @dotenvx/primitives@https://registry.npmjs.org/@dotenvx/primitives/-/primitives-0.8.0.tgz. Extracting by manifest.
2227 silly tarball no local data for dotenv@https://registry.npmjs.org/dotenv/-/dotenv-17.4.2.tgz. Extracting by manifest.
2228 silly tarball no local data for conf@https://registry.npmjs.org/conf/-/conf-10.2.0.tgz. Extracting by manifest.
2229 silly tarball no local data for @babel/helper-globals@https://registry.npmjs.org/@babel/helper-globals/-/helper-globals-7.29.7.tgz. Extracting by manifest.
2230 silly tarball no local data for @babel/plugin-transform-modules-commonjs@https://registry.npmjs.org/@babel/plugin-transform-modules-commonjs/-/plugin-transform-modules-commonjs-7.29.7.tgz. Extracting by manifest.
2231 silly tarball no local data for @babel/plugin-syntax-jsx@https://registry.npmjs.org/@babel/plugin-syntax-jsx/-/plugin-syntax-jsx-7.29.7.tgz. Extracting by manifest.
2232 silly tarball no local data for @babel/helper-string-parser@https://registry.npmjs.org/@babel/helper-string-parser/-/helper-string-parser-7.29.7.tgz. Extracting by manifest.
2233 silly tarball no local data for @babel/helper-optimise-call-expression@https://registry.npmjs.org/@babel/helper-optimise-call-expression/-/helper-optimise-call-expression-7.29.7.tgz. Extracting by manifest.
2234 silly tarball no local data for @babel/helper-replace-supers@https://registry.npmjs.org/@babel/helper-replace-supers/-/helper-replace-supers-7.29.7.tgz. Extracting by manifest.
2235 silly tarball no local data for @babel/helper-plugin-utils@https://registry.npmjs.org/@babel/helper-plugin-utils/-/helper-plugin-utils-7.29.7.tgz. Extracting by manifest.
2236 silly tarball no local data for @babel/helper-member-expression-to-functions@https://registry.npmjs.org/@babel/helper-member-expression-to-functions/-/helper-member-expression-to-functions-7.29.7.tgz. Extracting by manifest.
2237 silly tarball no local data for @babel/helper-skip-transparent-expression-wrappers@https://registry.npmjs.org/@babel/helper-skip-transparent-expression-wrappers/-/helper-skip-transparent-expression-wrappers-7.29.7.tgz. Extracting by manifest.
2238 silly tarball no local data for @babel/plugin-syntax-typescript@https://registry.npmjs.org/@babel/plugin-syntax-typescript/-/plugin-syntax-typescript-7.29.7.tgz. Extracting by manifest.
2239 silly tarball no local data for @babel/helper-create-class-features-plugin@https://registry.npmjs.org/@babel/helper-create-class-features-plugin/-/helper-create-class-features-plugin-7.29.7.tgz. Extracting by manifest.
2240 silly tarball no local data for @babel/helper-module-imports@https://registry.npmjs.org/@babel/helper-module-imports/-/helper-module-imports-7.29.7.tgz. Extracting by manifest.
2241 silly tarball no local data for lru-cache@https://registry.npmjs.org/lru-cache/-/lru-cache-5.1.1.tgz. Extracting by manifest.
2242 silly tarball no local data for @babel/helper-annotate-as-pure@https://registry.npmjs.org/@babel/helper-annotate-as-pure/-/helper-annotate-as-pure-7.29.7.tgz. Extracting by manifest.
2243 silly tarball no local data for jsesc@https://registry.npmjs.org/jsesc/-/jsesc-3.1.0.tgz. Extracting by manifest.
2244 silly tarball no local data for @babel/helper-validator-option@https://registry.npmjs.org/@babel/helper-validator-option/-/helper-validator-option-7.29.7.tgz. Extracting by manifest.
2245 silly tarball no local data for @babel/compat-data@https://registry.npmjs.org/@babel/compat-data/-/compat-data-7.29.7.tgz. Extracting by manifest.
2246 silly tarball no local data for js-tokens@https://registry.npmjs.org/js-tokens/-/js-tokens-4.0.0.tgz. Extracting by manifest.
2247 silly tarball no local data for @jridgewell/gen-mapping@https://registry.npmjs.org/@jridgewell/gen-mapping/-/gen-mapping-0.3.13.tgz. Extracting by manifest.
2248 silly tarball no local data for @jridgewell/trace-mapping@https://registry.npmjs.org/@jridgewell/trace-mapping/-/trace-mapping-0.3.31.tgz. Extracting by manifest.
2249 silly tarball no local data for picocolors@https://registry.npmjs.org/picocolors/-/picocolors-1.1.1.tgz. Extracting by manifest.
2250 silly tarball no local data for @babel/helper-validator-identifier@https://registry.npmjs.org/@babel/helper-validator-identifier/-/helper-validator-identifier-7.29.7.tgz. Extracting by manifest.
2251 silly tarball no local data for semver@https://registry.npmjs.org/semver/-/semver-6.3.1.tgz. Extracting by manifest.
2252 silly tarball no local data for json5@https://registry.npmjs.org/json5/-/json5-2.2.3.tgz. Extracting by manifest.
2253 silly tarball no local data for gensync@https://registry.npmjs.org/gensync/-/gensync-1.0.0-beta.2.tgz. Extracting by manifest.
2254 silly tarball no local data for debug@https://registry.npmjs.org/debug/-/debug-4.4.3.tgz. Extracting by manifest.
2255 silly tarball no local data for convert-source-map@https://registry.npmjs.org/convert-source-map/-/convert-source-map-2.0.0.tgz. Extracting by manifest.
2256 silly tarball no local data for @jridgewell/remapping@https://registry.npmjs.org/@jridgewell/remapping/-/remapping-2.3.5.tgz. Extracting by manifest.
2257 silly tarball no local data for @babel/types@https://registry.npmjs.org/@babel/types/-/types-7.29.7.tgz. Extracting by manifest.
2258 silly tarball no local data for @babel/traverse@https://registry.npmjs.org/@babel/traverse/-/traverse-7.29.7.tgz. Extracting by manifest.
2259 silly tarball no local data for @babel/template@https://registry.npmjs.org/@babel/template/-/template-7.29.7.tgz. Extracting by manifest.
2260 silly tarball no local data for @babel/helpers@https://registry.npmjs.org/@babel/helpers/-/helpers-7.29.7.tgz. Extracting by manifest.
2261 silly tarball no local data for @babel/helper-module-transforms@https://registry.npmjs.org/@babel/helper-module-transforms/-/helper-module-transforms-7.29.7.tgz. Extracting by manifest.
2262 silly tarball no local data for @babel/helper-compilation-targets@https://registry.npmjs.org/@babel/helper-compilation-targets/-/helper-compilation-targets-7.29.7.tgz. Extracting by manifest.
2263 silly tarball no local data for @babel/generator@https://registry.npmjs.org/@babel/generator/-/generator-7.29.7.tgz. Extracting by manifest.
2264 silly tarball no local data for zod-to-json-schema@https://registry.npmjs.org/zod-to-json-schema/-/zod-to-json-schema-3.25.2.tgz. Extracting by manifest.
2265 silly tarball no local data for @babel/code-frame@https://registry.npmjs.org/@babel/code-frame/-/code-frame-7.29.7.tgz. Extracting by manifest.
2266 silly tarball no local data for validate-npm-package-name@https://registry.npmjs.org/validate-npm-package-name/-/validate-npm-package-name-7.0.2.tgz. Extracting by manifest.
2267 silly tarball no local data for zod@https://registry.npmjs.org/zod/-/zod-3.25.76.tgz. Extracting by manifest.
2268 silly tarball no local data for recast@https://registry.npmjs.org/recast/-/recast-0.23.12.tgz. Extracting by manifest.
2269 silly tarball no local data for tailwind-merge@https://registry.npmjs.org/tailwind-merge/-/tailwind-merge-3.6.0.tgz. Extracting by manifest.
2270 silly tarball no local data for tsconfig-paths@https://registry.npmjs.org/tsconfig-paths/-/tsconfig-paths-4.2.0.tgz. Extracting by manifest.
2271 silly tarball no local data for undici@https://registry.npmjs.org/undici/-/undici-7.28.0.tgz. Extracting by manifest.
2272 silly tarball no local data for ts-morph@https://registry.npmjs.org/ts-morph/-/ts-morph-26.0.0.tgz. Extracting by manifest.
2273 silly tarball no local data for stringify-object@https://registry.npmjs.org/stringify-object/-/stringify-object-5.0.0.tgz. Extracting by manifest.
2274 silly tarball no local data for prompts@https://registry.npmjs.org/prompts/-/prompts-2.4.2.tgz. Extracting by manifest.
2275 silly tarball no local data for postcss@https://registry.npmjs.org/postcss/-/postcss-8.5.22.tgz. Extracting by manifest.
2276 silly tarball no local data for postcss-selector-parser@https://registry.npmjs.org/postcss-selector-parser/-/postcss-selector-parser-7.1.4.tgz. Extracting by manifest.
2277 silly tarball no local data for ora@https://registry.npmjs.org/ora/-/ora-8.2.0.tgz. Extracting by manifest.
2278 silly tarball no local data for open@https://registry.npmjs.org/open/-/open-11.0.0.tgz. Extracting by manifest.
2279 silly tarball no local data for kleur@https://registry.npmjs.org/kleur/-/kleur-4.1.5.tgz. Extracting by manifest.
2280 silly tarball no local data for fs-extra@https://registry.npmjs.org/fs-extra/-/fs-extra-11.4.0.tgz. Extracting by manifest.
2281 silly tarball no local data for fuzzysort@https://registry.npmjs.org/fuzzysort/-/fuzzysort-3.1.0.tgz. Extracting by manifest.
2282 silly tarball no local data for fast-glob@https://registry.npmjs.org/fast-glob/-/fast-glob-3.3.3.tgz. Extracting by manifest.
2283 silly tarball no local data for execa@https://registry.npmjs.org/execa/-/execa-9.6.1.tgz. Extracting by manifest.
2284 silly tarball no local data for diff@https://registry.npmjs.org/diff/-/diff-8.0.4.tgz. Extracting by manifest.
2285 silly tarball no local data for deepmerge@https://registry.npmjs.org/deepmerge/-/deepmerge-4.3.1.tgz. Extracting by manifest.
2286 silly tarball no local data for cosmiconfig@https://registry.npmjs.org/cosmiconfig/-/cosmiconfig-9.0.2.tgz. Extracting by manifest.
2287 silly tarball no local data for commander@https://registry.npmjs.org/commander/-/commander-14.0.3.tgz. Extracting by manifest.
2288 silly tarball no local data for dedent@https://registry.npmjs.org/dedent/-/dedent-1.7.2.tgz. Extracting by manifest.
2289 silly tarball no local data for @types/validate-npm-package-name@https://registry.npmjs.org/@types/validate-npm-package-name/-/validate-npm-package-name-4.0.2.tgz. Extracting by manifest.
2290 silly tarball no local data for @dotenvx/dotenvx@https://registry.npmjs.org/@dotenvx/dotenvx/-/dotenvx-1.75.1.tgz. Extracting by manifest.
2291 silly tarball no local data for browserslist@https://registry.npmjs.org/browserslist/-/browserslist-4.28.7.tgz. Extracting by manifest.
2292 silly tarball no local data for @modelcontextprotocol/sdk@https://registry.npmjs.org/@modelcontextprotocol/sdk/-/sdk-1.29.0.tgz. Extracting by manifest.
2293 silly tarball no local data for shadcn@https://registry.npmjs.org/shadcn/-/shadcn-4.14.1.tgz. Extracting by manifest.
2294 silly tarball no local data for @babel/plugin-transform-typescript@https://registry.npmjs.org/@babel/plugin-transform-typescript/-/plugin-transform-typescript-7.29.7.tgz. Extracting by manifest.
2295 silly tarball no local data for @babel/preset-typescript@https://registry.npmjs.org/@babel/preset-typescript/-/preset-typescript-7.29.7.tgz. Extracting by manifest.
2296 silly tarball no local data for @babel/parser@https://registry.npmjs.org/@babel/parser/-/parser-7.29.7.tgz. Extracting by manifest.
2297 silly tarball no local data for @babel/core@https://registry.npmjs.org/@babel/core/-/core-7.29.7.tgz. Extracting by manifest.
2298 silly tarball no local data for onetime@https://registry.npmjs.org/onetime/-/onetime-7.0.0.tgz. Extracting by manifest.
2299 silly tarball no local data for picomatch@https://registry.npmjs.org/picomatch/-/picomatch-2.3.2.tgz. Extracting by manifest.
2300 silly tarball no local data for strip-ansi@https://registry.npmjs.org/strip-ansi/-/strip-ansi-7.2.0.tgz. Extracting by manifest.
2301 silly tarball no local data for is-unicode-supported@https://registry.npmjs.org/is-unicode-supported/-/is-unicode-supported-1.3.0.tgz. Extracting by manifest.
2302 silly tarball no local data for ansi-regex@https://registry.npmjs.org/ansi-regex/-/ansi-regex-6.2.2.tgz. Extracting by manifest.
2303 silly tarball no local data for mimic-fn@https://registry.npmjs.org/mimic-fn/-/mimic-fn-2.1.0.tgz. Extracting by manifest.
2304 silly tarball no local data for content-type@https://registry.npmjs.org/content-type/-/content-type-2.0.0.tgz. Extracting by manifest.
2305 silly tarball no local data for path-key@https://registry.npmjs.org/path-key/-/path-key-4.0.0.tgz. Extracting by manifest.
2306 silly tarball no local data for content-type@https://registry.npmjs.org/content-type/-/content-type-2.0.0.tgz. Extracting by manifest.
2307 silly tarball no local data for isexe@https://registry.npmjs.org/isexe/-/isexe-2.0.0.tgz. Extracting by manifest.
2308 silly tarball no local data for is-obj@https://registry.npmjs.org/is-obj/-/is-obj-3.0.0.tgz. Extracting by manifest.
2309 silly tarball no local data for semver@https://registry.npmjs.org/semver/-/semver-7.8.5.tgz. Extracting by manifest.
2310 silly tarball no local data for kleur@https://registry.npmjs.org/kleur/-/kleur-3.0.3.tgz. Extracting by manifest.
2311 silly tarball no local data for which@https://registry.npmjs.org/which/-/which-2.0.2.tgz. Extracting by manifest.
2312 silly tarball no local data for json-schema-typed@https://registry.npmjs.org/json-schema-typed/-/json-schema-typed-7.0.3.tgz. Extracting by manifest.
2313 silly tarball no local data for ansi-regex@https://registry.npmjs.org/ansi-regex/-/ansi-regex-6.2.2.tgz. Extracting by manifest.
2314 silly tarball no local data for ajv-formats@https://registry.npmjs.org/ajv-formats/-/ajv-formats-2.1.1.tgz. Extracting by manifest.
2315 silly tarball no local data for strip-final-newline@https://registry.npmjs.org/strip-final-newline/-/strip-final-newline-2.0.0.tgz. Extracting by manifest.
2316 silly tarball no local data for is-wsl@https://registry.npmjs.org/is-wsl/-/is-wsl-2.2.0.tgz. Extracting by manifest.
2317 silly tarball no local data for strip-ansi@https://registry.npmjs.org/strip-ansi/-/strip-ansi-7.2.0.tgz. Extracting by manifest.
2318 silly tarball no local data for is-docker@https://registry.npmjs.org/is-docker/-/is-docker-2.2.1.tgz. Extracting by manifest.
2319 silly tarball no local data for define-lazy-prop@https://registry.npmjs.org/define-lazy-prop/-/define-lazy-prop-2.0.0.tgz. Extracting by manifest.
2320 silly tarball no local data for signal-exit@https://registry.npmjs.org/signal-exit/-/signal-exit-3.0.7.tgz. Extracting by manifest.
2321 silly tarball no local data for human-signals@https://registry.npmjs.org/human-signals/-/human-signals-2.1.0.tgz. Extracting by manifest.
2322 silly tarball no local data for get-stream@https://registry.npmjs.org/get-stream/-/get-stream-6.0.1.tgz. Extracting by manifest.
2323 silly tarball no local data for npm-run-path@https://registry.npmjs.org/npm-run-path/-/npm-run-path-4.0.1.tgz. Extracting by manifest.
2324 silly tarball no local data for is-stream@https://registry.npmjs.org/is-stream/-/is-stream-2.0.1.tgz. Extracting by manifest.
2325 silly tarball no local data for execa@https://registry.npmjs.org/execa/-/execa-5.1.1.tgz. Extracting by manifest.
2326 silly tarball no local data for open@https://registry.npmjs.org/open/-/open-8.4.2.tgz. Extracting by manifest.
2327 silly tarball no local data for commander@https://registry.npmjs.org/commander/-/commander-11.1.0.tgz. Extracting by manifest.
2328 http fetch POST 200 https://registry.npmjs.org/-/npm/v1/security/advisories/bulk 574ms
2329 silly audit report {
2329 silly audit report   '@hono/node-server': [
2329 silly audit report     {
2329 silly audit report       id: 1124006,
2329 silly audit report       url: 'https://github.com/advisories/GHSA-frvp-7c67-39w9',
2329 silly audit report       title: 'Node.js Adapter for Hono: Path traversal in `serve-static` on Windows via encoded backslash (`%5C`)',
2329 silly audit report       severity: 'moderate',
2329 silly audit report       vulnerable_versions: '<2.0.5',
2329 silly audit report       cwe: [Array],
2329 silly audit report       cvss: [Object]
2329 silly audit report     }
2329 silly audit report   ]
2329 silly audit report }
2330 silly packumentCache corgi:https://registry.npmjs.org/@hono%2fnode-server cache-miss
2331 http fetch GET 200 https://registry.npmjs.org/merge-stream/-/merge-stream-2.0.0.tgz 546ms (cache miss)
2332 http fetch GET 200 https://registry.npmjs.org/is-number/-/is-number-7.0.0.tgz 538ms (cache miss)
2333 http fetch GET 200 https://registry.npmjs.org/get-own-enumerable-keys/-/get-own-enumerable-keys-1.0.0.tgz 546ms (cache miss)
2334 http fetch GET 200 https://registry.npmjs.org/mimic-function/-/mimic-function-5.0.1.tgz 560ms (cache miss)
2335 http fetch GET 200 https://registry.npmjs.org/balanced-match/-/balanced-match-4.0.4.tgz 557ms (cache miss)
2336 http fetch GET 200 https://registry.npmjs.org/path-browserify/-/path-browserify-1.0.1.tgz 554ms (cache miss)
2337 http fetch GET 200 https://registry.npmjs.org/isexe/-/isexe-3.1.5.tgz 560ms (cache miss)
2338 http fetch GET 200 https://registry.npmjs.org/escalade/-/escalade-3.2.0.tgz 564ms (cache miss)
2339 http fetch GET 200 https://registry.npmjs.org/get-east-asian-width/-/get-east-asian-width-1.6.0.tgz 556ms (cache miss)
2340 http fetch GET 200 https://registry.npmjs.org/ansi-regex/-/ansi-regex-5.0.1.tgz 557ms (cache miss)
2341 http fetch GET 200 https://registry.npmjs.org/dunder-proto/-/dunder-proto-1.0.1.tgz 555ms (cache miss)
2342 http fetch GET 200 https://registry.npmjs.org/media-typer/-/media-typer-1.1.1.tgz 567ms (cache miss)
2343 http fetch GET 200 https://registry.npmjs.org/gopd/-/gopd-1.2.0.tgz 555ms (cache miss)
2344 http fetch GET 200 https://registry.npmjs.org/math-intrinsics/-/math-intrinsics-1.1.0.tgz 559ms (cache miss)
2345 http fetch GET 200 https://registry.npmjs.org/has-symbols/-/has-symbols-1.1.0.tgz 557ms (cache miss)
2346 http fetch GET 200 https://registry.npmjs.org/is-regexp/-/is-regexp-3.1.0.tgz 571ms (cache miss)
2347 http fetch GET 200 https://registry.npmjs.org/call-bind-apply-helpers/-/call-bind-apply-helpers-1.0.2.tgz 565ms (cache miss)
2348 http fetch GET 200 https://registry.npmjs.org/get-proto/-/get-proto-1.0.1.tgz 566ms (cache miss)
2349 http fetch GET 200 https://registry.npmjs.org/es-object-atoms/-/es-object-atoms-1.1.2.tgz 566ms (cache miss)
2350 http fetch GET 200 https://registry.npmjs.org/strip-bom/-/strip-bom-3.0.0.tgz 597ms (cache miss)
2351 http fetch GET 200 https://registry.npmjs.org/is-wsl/-/is-wsl-3.1.1.tgz 601ms (cache miss)
2352 http fetch GET 200 https://registry.npmjs.org/hasown/-/hasown-2.0.4.tgz 589ms (cache miss)
2353 http fetch GET 200 https://registry.npmjs.org/emoji-regex/-/emoji-regex-10.6.0.tgz 590ms (cache miss)
2354 http fetch GET 200 https://registry.npmjs.org/side-channel-weakmap/-/side-channel-weakmap-1.0.2.tgz 587ms (cache miss)
2355 http fetch GET 200 https://registry.npmjs.org/call-bound/-/call-bound-1.0.4.tgz 586ms (cache miss)
2356 http fetch GET 200 https://registry.npmjs.org/function-bind/-/function-bind-1.1.2.tgz 599ms (cache miss)
2357 http fetch GET 200 https://registry.npmjs.org/side-channel-list/-/side-channel-list-1.0.1.tgz 595ms (cache miss)
2358 http fetch GET 200 https://registry.npmjs.org/get-intrinsic/-/get-intrinsic-1.3.0.tgz 611ms (cache miss)
2359 http fetch GET 200 https://registry.npmjs.org/path-to-regexp/-/path-to-regexp-8.4.2.tgz 607ms (cache miss)
2360 http fetch GET 200 https://registry.npmjs.org/shebang-regex/-/shebang-regex-3.0.0.tgz 623ms (cache miss)
2361 http fetch GET 200 https://registry.npmjs.org/es-errors/-/es-errors-1.3.0.tgz 624ms (cache miss)
2362 http fetch GET 200 https://registry.npmjs.org/tiny-invariant/-/tiny-invariant-1.3.3.tgz 622ms (cache miss)
2363 http fetch GET 200 https://registry.npmjs.org/unpipe/-/unpipe-1.0.0.tgz 637ms (cache miss)
2364 http fetch GET 200 https://registry.npmjs.org/is-promise/-/is-promise-4.0.0.tgz 641ms (cache miss)
2365 http fetch GET 200 https://registry.npmjs.org/queue-microtask/-/queue-microtask-1.2.3.tgz 643ms (cache miss)
2366 http fetch GET 200 https://registry.npmjs.org/es-define-property/-/es-define-property-1.0.1.tgz 678ms (cache miss)
2367 http fetch GET 200 https://registry.npmjs.org/forwarded/-/forwarded-0.2.0.tgz 691ms (cache miss)
2368 http fetch GET 200 https://registry.npmjs.org/util-deprecate/-/util-deprecate-1.0.2.tgz 691ms (cache miss)
2369 http fetch GET 200 https://registry.npmjs.org/nanoid/-/nanoid-3.3.16.tgz 701ms (cache miss)
2370 http fetch GET 200 https://registry.npmjs.org/parse-ms/-/parse-ms-4.0.0.tgz 703ms (cache miss)
2371 http fetch GET 200 https://registry.npmjs.org/side-channel/-/side-channel-1.1.1.tgz 707ms (cache miss)
2372 http fetch GET 200 https://registry.npmjs.org/sisteransi/-/sisteransi-1.0.5.tgz 723ms (cache miss)
2373 http fetch GET 200 https://registry.npmjs.org/ipaddr.js/-/ipaddr.js-1.9.1.tgz 725ms (cache miss)
2374 http fetch GET 200 https://registry.npmjs.org/locate-path/-/locate-path-3.0.0.tgz 720ms (cache miss)
2375 http fetch GET 200 https://registry.npmjs.org/p-locate/-/p-locate-3.0.0.tgz 737ms (cache miss)
2376 http fetch GET 200 https://registry.npmjs.org/path-exists/-/path-exists-3.0.0.tgz 739ms (cache miss)
2377 http fetch GET 200 https://registry.npmjs.org/cssesc/-/cssesc-3.0.0.tgz 742ms (cache miss)
2378 http fetch GET 200 https://registry.npmjs.org/is-arrayish/-/is-arrayish-0.2.1.tgz 747ms (cache miss)
2379 http fetch GET 200 https://registry.npmjs.org/find-up/-/find-up-3.0.0.tgz 748ms (cache miss)
2380 http fetch GET 200 https://registry.npmjs.org/lines-and-columns/-/lines-and-columns-1.2.4.tgz 747ms (cache miss)
2381 http fetch GET 200 https://registry.npmjs.org/p-limit/-/p-limit-2.3.0.tgz 765ms (cache miss)
2382 http fetch GET 200 https://registry.npmjs.org/callsites/-/callsites-3.1.0.tgz 764ms (cache miss)
2383 http fetch GET 200 https://registry.npmjs.org/string-width/-/string-width-7.2.0.tgz 765ms (cache miss)
2384 http fetch GET 200 https://registry.npmjs.org/error-ex/-/error-ex-1.3.4.tgz 780ms (cache miss)
2385 http fetch GET 200 https://registry.npmjs.org/json-parse-even-better-errors/-/json-parse-even-better-errors-2.3.1.tgz 781ms (cache miss)
2386 http fetch GET 200 https://registry.npmjs.org/p-try/-/p-try-2.2.0.tgz 790ms (cache miss)
2387 http fetch GET 200 https://registry.npmjs.org/restore-cursor/-/restore-cursor-5.1.0.tgz 781ms (cache miss)
2388 http fetch GET 200 https://registry.npmjs.org/is-docker/-/is-docker-3.0.0.tgz 779ms (cache miss)
2389 http fetch GET 200 https://registry.npmjs.org/cli-spinners/-/cli-spinners-2.9.2.tgz 794ms (cache miss)
2390 http fetch GET 200 https://registry.npmjs.org/wsl-utils/-/wsl-utils-0.3.1.tgz 791ms (cache miss)
2391 http fetch GET 200 https://registry.npmjs.org/bundle-name/-/bundle-name-4.1.0.tgz 804ms (cache miss)
2392 http fetch GET 200 https://registry.npmjs.org/run-applescript/-/run-applescript-7.1.0.tgz 807ms (cache miss)
2393 http fetch GET 200 https://registry.npmjs.org/is-inside-container/-/is-inside-container-1.0.0.tgz 803ms (cache miss)
2394 http fetch GET 200 https://registry.npmjs.org/stdin-discarder/-/stdin-discarder-0.2.2.tgz 820ms (cache miss)
2395 http fetch GET 200 https://registry.npmjs.org/chalk/-/chalk-5.6.2.tgz 831ms (cache miss)
2396 http fetch GET 200 https://registry.npmjs.org/default-browser/-/default-browser-5.5.0.tgz 825ms (cache miss)
2397 http fetch GET 200 https://registry.npmjs.org/is-interactive/-/is-interactive-2.0.0.tgz 841ms (cache miss)
2398 http fetch GET 200 https://registry.npmjs.org/log-symbols/-/log-symbols-6.0.0.tgz 839ms (cache miss)
2399 http fetch GET 200 https://registry.npmjs.org/default-browser-id/-/default-browser-id-5.0.1.tgz 836ms (cache miss)
2400 http fetch GET 200 https://registry.npmjs.org/powershell-utils/-/powershell-utils-0.1.0.tgz 835ms (cache miss)
2401 http fetch GET 200 https://registry.npmjs.org/wrappy/-/wrappy-1.0.2.tgz 845ms (cache miss)
2402 http fetch GET 200 https://registry.npmjs.org/unicorn-magic/-/unicorn-magic-0.3.0.tgz 845ms (cache miss)
2403 http fetch GET 200 https://registry.npmjs.org/is-in-ssh/-/is-in-ssh-1.0.0.tgz 864ms (cache miss)
2404 http fetch GET 200 https://registry.npmjs.org/fill-range/-/fill-range-7.1.1.tgz 861ms (cache miss)
2405 http fetch GET 200 https://registry.npmjs.org/cli-cursor/-/cli-cursor-5.0.0.tgz 883ms (cache miss)
2406 http fetch GET 200 https://registry.npmjs.org/ee-first/-/ee-first-1.1.1.tgz 878ms (cache miss)
2407 http fetch GET 200 https://registry.npmjs.org/define-lazy-prop/-/define-lazy-prop-3.0.0.tgz 879ms (cache miss)
2408 http fetch GET 200 https://registry.npmjs.org/is-extglob/-/is-extglob-2.1.1.tgz 871ms (cache miss)
2409 http fetch GET 200 https://registry.npmjs.org/to-regex-range/-/to-regex-range-5.0.1.tgz 876ms (cache miss)
2410 http fetch GET 200 https://registry.npmjs.org/safer-buffer/-/safer-buffer-2.1.2.tgz 871ms (cache miss)
2411 http fetch GET 200 https://registry.npmjs.org/braces/-/braces-3.0.3.tgz 876ms (cache miss)
2412 http fetch GET 200 https://registry.npmjs.org/yallist/-/yallist-3.1.1.tgz 894ms (cache miss)
2413 http fetch GET 200 https://registry.npmjs.org/setprototypeof/-/setprototypeof-1.2.0.tgz 890ms (cache miss)
2414 http fetch GET 200 https://registry.npmjs.org/is-glob/-/is-glob-4.0.3.tgz 889ms (cache miss)
2415 http fetch GET 200 https://registry.npmjs.org/parent-module/-/parent-module-1.0.1.tgz 911ms (cache miss)
2416 http fetch GET 200 https://registry.npmjs.org/resolve-from/-/resolve-from-4.0.0.tgz 913ms (cache miss)
2417 http fetch GET 200 https://registry.npmjs.org/jsonfile/-/jsonfile-6.2.1.tgz 906ms (cache miss)
2418 http fetch GET 200 https://registry.npmjs.org/graceful-fs/-/graceful-fs-4.2.11.tgz 906ms (cache miss)
2419 http fetch GET 200 https://registry.npmjs.org/@sec-ant/readable-stream/-/readable-stream-0.4.1.tgz 909ms (cache miss)
2420 http fetch GET 200 https://registry.npmjs.org/is-unicode-supported/-/is-unicode-supported-2.1.0.tgz 907ms (cache miss)
2421 http fetch GET 200 https://registry.npmjs.org/inherits/-/inherits-2.0.4.tgz 927ms (cache miss)
2422 http fetch GET 200 https://registry.npmjs.org/reusify/-/reusify-1.1.0.tgz 919ms (cache miss)
2423 http fetch GET 200 https://registry.npmjs.org/toidentifier/-/toidentifier-1.0.1.tgz 927ms (cache miss)
2424 http fetch GET 200 https://registry.npmjs.org/micromatch/-/micromatch-4.0.8.tgz 920ms (cache miss)
2425 http fetch GET 200 https://registry.npmjs.org/merge2/-/merge2-1.4.1.tgz 920ms (cache miss)
2426 http fetch GET 200 https://registry.npmjs.org/universalify/-/universalify-2.0.1.tgz 945ms (cache miss)
2427 http fetch GET 200 https://registry.npmjs.org/glob-parent/-/glob-parent-5.1.2.tgz 940ms (cache miss)
2428 http fetch GET 200 https://registry.npmjs.org/@nodelib/fs.walk/-/fs.walk-1.2.8.tgz 951ms (cache miss)
2429 http fetch GET 200 https://registry.npmjs.org/@nodelib/fs.stat/-/fs.stat-2.0.5.tgz 952ms (cache miss)
2430 http fetch GET 200 https://registry.npmjs.org/bytes/-/bytes-3.1.2.tgz 950ms (cache miss)
2431 http fetch GET 200 https://registry.npmjs.org/statuses/-/statuses-2.0.2.tgz 958ms (cache miss)
2432 http fetch GET 200 https://registry.npmjs.org/serve-static/-/serve-static-2.2.1.tgz 979ms (cache miss)
2433 http fetch GET 200 https://registry.npmjs.org/type-is/-/type-is-2.1.0.tgz 982ms (cache miss)
2434 http fetch GET 200 https://registry.npmjs.org/proxy-addr/-/proxy-addr-2.0.7.tgz 976ms (cache miss)
2435 http fetch GET 200 https://registry.npmjs.org/on-finished/-/on-finished-2.4.1.tgz 997ms (cache miss)
2436 http fetch GET 200 https://registry.npmjs.org/run-parallel/-/run-parallel-1.2.0.tgz 1012ms (cache miss)
2437 http fetch GET 200 https://registry.npmjs.org/@nodelib/fs.scandir/-/fs.scandir-2.1.5.tgz 1014ms (cache miss)
2438 http fetch GET 200 https://registry.npmjs.org/once/-/once-1.4.0.tgz 995ms (cache miss)
2439 http fetch GET 200 https://registry.npmjs.org/range-parser/-/range-parser-1.3.0.tgz 1002ms (cache miss)
2440 http fetch GET 200 https://registry.npmjs.org/merge-descriptors/-/merge-descriptors-2.0.0.tgz 994ms (cache miss)
2441 http fetch GET 200 https://registry.npmjs.org/finalhandler/-/finalhandler-2.1.1.tgz 993ms (cache miss)
2442 http fetch GET 200 https://registry.npmjs.org/router/-/router-2.2.0.tgz 1016ms (cache miss)
2443 http fetch GET 200 https://registry.npmjs.org/etag/-/etag-1.8.1.tgz 1005ms (cache miss)
2444 http fetch GET 200 https://registry.npmjs.org/escape-html/-/escape-html-1.0.3.tgz 1005ms (cache miss)
2445 http fetch GET 200 https://registry.npmjs.org/fresh/-/fresh-2.0.0.tgz 1020ms (cache miss)
2446 http fetch GET 200 https://registry.npmjs.org/encodeurl/-/encodeurl-2.0.0.tgz 1019ms (cache miss)
2447 http fetch GET 200 https://registry.npmjs.org/send/-/send-1.2.1.tgz 1036ms (cache miss)
2448 http fetch GET 200 https://registry.npmjs.org/mime-types/-/mime-types-3.0.2.tgz 1027ms (cache miss)
2449 http fetch GET 200 https://registry.npmjs.org/http-errors/-/http-errors-2.0.1.tgz 1028ms (cache miss)
2450 http fetch GET 200 https://registry.npmjs.org/pretty-ms/-/pretty-ms-9.3.0.tgz 1036ms (cache miss)
2451 http fetch GET 200 https://registry.npmjs.org/yoctocolors/-/yoctocolors-2.1.2.tgz 1038ms (cache miss)
2452 http fetch GET 200 https://registry.npmjs.org/content-disposition/-/content-disposition-1.1.0.tgz 1040ms (cache miss)
2453 http fetch GET 200 https://registry.npmjs.org/accepts/-/accepts-2.0.0.tgz 1039ms (cache miss)
2454 http fetch GET 200 https://registry.npmjs.org/strip-final-newline/-/strip-final-newline-4.0.0.tgz 1038ms (cache miss)
2455 http fetch GET 200 https://registry.npmjs.org/cookie-signature/-/cookie-signature-1.2.2.tgz 1051ms (cache miss)
2456 http fetch GET 200 https://registry.npmjs.org/parseurl/-/parseurl-1.3.3.tgz 1068ms (cache miss)
2457 http fetch GET 200 https://registry.npmjs.org/is-stream/-/is-stream-4.0.1.tgz 1054ms (cache miss)
2458 http fetch GET 200 https://registry.npmjs.org/is-plain-obj/-/is-plain-obj-4.1.0.tgz 1053ms (cache miss)
2459 http fetch GET 200 https://registry.npmjs.org/@sindresorhus/merge-streams/-/merge-streams-4.0.0.tgz 1060ms (cache miss)
2460 http fetch GET 200 https://registry.npmjs.org/npm-run-path/-/npm-run-path-6.0.0.tgz 1072ms (cache miss)
2461 http fetch GET 200 https://registry.npmjs.org/figures/-/figures-6.1.0.tgz 1069ms (cache miss)
2462 http fetch GET 200 https://registry.npmjs.org/mimic-fn/-/mimic-fn-3.1.0.tgz 1067ms (cache miss)
2463 http fetch GET 200 https://registry.npmjs.org/strip-ansi/-/strip-ansi-6.0.1.tgz 1093ms (cache miss)
2464 http fetch GET 200 https://registry.npmjs.org/is-obj/-/is-obj-2.0.0.tgz 1101ms (cache miss)
2465 http fetch GET 200 https://registry.npmjs.org/body-parser/-/body-parser-2.3.0.tgz 1113ms (cache miss)
2466 http fetch GET 200 https://registry.npmjs.org/parse-json/-/parse-json-5.2.0.tgz 1099ms (cache miss)
2467 http fetch GET 200 https://registry.npmjs.org/vary/-/vary-1.1.2.tgz 1104ms (cache miss)
2468 http fetch GET 200 https://registry.npmjs.org/import-fresh/-/import-fresh-3.3.1.tgz 1104ms (cache miss)
2469 http fetch GET 200 https://registry.npmjs.org/ms/-/ms-2.1.3.tgz 1111ms (cache miss)
2470 http fetch GET 200 https://registry.npmjs.org/ansi-colors/-/ansi-colors-4.1.3.tgz 1122ms (cache miss)
2471 http fetch GET 200 https://registry.npmjs.org/update-browserslist-db/-/update-browserslist-db-1.2.3.tgz 1113ms (cache miss)
2472 http fetch GET 200 https://registry.npmjs.org/debounce-fn/-/debounce-fn-4.0.0.tgz 1115ms (cache miss)
2473 http fetch GET 200 https://registry.npmjs.org/pkg-up/-/pkg-up-3.1.0.tgz 1118ms (cache miss)
2474 http fetch GET 200 https://registry.npmjs.org/path-key/-/path-key-3.1.1.tgz 1159ms (cache miss)
2475 http fetch GET 200 https://registry.npmjs.org/shebang-command/-/shebang-command-2.0.0.tgz 1160ms (cache miss)
2476 http fetch GET 200 https://registry.npmjs.org/cookie/-/cookie-0.7.2.tgz 1175ms (cache miss)
2477 http fetch GET 200 https://registry.npmjs.org/require-from-string/-/require-from-string-2.0.2.tgz 1151ms (cache miss)
2478 http fetch GET 200 https://registry.npmjs.org/side-channel-map/-/side-channel-map-1.0.1.tgz 1257ms (cache miss)
2479 http fetch GET 200 https://registry.npmjs.org/object-assign/-/object-assign-4.1.1.tgz 1162ms (cache miss)
2480 http fetch GET 200 https://registry.npmjs.org/dot-prop/-/dot-prop-6.0.1.tgz 1182ms (cache miss)
2481 http fetch GET 200 https://registry.npmjs.org/onetime/-/onetime-5.1.2.tgz 1184ms (cache miss)
2482 http fetch GET 200 https://registry.npmjs.org/raw-body/-/raw-body-3.0.2.tgz 1177ms (cache miss)
2483 http fetch GET 200 https://registry.npmjs.org/pkce-challenge/-/pkce-challenge-5.0.1.tgz 1177ms (cache miss)
2484 http fetch GET 200 https://registry.npmjs.org/esprima/-/esprima-4.0.1.tgz 1281ms (cache miss)
2485 http fetch GET 200 https://registry.npmjs.org/json-schema-traverse/-/json-schema-traverse-1.0.0.tgz 1222ms (cache miss)
2486 http fetch GET 200 https://registry.npmjs.org/cross-spawn/-/cross-spawn-7.0.6.tgz 1218ms (cache miss)
2487 http fetch GET 200 https://registry.npmjs.org/yocto-spinner/-/yocto-spinner-1.2.2.tgz 1235ms (cache miss)
2488 http fetch GET 200 https://registry.npmjs.org/fast-deep-equal/-/fast-deep-equal-3.1.3.tgz 1244ms (cache miss)
2489 http fetch GET 200 https://registry.npmjs.org/object-treeify/-/object-treeify-1.1.33.tgz 1234ms (cache miss)
2490 http fetch GET 200 https://registry.npmjs.org/ignore/-/ignore-5.3.2.tgz 1234ms (cache miss)
2491 http fetch GET 200 https://registry.npmjs.org/depd/-/depd-2.0.0.tgz 1292ms (cache miss)
2492 http fetch GET 200 https://registry.npmjs.org/cors/-/cors-2.8.6.tgz 1262ms (cache miss)
2493 http fetch GET 200 https://registry.npmjs.org/content-type/-/content-type-1.0.5.tgz 1264ms (cache miss)
2494 http fetch GET 200 https://registry.npmjs.org/env-paths/-/env-paths-2.2.1.tgz 1278ms (cache miss)
2495 http fetch GET 200 https://registry.npmjs.org/mime-db/-/mime-db-1.54.0.tgz 1368ms (cache miss)
2496 http fetch GET 200 https://registry.npmjs.org/argparse/-/argparse-2.0.1.tgz 1365ms (cache miss)
2497 http fetch GET 200 https://registry.npmjs.org/@jridgewell/resolve-uri/-/resolve-uri-3.1.2.tgz 1292ms (cache miss)
2498 http fetch GET 200 https://registry.npmjs.org/conf/-/conf-10.2.0.tgz 1301ms (cache miss)
2499 http fetch GET 200 https://registry.npmjs.org/@babel/helper-globals/-/helper-globals-7.29.7.tgz 1305ms (cache miss)
2500 http fetch GET 200 https://registry.npmjs.org/@babel/plugin-syntax-jsx/-/plugin-syntax-jsx-7.29.7.tgz 1306ms (cache miss)
2501 http fetch GET 200 https://registry.npmjs.org/@babel/helper-optimise-call-expression/-/helper-optimise-call-expression-7.29.7.tgz 1305ms (cache miss)
2502 http fetch GET 200 https://registry.npmjs.org/@babel/helper-replace-supers/-/helper-replace-supers-7.29.7.tgz 1319ms (cache miss)
2503 http fetch GET 200 https://registry.npmjs.org/@babel/helper-module-imports/-/helper-module-imports-7.29.7.tgz 1338ms (cache miss)
2504 http fetch GET 200 https://registry.npmjs.org/@babel/helper-skip-transparent-expression-wrappers/-/helper-skip-transparent-expression-wrappers-7.29.7.tgz 1341ms (cache miss)
2505 http fetch GET 200 https://registry.npmjs.org/@babel/helper-annotate-as-pure/-/helper-annotate-as-pure-7.29.7.tgz 1358ms (cache miss)
2506 http fetch GET 200 https://registry.npmjs.org/@babel/compat-data/-/compat-data-7.29.7.tgz 1361ms (cache miss)
2507 http fetch GET 200 https://registry.npmjs.org/@babel/helper-plugin-utils/-/helper-plugin-utils-7.29.7.tgz 1381ms (cache miss)
2508 http fetch GET 200 https://registry.npmjs.org/lru-cache/-/lru-cache-5.1.1.tgz 1377ms (cache miss)
2509 http fetch GET 200 https://registry.npmjs.org/@babel/helper-member-expression-to-functions/-/helper-member-expression-to-functions-7.29.7.tgz 1381ms (cache miss)
2510 http fetch GET 200 https://registry.npmjs.org/@babel/plugin-syntax-typescript/-/plugin-syntax-typescript-7.29.7.tgz 1382ms (cache miss)
2511 http fetch GET 200 https://registry.npmjs.org/picocolors/-/picocolors-1.1.1.tgz 1375ms (cache miss)
2512 http fetch GET 200 https://registry.npmjs.org/@babel/plugin-transform-modules-commonjs/-/plugin-transform-modules-commonjs-7.29.7.tgz 1390ms (cache miss)
2513 http fetch GET 200 https://registry.npmjs.org/which/-/which-4.0.0.tgz 1403ms (cache miss)
2514 http fetch GET 200 https://registry.npmjs.org/@babel/helper-validator-identifier/-/helper-validator-identifier-7.29.7.tgz 1439ms (cache miss)
2515 http fetch GET 200 https://registry.npmjs.org/gensync/-/gensync-1.0.0-beta.2.tgz 1440ms (cache miss)
2516 http fetch GET 200 https://registry.npmjs.org/node-releases/-/node-releases-2.0.51.tgz 1482ms (cache miss)
2517 http fetch GET 200 https://registry.npmjs.org/@babel/helper-validator-option/-/helper-validator-option-7.29.7.tgz 1450ms (cache miss)
2518 http fetch GET 200 https://registry.npmjs.org/jsesc/-/jsesc-3.1.0.tgz 1452ms (cache miss)
2519 http fetch GET 200 https://registry.npmjs.org/debug/-/debug-4.4.3.tgz 1458ms (cache miss)
2520 http fetch GET 200 https://registry.npmjs.org/convert-source-map/-/convert-source-map-2.0.0.tgz 1457ms (cache miss)
2521 http fetch GET 200 https://registry.npmjs.org/js-tokens/-/js-tokens-4.0.0.tgz 1466ms (cache miss)
2522 http fetch GET 200 https://registry.npmjs.org/@jridgewell/remapping/-/remapping-2.3.5.tgz 1469ms (cache miss)
2523 http fetch GET 200 https://registry.npmjs.org/@babel/helper-compilation-targets/-/helper-compilation-targets-7.29.7.tgz 1473ms (cache miss)
2524 http fetch GET 200 https://registry.npmjs.org/validate-npm-package-name/-/validate-npm-package-name-7.0.2.tgz 1488ms (cache miss)
2525 http fetch GET 200 https://registry.npmjs.org/@babel/helper-string-parser/-/helper-string-parser-7.29.7.tgz 1527ms (cache miss)
2526 http fetch GET 200 https://registry.npmjs.org/ora/-/ora-8.2.0.tgz 1515ms (cache miss)
2527 http fetch GET 200 https://registry.npmjs.org/stringify-object/-/stringify-object-5.0.0.tgz 1521ms (cache miss)
2528 http fetch GET 200 https://registry.npmjs.org/kleur/-/kleur-4.1.5.tgz 1519ms (cache miss)
2529 http fetch GET 200 https://registry.npmjs.org/tslib/-/tslib-2.8.1.tgz 1685ms (cache miss)
2530 http fetch GET 200 https://registry.npmjs.org/deepmerge/-/deepmerge-4.3.1.tgz 1534ms (cache miss)
2531 http fetch GET 200 https://registry.npmjs.org/dedent/-/dedent-1.7.2.tgz 1533ms (cache miss)
2532 http fetch GET 200 https://registry.npmjs.org/negotiator/-/negotiator-1.0.0.tgz 1651ms (cache miss)
2533 http fetch GET 200 https://registry.npmjs.org/@types/validate-npm-package-name/-/validate-npm-package-name-4.0.2.tgz 1547ms (cache miss)
2534 http fetch GET 200 https://registry.npmjs.org/@babel/preset-typescript/-/preset-typescript-7.29.7.tgz 1553ms (cache miss)
2535 http fetch GET 200 https://registry.npmjs.org/strip-ansi/-/strip-ansi-7.2.0.tgz 1564ms (cache miss)
2536 http fetch GET 200 https://registry.npmjs.org/onetime/-/onetime-7.0.0.tgz 1566ms (cache miss)
2537 http fetch GET 200 https://registry.npmjs.org/mimic-fn/-/mimic-fn-2.1.0.tgz 1563ms (cache miss)
2538 http fetch GET 200 https://registry.npmjs.org/content-type/-/content-type-2.0.0.tgz 1563ms (cache miss)
2539 http fetch GET 200 https://registry.npmjs.org/ansi-regex/-/ansi-regex-6.2.2.tgz 1565ms (cache miss)
2540 http fetch GET 200 https://registry.npmjs.org/path-key/-/path-key-4.0.0.tgz 1576ms (cache miss)
2541 http fetch GET 200 https://registry.npmjs.org/is-obj/-/is-obj-3.0.0.tgz 1575ms (cache miss)
2542 http fetch GET 200 https://registry.npmjs.org/isexe/-/isexe-2.0.0.tgz 1578ms (cache miss)
2543 http fetch GET 200 https://registry.npmjs.org/@babel/code-frame/-/code-frame-7.29.7.tgz 1612ms (cache miss)
2544 http fetch GET 200 https://registry.npmjs.org/is-unicode-supported/-/is-unicode-supported-1.3.0.tgz 1593ms (cache miss)
2545 http fetch GET 200 https://registry.npmjs.org/which/-/which-2.0.2.tgz 1587ms (cache miss)
2546 http fetch GET 200 https://registry.npmjs.org/json-schema-typed/-/json-schema-typed-7.0.3.tgz 1604ms (cache miss)
2547 http fetch GET 200 https://registry.npmjs.org/ajv-formats/-/ajv-formats-2.1.1.tgz 1602ms (cache miss)
2548 http fetch GET 200 https://registry.npmjs.org/signal-exit/-/signal-exit-3.0.7.tgz 1599ms (cache miss)
2549 http fetch GET 200 https://registry.npmjs.org/semver/-/semver-6.3.1.tgz 1646ms (cache miss)
2550 http fetch GET 200 https://registry.npmjs.org/strip-ansi/-/strip-ansi-7.2.0.tgz 1606ms (cache miss)
2551 http fetch GET 200 https://registry.npmjs.org/content-type/-/content-type-2.0.0.tgz 1614ms (cache miss)
2552 http fetch GET 200 https://registry.npmjs.org/ansi-regex/-/ansi-regex-6.2.2.tgz 1610ms (cache miss)
2553 http fetch GET 200 https://registry.npmjs.org/kleur/-/kleur-3.0.3.tgz 1613ms (cache miss)
2554 http fetch GET 200 https://registry.npmjs.org/get-stream/-/get-stream-6.0.1.tgz 1607ms (cache miss)
2555 http fetch GET 200 https://registry.npmjs.org/is-docker/-/is-docker-2.2.1.tgz 1609ms (cache miss)
2556 http fetch GET 200 https://registry.npmjs.org/define-lazy-prop/-/define-lazy-prop-2.0.0.tgz 1610ms (cache miss)
2557 http fetch GET 200 https://registry.npmjs.org/npm-run-path/-/npm-run-path-4.0.1.tgz 1607ms (cache miss)
2558 http fetch GET 200 https://registry.npmjs.org/fdir/-/fdir-6.5.0.tgz 1675ms (cache miss)
2559 http fetch GET 200 https://registry.npmjs.org/open/-/open-8.4.2.tgz 1613ms (cache miss)
2560 http fetch GET 200 https://registry.npmjs.org/fuzzysort/-/fuzzysort-3.1.0.tgz 1642ms (cache miss)
2561 http fetch GET 200 https://registry.npmjs.org/is-stream/-/is-stream-2.0.1.tgz 1615ms (cache miss)
2562 http fetch GET 200 https://registry.npmjs.org/strip-final-newline/-/strip-final-newline-2.0.0.tgz 1629ms (cache miss)
2563 http fetch GET 200 https://registry.npmjs.org/@dotenvx/primitives/-/primitives-0.8.0.tgz 1702ms (cache miss)
2564 http fetch GET 200 https://registry.npmjs.org/open/-/open-11.0.0.tgz 1672ms (cache miss)
2565 http fetch GET 200 https://registry.npmjs.org/execa/-/execa-5.1.1.tgz 1642ms (cache miss)
2566 http fetch GET 200 https://registry.npmjs.org/is-wsl/-/is-wsl-2.2.0.tgz 1650ms (cache miss)
2567 http fetch GET 200 https://registry.npmjs.org/human-signals/-/human-signals-8.0.1.tgz 1773ms (cache miss)
2568 http fetch GET 200 https://registry.npmjs.org/@hono%2fnode-server 1530ms (cache miss)
2569 silly packumentCache corgi:https://registry.npmjs.org/@hono%2fnode-server set size:undefined disposed:false
2570 http fetch GET 200 https://registry.npmjs.org/json-schema-typed/-/json-schema-typed-8.0.2.tgz 1785ms (cache miss)
2571 http fetch GET 200 https://registry.npmjs.org/fastq/-/fastq-1.20.1.tgz 1851ms (cache miss)
2572 http fetch GET 200 https://registry.npmjs.org/brace-expansion/-/brace-expansion-5.0.8.tgz 1924ms (cache miss)
2573 http fetch GET 200 https://registry.npmjs.org/baseline-browser-mapping/-/baseline-browser-mapping-2.11.1.tgz 1827ms (cache miss)
2574 http fetch GET 200 https://registry.npmjs.org/express-rate-limit/-/express-rate-limit-8.6.0.tgz 1822ms (cache miss)
2575 http fetch GET 200 https://registry.npmjs.org/picomatch/-/picomatch-4.0.5.tgz 1825ms (cache miss)
2576 http fetch GET 200 https://registry.npmjs.org/express/-/express-5.2.1.tgz 1837ms (cache miss)
2577 http fetch GET 200 https://registry.npmjs.org/electron-to-chromium/-/electron-to-chromium-1.5.396.tgz 1852ms (cache miss)
2578 http fetch GET 200 https://registry.npmjs.org/browserslist/-/browserslist-4.28.7.tgz 1829ms (cache miss)
2579 silly packumentCache corgi:https://registry.npmjs.org/@modelcontextprotocol%2fsdk cache-miss
2580 http fetch GET 200 https://registry.npmjs.org/get-stream/-/get-stream-9.0.1.tgz 1917ms (cache miss)
2581 http fetch GET 200 https://registry.npmjs.org/picomatch/-/picomatch-2.3.2.tgz 1852ms (cache miss)
2582 http fetch GET 200 https://registry.npmjs.org/eventsource/-/eventsource-3.0.7.tgz 1954ms (cache miss)
2583 http fetch GET 200 https://registry.npmjs.org/source-map-js/-/source-map-js-1.2.1.tgz 2059ms (cache miss)
2584 http fetch GET 200 https://registry.npmjs.org/dotenv/-/dotenv-17.4.2.tgz 1953ms (cache miss)
2585 http fetch GET 200 https://registry.npmjs.org/ajv-formats/-/ajv-formats-3.0.1.tgz 1994ms (cache miss)
2586 http fetch GET 200 https://registry.npmjs.org/minimist/-/minimist-1.2.8.tgz 2126ms (cache miss)
2587 http fetch GET 200 https://registry.npmjs.org/@babel/plugin-transform-typescript/-/plugin-transform-typescript-7.29.7.tgz 1985ms (cache miss)
2588 http fetch GET 200 https://registry.npmjs.org/commander/-/commander-14.0.3.tgz 1998ms (cache miss)
2589 http fetch GET 200 https://registry.npmjs.org/commander/-/commander-11.1.0.tgz 1983ms (cache miss)
2590 http fetch GET 200 https://registry.npmjs.org/human-signals/-/human-signals-2.1.0.tgz 2022ms (cache miss)
2591 http fetch GET 200 https://registry.npmjs.org/qs/-/qs-6.15.3.tgz 2155ms (cache miss)
2592 http fetch GET 200 https://registry.npmjs.org/@babel/helper-module-transforms/-/helper-module-transforms-7.29.7.tgz 2080ms (cache miss)
2593 http fetch GET 200 https://registry.npmjs.org/eventsource-parser/-/eventsource-parser-3.1.0.tgz 2143ms (cache miss)
2594 http fetch GET 200 https://registry.npmjs.org/@babel/template/-/template-7.29.7.tgz 2122ms (cache miss)
2595 http fetch GET 200 https://registry.npmjs.org/@modelcontextprotocol%2fsdk 280ms (cache miss)
2596 silly packumentCache corgi:https://registry.npmjs.org/@modelcontextprotocol%2fsdk set size:undefined disposed:false
2597 http fetch GET 200 https://registry.npmjs.org/source-map/-/source-map-0.6.1.tgz 2308ms (cache miss)
2598 http fetch GET 200 https://registry.npmjs.org/@babel/helper-create-class-features-plugin/-/helper-create-class-features-plugin-7.29.7.tgz 2192ms (cache miss)
2599 http fetch GET 200 https://registry.npmjs.org/ts-morph/-/ts-morph-26.0.0.tgz 2170ms (cache miss)
2600 http fetch GET 200 https://registry.npmjs.org/json5/-/json5-2.2.3.tgz 2193ms (cache miss)
2601 http fetch GET 200 https://registry.npmjs.org/cosmiconfig/-/cosmiconfig-9.0.2.tgz 2183ms (cache miss)
2602 silly packumentCache corgi:https://registry.npmjs.org/shadcn cache-miss
2603 http fetch GET 200 https://registry.npmjs.org/object-inspect/-/object-inspect-1.13.4.tgz 2381ms (cache miss)
2604 http fetch GET 200 https://registry.npmjs.org/@jridgewell/sourcemap-codec/-/sourcemap-codec-1.5.5.tgz 2294ms (cache miss)
2605 http cache https://registry.npmjs.org/shadcn 57ms (cache hit)
2606 silly packumentCache corgi:https://registry.npmjs.org/shadcn set size:426158 disposed:false
2607 http fetch GET 200 https://registry.npmjs.org/code-block-writer/-/code-block-writer-13.0.3.tgz 2468ms (cache miss)
2608 http fetch GET 200 https://registry.npmjs.org/iconv-lite/-/iconv-lite-0.7.3.tgz 2450ms (cache miss)
2609 http fetch GET 200 https://registry.npmjs.org/@babel/parser/-/parser-7.29.7.tgz 2345ms (cache miss)
2610 http fetch GET 200 https://registry.npmjs.org/ip-address/-/ip-address-10.2.0.tgz 2486ms (cache miss)
2611 http fetch GET 200 https://registry.npmjs.org/@jridgewell/gen-mapping/-/gen-mapping-0.3.13.tgz 2408ms (cache miss)
2612 http fetch GET 200 https://registry.npmjs.org/fast-uri/-/fast-uri-3.1.4.tgz 2451ms (cache miss)
2613 http fetch GET 200 https://registry.npmjs.org/signal-exit/-/signal-exit-4.1.0.tgz 2496ms (cache miss)
2614 http fetch GET 200 https://registry.npmjs.org/systeminformation/-/systeminformation-5.33.1.tgz 2465ms (cache miss)
2615 http fetch GET 200 https://registry.npmjs.org/shadcn/-/shadcn-4.14.1.tgz 2479ms (cache miss)
2616 http fetch GET 200 https://registry.npmjs.org/fs-extra/-/fs-extra-11.4.0.tgz 2491ms (cache miss)
2617 http fetch GET 200 https://registry.npmjs.org/tailwind-merge/-/tailwind-merge-3.6.0.tgz 2571ms (cache miss)
2618 http fetch GET 200 https://registry.npmjs.org/postcss-selector-parser/-/postcss-selector-parser-7.1.4.tgz 2578ms (cache miss)
2619 http fetch GET 200 https://registry.npmjs.org/atomically/-/atomically-1.7.0.tgz 2640ms (cache miss)
2620 http fetch GET 200 https://registry.npmjs.org/js-yaml/-/js-yaml-4.3.0.tgz 2669ms (cache miss)
2621 http fetch GET 200 https://registry.npmjs.org/recast/-/recast-0.23.12.tgz 2623ms (cache miss)
2622 http fetch GET 200 https://registry.npmjs.org/@jridgewell/trace-mapping/-/trace-mapping-0.3.31.tgz 2654ms (cache miss)
2623 http fetch GET 200 https://registry.npmjs.org/semver/-/semver-7.8.5.tgz 2632ms (cache miss)
2624 http fetch GET 200 https://registry.npmjs.org/enquirer/-/enquirer-2.4.1.tgz 2702ms (cache miss)
2625 http fetch GET 200 https://registry.npmjs.org/postcss/-/postcss-8.5.22.tgz 2736ms (cache miss)
2626 http fetch GET 200 https://registry.npmjs.org/@hono/node-server/-/node-server-1.19.15.tgz 2787ms (cache miss)
2627 http fetch GET 200 https://registry.npmjs.org/@babel/generator/-/generator-7.29.7.tgz 2759ms (cache miss)
2628 http fetch GET 200 https://registry.npmjs.org/minimatch/-/minimatch-10.2.5.tgz 2959ms (cache miss)
2629 http fetch GET 200 https://registry.npmjs.org/fast-glob/-/fast-glob-3.3.3.tgz 2846ms (cache miss)
2630 http fetch GET 200 https://registry.npmjs.org/tsconfig-paths/-/tsconfig-paths-4.2.0.tgz 2938ms (cache miss)
2631 http fetch GET 200 https://registry.npmjs.org/prompts/-/prompts-2.4.2.tgz 2939ms (cache miss)
2632 http fetch GET 200 https://registry.npmjs.org/@babel/traverse/-/traverse-7.29.7.tgz 2975ms (cache miss)
2633 http fetch GET 200 https://registry.npmjs.org/@ts-morph/common/-/common-0.27.0.tgz 3275ms (cache miss)
2634 http fetch GET 200 https://registry.npmjs.org/ast-types/-/ast-types-0.16.1.tgz 3342ms (cache miss)
2635 http fetch GET 200 https://registry.npmjs.org/jose/-/jose-6.2.4.tgz 3314ms (cache miss)
2636 http fetch GET 200 https://registry.npmjs.org/diff/-/diff-8.0.4.tgz 3394ms (cache miss)
2637 http fetch GET 200 https://registry.npmjs.org/@babel/core/-/core-7.29.7.tgz 3427ms (cache miss)
2638 http fetch GET 200 https://registry.npmjs.org/execa/-/execa-9.6.1.tgz 3441ms (cache miss)
2639 http fetch GET 200 https://registry.npmjs.org/zod-to-json-schema/-/zod-to-json-schema-3.25.2.tgz 3485ms (cache miss)
2640 http fetch GET 200 https://registry.npmjs.org/@dotenvx/dotenvx/-/dotenvx-1.75.1.tgz 3683ms (cache miss)
2641 http fetch GET 200 https://registry.npmjs.org/@babel/types/-/types-7.29.7.tgz 3744ms (cache miss)
2642 http fetch GET 200 https://registry.npmjs.org/undici/-/undici-7.28.0.tgz 3832ms (cache miss)
2643 http fetch GET 200 https://registry.npmjs.org/@babel/helpers/-/helpers-7.29.7.tgz 3935ms (cache miss)
2644 http fetch GET 200 https://registry.npmjs.org/ajv/-/ajv-8.20.0.tgz 4833ms (cache miss)
2645 http fetch GET 200 https://registry.npmjs.org/zod/-/zod-3.25.76.tgz 5264ms (cache miss)
2646 http fetch GET 200 https://registry.npmjs.org/hono/-/hono-4.12.31.tgz 5427ms (cache miss)
2647 http fetch GET 200 https://registry.npmjs.org/caniuse-lite/-/caniuse-lite-1.0.30001806.tgz 5693ms (cache miss)
2648 http fetch GET 200 https://registry.npmjs.org/@modelcontextprotocol/sdk/-/sdk-1.29.0.tgz 6065ms (cache miss)
2649 verbose cwd C:\Users\Zach\Desktop\Lab\Euterpe-landing
2650 verbose os Windows_NT 10.0.26200
2651 verbose node v24.13.0
2652 verbose npm  v11.6.2
2653 notice
2653 notice New [33mminor[39m version of npm available! [33m11.6.2[39m -> [34m11.18.0[39m
2653 notice Changelog: [34mhttps://github.com/npm/cli/releases/tag/v11.18.0[39m
2653 notice To update run: [4mnpm install -g npm@11.18.0[24m
2653 notice  { force: true, Symbol(proc-log.meta): true }
2654 verbose exit 0
2655 info ok
