0 verbose cli C:\Program Files\nodejs\node.exe C:\Program Files\nodejs\node_modules\npm\bin\npm-cli.js
1 info using npm@11.6.2
2 info using node@v24.13.0
3 silly config load:file:C:\Program Files\nodejs\node_modules\npm\npmrc
4 silly config load:file:C:\Users\Zach\Desktop\Lab\Euterpe-landing\.npmrc
5 silly config load:file:C:\Users\Zach\.npmrc
6 silly config load:file:C:\Users\Zach\AppData\Roaming\npm\etc\npmrc
7 verbose title npm install motion clsx tailwind-merge shadcn@latest class-variance-authority tw-animate-css @base-ui/react lucide-react @fontsource-variable/geist
8 verbose argv "install" "--" "motion" "clsx" "tailwind-merge" "shadcn@latest" "class-variance-authority" "tw-animate-css" "@base-ui/react" "lucide-react" "@fontsource-variable/geist"
9 verbose logfile logs-max:10 dir:C:\Users\Zach\Desktop\Lab\Euterpe-landing\.npm-cache-temp\_logs\2026-07-24T09_00_01_550Z-
10 verbose logfile C:\Users\Zach\Desktop\Lab\Euterpe-landing\.npm-cache-temp\_logs\2026-07-24T09_00_01_550Z-debug-0.log
11 silly logfile done cleaning log files
12 silly packumentCache heap:4496293888 maxSize:1124073472 maxEntrySize:562036736
13 silly packumentCache corgi:https://registry.npmjs.org/shadcn cache-miss
14 http fetch GET 200 https://registry.npmjs.org/shadcn 217ms (cache revalidated)
15 silly packumentCache corgi:https://registry.npmjs.org/shadcn set size:426158 disposed:false
16 silly idealTree buildDeps
17 silly fetch manifest motion@*
18 silly packumentCache full:https://registry.npmjs.org/motion cache-miss
19 http fetch GET 200 https://registry.npmjs.org/motion 133ms (cache miss)
20 silly packumentCache full:https://registry.npmjs.org/motion set size:undefined disposed:false
21 silly fetch manifest @emotion/is-prop-valid@*
22 silly packumentCache full:https://registry.npmjs.org/@emotion%2fis-prop-valid cache-miss
23 http fetch GET 200 https://registry.npmjs.org/@emotion%2fis-prop-valid 43ms (cache miss)
24 silly packumentCache full:https://registry.npmjs.org/@emotion%2fis-prop-valid set size:undefined disposed:false
25 silly fetch manifest react@^18.2.0
26 silly packumentCache full:https://registry.npmjs.org/react cache-miss
27 http fetch GET 200 https://registry.npmjs.org/react 200ms (cache miss)
28 silly packumentCache full:https://registry.npmjs.org/react set size:undefined disposed:false
29 silly fetch manifest react-dom@^18.2.0
30 silly packumentCache full:https://registry.npmjs.org/react-dom cache-miss
31 http fetch GET 200 https://registry.npmjs.org/react-dom 170ms (cache miss)
32 silly packumentCache full:https://registry.npmjs.org/react-dom set size:undefined disposed:false
33 silly fetch manifest clsx@*
34 silly packumentCache full:https://registry.npmjs.org/clsx cache-miss
35 http fetch GET 200 https://registry.npmjs.org/clsx 33ms (cache miss)
36 silly packumentCache full:https://registry.npmjs.org/clsx set size:undefined disposed:false
37 silly fetch manifest tailwind-merge@*
38 silly packumentCache full:https://registry.npmjs.org/tailwind-merge cache-miss
39 http fetch GET 200 https://registry.npmjs.org/tailwind-merge 34ms (cache revalidated)
40 silly packumentCache full:https://registry.npmjs.org/tailwind-merge set size:1669841 disposed:false
41 silly fetch manifest class-variance-authority@*
42 silly packumentCache full:https://registry.npmjs.org/class-variance-authority cache-miss
43 http fetch GET 200 https://registry.npmjs.org/class-variance-authority 38ms (cache miss)
44 silly packumentCache full:https://registry.npmjs.org/class-variance-authority set size:undefined disposed:false
45 silly fetch manifest tw-animate-css@*
46 silly packumentCache full:https://registry.npmjs.org/tw-animate-css cache-miss
47 http fetch GET 200 https://registry.npmjs.org/tw-animate-css 90ms (cache miss)
48 silly packumentCache full:https://registry.npmjs.org/tw-animate-css set size:undefined disposed:false
49 silly fetch manifest @base-ui/react@*
50 silly packumentCache full:https://registry.npmjs.org/@base-ui%2freact cache-miss
51 http fetch GET 200 https://registry.npmjs.org/@base-ui%2freact 55ms (cache miss)
52 silly packumentCache full:https://registry.npmjs.org/@base-ui%2freact set size:undefined disposed:false
53 silly fetch manifest @date-fns/tz@^1.2.0
54 silly packumentCache full:https://registry.npmjs.org/@date-fns%2ftz cache-miss
55 http fetch GET 200 https://registry.npmjs.org/@date-fns%2ftz 46ms (cache miss)
56 silly packumentCache full:https://registry.npmjs.org/@date-fns%2ftz set size:undefined disposed:false
57 silly fetch manifest @types/react@^18.2.15
58 silly packumentCache full:https://registry.npmjs.org/@types%2freact cache-miss
59 http fetch GET 200 https://registry.npmjs.org/@types%2freact 96ms (cache miss)
60 silly packumentCache full:https://registry.npmjs.org/@types%2freact set size:undefined disposed:false
61 silly fetch manifest date-fns@^4.0.0
62 silly packumentCache full:https://registry.npmjs.org/date-fns cache-miss
63 http fetch GET 200 https://registry.npmjs.org/date-fns 283ms (cache miss)
64 silly packumentCache full:https://registry.npmjs.org/date-fns set size:undefined disposed:false
65 silly fetch manifest lucide-react@*
66 silly packumentCache full:https://registry.npmjs.org/lucide-react cache-miss
67 http fetch GET 200 https://registry.npmjs.org/lucide-react 95ms (cache miss)
68 silly packumentCache full:https://registry.npmjs.org/lucide-react set size:undefined disposed:false
69 silly fetch manifest @fontsource-variable/geist@*
70 silly packumentCache full:https://registry.npmjs.org/@fontsource-variable%2fgeist cache-miss
71 http fetch GET 200 https://registry.npmjs.org/@fontsource-variable%2fgeist 173ms (cache miss)
72 silly packumentCache full:https://registry.npmjs.org/@fontsource-variable%2fgeist set size:undefined disposed:false
73 silly fetch manifest shadcn@4.14.1
74 silly packumentCache full:https://registry.npmjs.org/shadcn cache-miss
75 http fetch GET 200 https://registry.npmjs.org/shadcn 80ms (cache revalidated)
76 silly packumentCache full:https://registry.npmjs.org/shadcn set size:1074720 disposed:false
77 silly placeDep ROOT @base-ui/react@1.6.0 OK for: euterpe-landing@2.0.0 want: *
78 silly placeDep ROOT @fontsource-variable/geist@5.3.0 OK for: euterpe-landing@2.0.0 want: *
79 silly placeDep ROOT class-variance-authority@0.7.1 OK for: euterpe-landing@2.0.0 want: *
80 silly placeDep ROOT clsx@2.1.1 OK for: euterpe-landing@2.0.0 want: *
81 silly placeDep ROOT lucide-react@1.26.0 OK for: euterpe-landing@2.0.0 want: *
82 silly placeDep ROOT motion@12.42.2 OK for: euterpe-landing@2.0.0 want: *
83 silly placeDep ROOT shadcn@4.14.1 OK for: euterpe-landing@2.0.0 want: 4.14.1
84 silly placeDep ROOT tailwind-merge@3.6.0 OK for: euterpe-landing@2.0.0 want: *
85 silly placeDep ROOT tw-animate-css@1.4.0 OK for: euterpe-landing@2.0.0 want: *
86 silly fetch manifest @babel/runtime@^7.29.2
87 silly packumentCache full:https://registry.npmjs.org/@babel%2fruntime cache-miss
88 silly fetch manifest @floating-ui/react-dom@^2.1.8
89 silly packumentCache full:https://registry.npmjs.org/@floating-ui%2freact-dom cache-miss
90 silly fetch manifest @floating-ui/utils@^0.2.11
91 silly packumentCache full:https://registry.npmjs.org/@floating-ui%2futils cache-miss
92 silly fetch manifest use-sync-external-store@^1.6.0
93 silly packumentCache full:https://registry.npmjs.org/use-sync-external-store cache-miss
94 silly fetch manifest @base-ui/utils@0.3.1
95 silly packumentCache full:https://registry.npmjs.org/@base-ui%2futils cache-miss
96 silly fetch manifest clsx@^2.1.1
97 silly packumentCache full:https://registry.npmjs.org/clsx cache-miss
98 silly fetch manifest framer-motion@^12.42.2
99 silly packumentCache full:https://registry.npmjs.org/framer-motion cache-miss
100 silly fetch manifest @babel/plugin-transform-typescript@^7.28.0
101 silly packumentCache full:https://registry.npmjs.org/@babel%2fplugin-transform-typescript cache-miss
102 silly fetch manifest @babel/preset-typescript@^7.27.1
103 silly packumentCache full:https://registry.npmjs.org/@babel%2fpreset-typescript cache-miss
104 silly fetch manifest @dotenvx/dotenvx@^1.48.4
105 silly packumentCache full:https://registry.npmjs.org/@dotenvx%2fdotenvx cache-miss
106 silly fetch manifest @modelcontextprotocol/sdk@^1.26.0
107 silly packumentCache full:https://registry.npmjs.org/@modelcontextprotocol%2fsdk cache-miss
108 silly fetch manifest @types/validate-npm-package-name@^4.0.2
109 silly packumentCache full:https://registry.npmjs.org/@types%2fvalidate-npm-package-name cache-miss
110 silly fetch manifest commander@^14.0.0
111 silly packumentCache full:https://registry.npmjs.org/commander cache-miss
112 silly fetch manifest cosmiconfig@^9.0.0
113 silly packumentCache full:https://registry.npmjs.org/cosmiconfig cache-miss
114 silly fetch manifest dedent@^1.6.0
115 silly packumentCache full:https://registry.npmjs.org/dedent cache-miss
116 silly fetch manifest deepmerge@^4.3.1
117 silly packumentCache full:https://registry.npmjs.org/deepmerge cache-miss
118 silly fetch manifest diff@^8.0.2
119 silly packumentCache full:https://registry.npmjs.org/diff cache-miss
120 silly fetch manifest execa@^9.6.0
121 silly packumentCache full:https://registry.npmjs.org/execa cache-miss
122 silly fetch manifest fs-extra@^11.3.1
123 silly packumentCache full:https://registry.npmjs.org/fs-extra cache-miss
124 silly fetch manifest fuzzysort@^3.1.0
125 silly packumentCache full:https://registry.npmjs.org/fuzzysort cache-miss
126 silly fetch manifest kleur@^4.1.5
127 silly packumentCache full:https://registry.npmjs.org/kleur cache-miss
128 silly fetch manifest open@^11.0.0
129 silly packumentCache full:https://registry.npmjs.org/open cache-miss
130 silly fetch manifest ora@^8.2.0
131 silly packumentCache full:https://registry.npmjs.org/ora cache-miss
132 http cache https://registry.npmjs.org/clsx 70ms (cache hit)
133 silly packumentCache full:https://registry.npmjs.org/clsx set size:42506 disposed:false
134 silly fetch manifest postcss-selector-parser@^7.1.0
135 silly packumentCache full:https://registry.npmjs.org/postcss-selector-parser cache-miss
136 http fetch GET 200 https://registry.npmjs.org/@floating-ui%2futils 150ms (cache miss)
137 silly packumentCache full:https://registry.npmjs.org/@floating-ui%2futils set size:undefined disposed:false
138 silly fetch manifest prompts@^2.4.2
139 silly packumentCache full:https://registry.npmjs.org/prompts cache-miss
140 http fetch GET 200 https://registry.npmjs.org/diff 153ms (cache revalidated)
141 silly packumentCache full:https://registry.npmjs.org/diff set size:154400 disposed:false
142 silly fetch manifest recast@^0.23.11
143 silly packumentCache full:https://registry.npmjs.org/recast cache-miss
144 http fetch GET 200 https://registry.npmjs.org/cosmiconfig 158ms (cache revalidated)
145 silly packumentCache full:https://registry.npmjs.org/cosmiconfig set size:200670 disposed:false
146 silly fetch manifest stringify-object@^5.0.0
147 silly packumentCache full:https://registry.npmjs.org/stringify-object cache-miss
148 http fetch GET 200 https://registry.npmjs.org/@modelcontextprotocol%2fsdk 164ms (cache revalidated)
149 silly packumentCache full:https://registry.npmjs.org/@modelcontextprotocol%2fsdk set size:295660 disposed:false
150 silly fetch manifest tailwind-merge@^3.0.1
151 silly packumentCache full:https://registry.npmjs.org/tailwind-merge cache-miss
152 http fetch GET 200 https://registry.npmjs.org/@babel%2fpreset-typescript 169ms (cache revalidated)
153 silly packumentCache full:https://registry.npmjs.org/@babel%2fpreset-typescript set size:271383 disposed:false
154 silly fetch manifest ts-morph@^26.0.0
155 silly packumentCache full:https://registry.npmjs.org/ts-morph cache-miss
156 http fetch GET 200 https://registry.npmjs.org/deepmerge 176ms (cache revalidated)
157 silly packumentCache full:https://registry.npmjs.org/deepmerge set size:101897 disposed:false
158 silly fetch manifest tsconfig-paths@^4.2.0
159 silly packumentCache full:https://registry.npmjs.org/tsconfig-paths cache-miss
160 http fetch GET 200 https://registry.npmjs.org/dedent 183ms (cache revalidated)
161 silly packumentCache full:https://registry.npmjs.org/dedent set size:77148 disposed:false
162 silly fetch manifest undici@^7.27.2
163 silly packumentCache full:https://registry.npmjs.org/undici cache-miss
164 http fetch GET 200 https://registry.npmjs.org/open 188ms (cache revalidated)
165 silly packumentCache full:https://registry.npmjs.org/open set size:136392 disposed:false
166 silly fetch manifest validate-npm-package-name@^7.0.1
167 silly packumentCache full:https://registry.npmjs.org/validate-npm-package-name cache-miss
168 http fetch GET 200 https://registry.npmjs.org/fs-extra 194ms (cache revalidated)
169 silly packumentCache full:https://registry.npmjs.org/fs-extra set size:239581 disposed:false
170 silly fetch manifest zod@^3.24.1
171 silly packumentCache full:https://registry.npmjs.org/zod cache-miss
172 http fetch GET 200 https://registry.npmjs.org/commander 201ms (cache revalidated)
173 silly packumentCache full:https://registry.npmjs.org/commander set size:353115 disposed:false
174 silly fetch manifest zod-to-json-schema@^3.24.6
175 silly packumentCache full:https://registry.npmjs.org/zod-to-json-schema cache-miss
176 http fetch GET 200 https://registry.npmjs.org/execa 205ms (cache revalidated)
177 silly packumentCache full:https://registry.npmjs.org/execa set size:184889 disposed:false
178 http fetch GET 200 https://registry.npmjs.org/@babel%2fplugin-transform-typescript 217ms (cache revalidated)
179 silly packumentCache full:https://registry.npmjs.org/@babel%2fplugin-transform-typescript set size:402797 disposed:false
180 http fetch GET 200 https://registry.npmjs.org/fuzzysort 220ms (cache revalidated)
181 silly packumentCache full:https://registry.npmjs.org/fuzzysort set size:83871 disposed:false
182 http cache https://registry.npmjs.org/tailwind-merge 61ms (cache hit)
183 silly packumentCache full:https://registry.npmjs.org/tailwind-merge set size:1669841 disposed:false
184 http fetch GET 200 https://registry.npmjs.org/postcss-selector-parser 175ms (cache revalidated)
185 silly packumentCache full:https://registry.npmjs.org/postcss-selector-parser set size:193966 disposed:false
186 http fetch GET 200 https://registry.npmjs.org/prompts 102ms (cache revalidated)
187 silly packumentCache full:https://registry.npmjs.org/prompts set size:115896 disposed:false
188 http fetch GET 200 https://registry.npmjs.org/ora 250ms (cache revalidated)
189 silly packumentCache full:https://registry.npmjs.org/ora set size:147148 disposed:false
190 http fetch GET 200 https://registry.npmjs.org/stringify-object 106ms (cache revalidated)
191 silly packumentCache full:https://registry.npmjs.org/stringify-object set size:62925 disposed:false
192 http fetch GET 200 https://registry.npmjs.org/ts-morph 103ms (cache revalidated)
193 silly packumentCache full:https://registry.npmjs.org/ts-morph set size:540557 disposed:false
194 http fetch GET 200 https://registry.npmjs.org/@base-ui%2futils 284ms (cache miss)
195 silly packumentCache full:https://registry.npmjs.org/@base-ui%2futils set size:undefined disposed:false
196 http fetch GET 200 https://registry.npmjs.org/kleur 281ms (cache revalidated)
197 silly packumentCache full:https://registry.npmjs.org/kleur set size:61853 disposed:false
198 http fetch GET 200 https://registry.npmjs.org/@floating-ui%2freact-dom 292ms (cache miss)
199 silly packumentCache full:https://registry.npmjs.org/@floating-ui%2freact-dom set size:undefined disposed:false
200 http fetch GET 200 https://registry.npmjs.org/recast 137ms (cache revalidated)
201 silly packumentCache full:https://registry.npmjs.org/recast set size:528453 disposed:false
202 http fetch GET 200 https://registry.npmjs.org/tsconfig-paths 119ms (cache revalidated)
203 silly packumentCache full:https://registry.npmjs.org/tsconfig-paths set size:192565 disposed:false
204 http fetch GET 200 https://registry.npmjs.org/undici 118ms (cache revalidated)
205 silly packumentCache full:https://registry.npmjs.org/undici set size:1504132 disposed:false
206 http fetch GET 200 https://registry.npmjs.org/@types%2fvalidate-npm-package-name 314ms (cache revalidated)
207 silly packumentCache full:https://registry.npmjs.org/@types%2fvalidate-npm-package-name set size:17657 disposed:false
208 http fetch GET 200 https://registry.npmjs.org/zod-to-json-schema 119ms (cache revalidated)
209 silly packumentCache full:https://registry.npmjs.org/zod-to-json-schema set size:309584 disposed:false
210 http fetch GET 200 https://registry.npmjs.org/@dotenvx%2fdotenvx 331ms (cache revalidated)
211 silly packumentCache full:https://registry.npmjs.org/@dotenvx%2fdotenvx set size:868704 disposed:false
212 http fetch GET 200 https://registry.npmjs.org/zod 145ms (cache revalidated)
213 silly packumentCache full:https://registry.npmjs.org/zod set size:3552562 disposed:false
214 http fetch GET 200 https://registry.npmjs.org/validate-npm-package-name 183ms (cache revalidated)
215 silly packumentCache full:https://registry.npmjs.org/validate-npm-package-name set size:51100 disposed:false
216 http fetch GET 200 https://registry.npmjs.org/@babel%2fruntime 426ms (cache miss)
217 silly packumentCache full:https://registry.npmjs.org/@babel%2fruntime set size:undefined disposed:false
218 http fetch GET 200 https://registry.npmjs.org/use-sync-external-store 473ms (cache miss)
219 silly packumentCache full:https://registry.npmjs.org/use-sync-external-store set size:undefined disposed:false
220 http fetch GET 200 https://registry.npmjs.org/framer-motion 544ms (cache miss)
221 silly packumentCache full:https://registry.npmjs.org/framer-motion set size:undefined disposed:false
222 silly fetch manifest react@^17 || ^18 || ^19
223 silly packumentCache full:https://registry.npmjs.org/react cache-miss
224 http cache https://registry.npmjs.org/react 19ms (cache hit)
225 silly packumentCache full:https://registry.npmjs.org/react set size:6830011 disposed:false
226 silly fetch manifest react-dom@^17 || ^18 || ^19
227 silly packumentCache full:https://registry.npmjs.org/react-dom cache-miss
228 http cache https://registry.npmjs.org/react-dom 45ms (cache hit)
229 silly packumentCache full:https://registry.npmjs.org/react-dom set size:9160340 disposed:false
230 silly fetch manifest @types/react@^17 || ^18 || ^19
231 silly packumentCache full:https://registry.npmjs.org/@types%2freact cache-miss
232 http cache https://registry.npmjs.org/@types%2freact 12ms (cache hit)
233 silly packumentCache full:https://registry.npmjs.org/@types%2freact set size:2632776 disposed:false
234 silly placeDep ROOT @babel/runtime@7.29.7 OK for: @base-ui/react@1.6.0 want: ^7.29.2
235 silly placeDep ROOT @base-ui/utils@0.3.1 OK for: @base-ui/react@1.6.0 want: 0.3.1
236 silly placeDep ROOT @floating-ui/react-dom@2.1.9 OK for: @base-ui/react@1.6.0 want: ^2.1.8
237 silly placeDep ROOT @floating-ui/utils@0.2.12 OK for: @base-ui/react@1.6.0 want: ^0.2.11
238 silly placeDep ROOT use-sync-external-store@1.6.0 OK for: @base-ui/react@1.6.0 want: ^1.6.0
239 silly fetch manifest reselect@^5.2.0
240 silly packumentCache full:https://registry.npmjs.org/reselect cache-miss
241 silly fetch manifest @floating-ui/dom@^1.8.0
242 silly packumentCache full:https://registry.npmjs.org/@floating-ui%2fdom cache-miss
243 http fetch GET 200 https://registry.npmjs.org/reselect 56ms (cache miss)
244 silly packumentCache full:https://registry.npmjs.org/reselect set size:undefined disposed:false
245 http fetch GET 200 https://registry.npmjs.org/@floating-ui%2fdom 175ms (cache miss)
246 silly packumentCache full:https://registry.npmjs.org/@floating-ui%2fdom set size:undefined disposed:false
247 silly placeDep ROOT reselect@5.2.0 OK for: @base-ui/utils@0.3.1 want: ^5.2.0
248 silly placeDep ROOT @floating-ui/dom@1.8.0 OK for: @floating-ui/react-dom@2.1.9 want: ^1.8.0
249 silly fetch manifest @floating-ui/core@^1.8.0
250 silly packumentCache full:https://registry.npmjs.org/@floating-ui%2fcore cache-miss
251 http fetch GET 200 https://registry.npmjs.org/@floating-ui%2fcore 63ms (cache miss)
252 silly packumentCache full:https://registry.npmjs.org/@floating-ui%2fcore set size:undefined disposed:false
253 silly placeDep ROOT @floating-ui/core@1.8.0 OK for: @floating-ui/dom@1.8.0 want: ^1.8.0
254 silly fetch manifest react@^18.0.0 || ^19.0.0
255 silly packumentCache full:https://registry.npmjs.org/react cache-miss
256 http cache https://registry.npmjs.org/react 22ms (cache hit)
257 silly packumentCache full:https://registry.npmjs.org/react set size:6830011 disposed:false
258 silly fetch manifest react-dom@^18.0.0 || ^19.0.0
259 silly packumentCache full:https://registry.npmjs.org/react-dom cache-miss
260 http cache https://registry.npmjs.org/react-dom 24ms (cache hit)
261 silly packumentCache full:https://registry.npmjs.org/react-dom set size:9160340 disposed:false
262 silly placeDep ROOT framer-motion@12.42.2 REPLACE for: motion@12.42.2 want: ^12.42.2
263 silly fetch manifest motion-dom@^12.42.2
264 silly packumentCache full:https://registry.npmjs.org/motion-dom cache-miss
265 silly fetch manifest motion-utils@^12.39.0
266 silly packumentCache full:https://registry.npmjs.org/motion-utils cache-miss
267 http fetch GET 200 https://registry.npmjs.org/motion-utils 95ms (cache miss)
268 silly packumentCache full:https://registry.npmjs.org/motion-utils set size:undefined disposed:false
269 http fetch GET 200 https://registry.npmjs.org/motion-dom 103ms (cache miss)
270 silly packumentCache full:https://registry.npmjs.org/motion-dom set size:undefined disposed:false
271 silly placeDep ROOT motion-dom@12.42.2 OK for: framer-motion@12.42.2 want: ^12.42.2
272 silly placeDep ROOT motion-utils@12.39.0 OK for: framer-motion@12.42.2 want: ^12.39.0
273 silly fetch manifest @babel/core@^7.28.0
274 silly packumentCache full:https://registry.npmjs.org/@babel%2fcore cache-miss
275 http fetch GET 200 https://registry.npmjs.org/@babel%2fcore 46ms (cache revalidated)
276 silly packumentCache full:https://registry.npmjs.org/@babel%2fcore set size:788273 disposed:false
277 silly fetch manifest @cfworker/json-schema@^4.1.1
278 silly packumentCache full:https://registry.npmjs.org/@cfworker%2fjson-schema cache-miss
279 http fetch GET 200 https://registry.npmjs.org/@cfworker%2fjson-schema 127ms (cache revalidated)
280 silly packumentCache full:https://registry.npmjs.org/@cfworker%2fjson-schema set size:144207 disposed:false
281 silly fetch manifest typescript@>=4.9.5
282 silly packumentCache full:https://registry.npmjs.org/typescript cache-miss
283 http fetch GET 200 https://registry.npmjs.org/typescript 68ms (cache revalidated)
284 silly packumentCache full:https://registry.npmjs.org/typescript set size:15472089 disposed:false
285 silly fetch manifest babel-plugin-macros@^3.1.0
286 silly packumentCache full:https://registry.npmjs.org/babel-plugin-macros cache-miss
287 http fetch GET 200 https://registry.npmjs.org/babel-plugin-macros 38ms (cache revalidated)
288 silly packumentCache full:https://registry.npmjs.org/babel-plugin-macros set size:124320 disposed:false
289 silly placeDep ROOT @babel/plugin-transform-typescript@7.29.7 OK for: shadcn@4.14.1 want: ^7.28.0
290 silly placeDep ROOT @babel/preset-typescript@7.29.7 OK for: shadcn@4.14.1 want: ^7.27.1
291 silly placeDep ROOT @dotenvx/dotenvx@1.75.1 OK for: shadcn@4.14.1 want: ^1.48.4
292 silly placeDep ROOT @modelcontextprotocol/sdk@1.29.0 OK for: shadcn@4.14.1 want: ^1.26.0
293 silly placeDep ROOT @types/validate-npm-package-name@4.0.2 OK for: shadcn@4.14.1 want: ^4.0.2
294 silly placeDep node_modules/shadcn commander@14.0.3 OK for: shadcn@4.14.1 want: ^14.0.0
295 silly placeDep ROOT cosmiconfig@9.0.2 OK for: shadcn@4.14.1 want: ^9.0.0
296 silly placeDep ROOT dedent@1.7.2 OK for: shadcn@4.14.1 want: ^1.6.0
297 silly placeDep ROOT deepmerge@4.3.1 OK for: shadcn@4.14.1 want: ^4.3.1
298 silly placeDep ROOT diff@8.0.4 OK for: shadcn@4.14.1 want: ^8.0.2
299 silly placeDep ROOT execa@9.6.1 OK for: shadcn@4.14.1 want: ^9.6.0
300 silly placeDep ROOT fs-extra@11.4.0 OK for: shadcn@4.14.1 want: ^11.3.1
301 silly placeDep ROOT fuzzysort@3.1.0 OK for: shadcn@4.14.1 want: ^3.1.0
302 silly placeDep ROOT kleur@4.1.5 OK for: shadcn@4.14.1 want: ^4.1.5
303 silly placeDep ROOT open@11.0.0 OK for: shadcn@4.14.1 want: ^11.0.0
304 silly placeDep ROOT ora@8.2.0 OK for: shadcn@4.14.1 want: ^8.2.0
305 silly placeDep node_modules/shadcn postcss-selector-parser@7.1.4 OK for: shadcn@4.14.1 want: ^7.1.0
306 silly placeDep ROOT prompts@2.4.2 OK for: shadcn@4.14.1 want: ^2.4.2
307 silly placeDep ROOT recast@0.23.12 OK for: shadcn@4.14.1 want: ^0.23.11
308 silly placeDep ROOT stringify-object@5.0.0 OK for: shadcn@4.14.1 want: ^5.0.0
309 silly placeDep ROOT ts-morph@26.0.0 OK for: shadcn@4.14.1 want: ^26.0.0
310 silly placeDep ROOT tsconfig-paths@4.2.0 OK for: shadcn@4.14.1 want: ^4.2.0
311 silly placeDep ROOT undici@7.28.0 OK for: shadcn@4.14.1 want: ^7.27.2
312 silly placeDep ROOT validate-npm-package-name@7.0.2 OK for: shadcn@4.14.1 want: ^7.0.1
313 silly placeDep ROOT zod@3.25.76 OK for: shadcn@4.14.1 want: ^3.24.1
314 silly placeDep ROOT zod-to-json-schema@3.25.2 OK for: shadcn@4.14.1 want: ^3.24.6
315 silly fetch manifest @babel/helper-plugin-utils@^7.29.7
316 silly packumentCache full:https://registry.npmjs.org/@babel%2fhelper-plugin-utils cache-miss
317 silly fetch manifest @babel/helper-annotate-as-pure@^7.29.7
318 silly packumentCache full:https://registry.npmjs.org/@babel%2fhelper-annotate-as-pure cache-miss
319 silly fetch manifest @babel/plugin-syntax-typescript@^7.29.7
320 silly packumentCache full:https://registry.npmjs.org/@babel%2fplugin-syntax-typescript cache-miss
321 silly fetch manifest @babel/helper-create-class-features-plugin@^7.29.7
322 silly packumentCache full:https://registry.npmjs.org/@babel%2fhelper-create-class-features-plugin cache-miss
323 silly fetch manifest @babel/helper-skip-transparent-expression-wrappers@^7.29.7
324 silly packumentCache full:https://registry.npmjs.org/@babel%2fhelper-skip-transparent-expression-wrappers cache-miss
325 silly fetch manifest @babel/plugin-syntax-jsx@^7.29.7
326 silly packumentCache full:https://registry.npmjs.org/@babel%2fplugin-syntax-jsx cache-miss
327 silly fetch manifest @babel/helper-plugin-utils@^7.29.7
328 silly packumentCache full:https://registry.npmjs.org/@babel%2fhelper-plugin-utils cache-miss
329 silly fetch manifest @babel/helper-validator-option@^7.29.7
330 silly packumentCache full:https://registry.npmjs.org/@babel%2fhelper-validator-option cache-miss
331 silly fetch manifest @babel/plugin-transform-modules-commonjs@^7.29.7
332 silly packumentCache full:https://registry.npmjs.org/@babel%2fplugin-transform-modules-commonjs cache-miss
333 silly fetch manifest conf@^10.2.0
334 silly packumentCache full:https://registry.npmjs.org/conf cache-miss
335 silly fetch manifest fdir@^6.2.0
336 silly packumentCache full:https://registry.npmjs.org/fdir cache-miss
337 silly fetch manifest open@^8.4.2
338 silly packumentCache full:https://registry.npmjs.org/open cache-hit
339 silly fetch manifest execa@^5.1.1
340 silly packumentCache full:https://registry.npmjs.org/execa cache-hit
341 silly fetch manifest which@^4.0.0
342 silly packumentCache full:https://registry.npmjs.org/which cache-miss
343 silly fetch manifest dotenv@^17.2.1
344 silly packumentCache full:https://registry.npmjs.org/dotenv cache-miss
345 silly fetch manifest ignore@^5.3.0
346 silly packumentCache full:https://registry.npmjs.org/ignore cache-miss
347 silly fetch manifest undici@^7.11.0
348 silly packumentCache full:https://registry.npmjs.org/undici cache-miss
349 silly fetch manifest enquirer@^2.4.1
350 silly packumentCache full:https://registry.npmjs.org/enquirer cache-miss
351 silly fetch manifest commander@^11.1.0
352 silly packumentCache full:https://registry.npmjs.org/commander cache-hit
353 silly fetch manifest env-paths@^2.2.1
354 silly packumentCache full:https://registry.npmjs.org/env-paths cache-miss
355 silly fetch manifest picomatch@^4.0.4
356 silly packumentCache full:https://registry.npmjs.org/picomatch cache-miss
357 silly fetch manifest yocto-spinner@^1.1.0
358 silly packumentCache full:https://registry.npmjs.org/yocto-spinner cache-miss
359 silly fetch manifest object-treeify@1.1.33
360 silly packumentCache full:https://registry.npmjs.org/object-treeify cache-miss
361 silly fetch manifest systeminformation@^5.22.11
362 silly packumentCache full:https://registry.npmjs.org/systeminformation cache-miss
363 silly fetch manifest @dotenvx/primitives@^0.8.0
364 silly packumentCache full:https://registry.npmjs.org/@dotenvx%2fprimitives cache-miss
365 silly fetch manifest ajv@^8.17.1
366 silly packumentCache full:https://registry.npmjs.org/ajv cache-miss
367 http cache https://registry.npmjs.org/undici 58ms (cache hit)
368 silly packumentCache full:https://registry.npmjs.org/undici set size:1504132 disposed:false
369 silly fetch manifest zod@^3.25 || ^4.0
370 silly packumentCache full:https://registry.npmjs.org/zod cache-miss
371 http fetch GET 200 https://registry.npmjs.org/@babel%2fhelper-plugin-utils 80ms (cache revalidated)
372 silly packumentCache full:https://registry.npmjs.org/@babel%2fhelper-plugin-utils set size:175564 disposed:false
373 silly fetch manifest cors@^2.8.5
374 silly packumentCache full:https://registry.npmjs.org/cors cache-miss
375 http fetch GET 200 https://registry.npmjs.org/@babel%2fhelper-plugin-utils 83ms (cache revalidated)
376 silly packumentCache full:https://registry.npmjs.org/@babel%2fhelper-plugin-utils set size:175564 disposed:false
377 silly packumentCache full:https://registry.npmjs.org/@babel%2fhelper-plugin-utils dispose
378 silly fetch manifest hono@^4.11.4
379 silly packumentCache full:https://registry.npmjs.org/hono cache-miss
380 http fetch GET 200 https://registry.npmjs.org/dotenv 87ms (cache revalidated)
381 silly packumentCache full:https://registry.npmjs.org/dotenv set size:277802 disposed:false
382 silly fetch manifest jose@^6.1.3
383 silly packumentCache full:https://registry.npmjs.org/jose cache-miss
384 http fetch GET 200 https://registry.npmjs.org/fdir 93ms (cache revalidated)
385 silly packumentCache full:https://registry.npmjs.org/fdir set size:136182 disposed:false
386 silly fetch manifest express@^5.2.1
387 silly packumentCache full:https://registry.npmjs.org/express cache-miss
388 http fetch GET 200 https://registry.npmjs.org/which 95ms (cache revalidated)
389 silly packumentCache full:https://registry.npmjs.org/which set size:70087 disposed:false
390 silly fetch manifest raw-body@^3.0.0
391 silly packumentCache full:https://registry.npmjs.org/raw-body cache-miss
392 http fetch GET 200 https://registry.npmjs.org/@babel%2fhelper-validator-option 101ms (cache revalidated)
393 silly packumentCache full:https://registry.npmjs.org/@babel%2fhelper-validator-option set size:101303 disposed:false
394 silly fetch manifest ajv-formats@^3.0.1
395 silly packumentCache full:https://registry.npmjs.org/ajv-formats cache-miss
396 http cache https://registry.npmjs.org/zod 37ms (cache hit)
397 silly packumentCache full:https://registry.npmjs.org/zod set size:3552562 disposed:false
398 silly fetch manifest cross-spawn@^7.0.5
399 silly packumentCache full:https://registry.npmjs.org/cross-spawn cache-miss
400 http fetch GET 200 https://registry.npmjs.org/ignore 140ms (cache revalidated)
401 silly packumentCache full:https://registry.npmjs.org/ignore set size:240910 disposed:false
402 silly fetch manifest eventsource@^3.0.2
403 silly packumentCache full:https://registry.npmjs.org/eventsource cache-miss
404 http fetch GET 200 https://registry.npmjs.org/@babel%2fhelper-skip-transparent-expression-wrappers 149ms (cache revalidated)
405 silly packumentCache full:https://registry.npmjs.org/@babel%2fhelper-skip-transparent-expression-wrappers set size:105696 disposed:false
406 silly fetch manifest content-type@^1.0.5
407 silly packumentCache full:https://registry.npmjs.org/content-type cache-miss
408 http fetch GET 200 https://registry.npmjs.org/conf 150ms (cache revalidated)
409 silly packumentCache full:https://registry.npmjs.org/conf set size:185108 disposed:false
410 silly fetch manifest pkce-challenge@^5.0.0
411 silly packumentCache full:https://registry.npmjs.org/pkce-challenge cache-miss
412 http fetch GET 200 https://registry.npmjs.org/@babel%2fplugin-syntax-jsx 155ms (cache revalidated)
413 silly packumentCache full:https://registry.npmjs.org/@babel%2fplugin-syntax-jsx set size:194952 disposed:false
414 silly fetch manifest @hono/node-server@^1.19.9
415 silly packumentCache full:https://registry.npmjs.org/@hono%2fnode-server cache-miss
416 http fetch GET 200 https://registry.npmjs.org/@babel%2fhelper-annotate-as-pure 160ms (cache revalidated)
417 silly packumentCache full:https://registry.npmjs.org/@babel%2fhelper-annotate-as-pure set size:181560 disposed:false
418 silly fetch manifest json-schema-typed@^8.0.2
419 silly packumentCache full:https://registry.npmjs.org/json-schema-typed cache-miss
420 http fetch GET 200 https://registry.npmjs.org/@babel%2fplugin-syntax-typescript 165ms (cache revalidated)
421 silly packumentCache full:https://registry.npmjs.org/@babel%2fplugin-syntax-typescript set size:221236 disposed:false
422 silly fetch manifest eventsource-parser@^3.0.0
423 silly packumentCache full:https://registry.npmjs.org/eventsource-parser cache-miss
424 http fetch GET 200 https://registry.npmjs.org/@babel%2fhelper-create-class-features-plugin 168ms (cache revalidated)
425 silly packumentCache full:https://registry.npmjs.org/@babel%2fhelper-create-class-features-plugin set size:382403 disposed:false
426 silly fetch manifest express-rate-limit@^8.2.1
427 silly packumentCache full:https://registry.npmjs.org/express-rate-limit cache-miss
428 http fetch GET 200 https://registry.npmjs.org/env-paths 179ms (cache revalidated)
429 silly packumentCache full:https://registry.npmjs.org/env-paths set size:26913 disposed:false
430 silly fetch manifest zod-to-json-schema@^3.25.1
431 silly packumentCache full:https://registry.npmjs.org/zod-to-json-schema cache-hit
432 silly fetch manifest js-yaml@^4.1.0
433 silly packumentCache full:https://registry.npmjs.org/js-yaml cache-miss
434 http fetch GET 200 https://registry.npmjs.org/enquirer 183ms (cache revalidated)
435 silly packumentCache full:https://registry.npmjs.org/enquirer set size:203040 disposed:false
436 silly fetch manifest parse-json@^5.2.0
437 silly packumentCache full:https://registry.npmjs.org/parse-json cache-miss
438 http fetch GET 200 https://registry.npmjs.org/yocto-spinner 184ms (cache revalidated)
439 silly packumentCache full:https://registry.npmjs.org/yocto-spinner set size:30326 disposed:false
440 silly fetch manifest import-fresh@^3.3.0
441 silly packumentCache full:https://registry.npmjs.org/import-fresh cache-miss
442 http fetch GET 200 https://registry.npmjs.org/cors 110ms (cache revalidated)
443 silly packumentCache full:https://registry.npmjs.org/cors set size:77956 disposed:false
444 silly fetch manifest figures@^6.1.0
445 silly packumentCache full:https://registry.npmjs.org/figures cache-miss
446 http fetch GET 200 https://registry.npmjs.org/@babel%2fplugin-transform-modules-commonjs 193ms (cache revalidated)
447 silly packumentCache full:https://registry.npmjs.org/@babel%2fplugin-transform-modules-commonjs set size:313445 disposed:false
448 silly fetch manifest is-stream@^4.0.1
449 silly packumentCache full:https://registry.npmjs.org/is-stream cache-miss
450 http fetch GET 200 https://registry.npmjs.org/object-treeify 192ms (cache revalidated)
451 silly packumentCache full:https://registry.npmjs.org/object-treeify set size:214540 disposed:false
452 silly fetch manifest pretty-ms@^9.2.0
453 silly packumentCache full:https://registry.npmjs.org/pretty-ms cache-miss
454 http fetch GET 200 https://registry.npmjs.org/systeminformation 194ms (cache revalidated)
455 silly packumentCache full:https://registry.npmjs.org/systeminformation set size:2350412 disposed:false
456 silly fetch manifest get-stream@^9.0.0
457 silly packumentCache full:https://registry.npmjs.org/get-stream cache-miss
458 http fetch GET 200 https://registry.npmjs.org/picomatch 225ms (cache revalidated)
459 silly packumentCache full:https://registry.npmjs.org/picomatch set size:128942 disposed:false
460 silly fetch manifest cross-spawn@^7.0.6
461 silly packumentCache full:https://registry.npmjs.org/cross-spawn cache-miss
462 http fetch GET 200 https://registry.npmjs.org/ajv 226ms (cache revalidated)
463 silly packumentCache full:https://registry.npmjs.org/ajv set size:1142658 disposed:false
464 silly fetch manifest signal-exit@^4.1.0
465 silly packumentCache full:https://registry.npmjs.org/signal-exit cache-miss
466 http fetch GET 200 https://registry.npmjs.org/ajv-formats 151ms (cache revalidated)
467 silly packumentCache full:https://registry.npmjs.org/ajv-formats set size:141264 disposed:false
468 silly fetch manifest yoctocolors@^2.1.1
469 silly packumentCache full:https://registry.npmjs.org/yoctocolors cache-miss
470 http fetch GET 200 https://registry.npmjs.org/express 162ms (cache revalidated)
471 silly packumentCache full:https://registry.npmjs.org/express set size:804956 disposed:false
472 silly fetch manifest is-plain-obj@^4.1.0
473 silly packumentCache full:https://registry.npmjs.org/is-plain-obj cache-miss
474 http fetch GET 200 https://registry.npmjs.org/jose 179ms (cache revalidated)
475 silly packumentCache full:https://registry.npmjs.org/jose set size:1418327 disposed:false
476 silly fetch manifest npm-run-path@^6.0.0
477 silly packumentCache full:https://registry.npmjs.org/npm-run-path cache-miss
478 http fetch GET 200 https://registry.npmjs.org/@dotenvx%2fprimitives 299ms (cache revalidated)
479 silly packumentCache full:https://registry.npmjs.org/@dotenvx%2fprimitives set size:66234 disposed:false
480 silly fetch manifest human-signals@^8.0.1
481 silly packumentCache full:https://registry.npmjs.org/human-signals cache-miss
482 http fetch GET 200 https://registry.npmjs.org/cross-spawn 180ms (cache revalidated)
483 silly packumentCache full:https://registry.npmjs.org/cross-spawn set size:109066 disposed:false
484 silly fetch manifest strip-final-newline@^4.0.0
485 silly packumentCache full:https://registry.npmjs.org/strip-final-newline cache-miss
486 http fetch GET 200 https://registry.npmjs.org/raw-body 226ms (cache revalidated)
487 silly packumentCache full:https://registry.npmjs.org/raw-body set size:120042 disposed:false
488 silly fetch manifest @sindresorhus/merge-streams@^4.0.0
489 silly packumentCache full:https://registry.npmjs.org/@sindresorhus%2fmerge-streams cache-miss
490 http fetch GET 200 https://registry.npmjs.org/pkce-challenge 174ms (cache revalidated)
491 silly packumentCache full:https://registry.npmjs.org/pkce-challenge set size:37734 disposed:false
492 silly fetch manifest graceful-fs@^4.2.0
493 silly packumentCache full:https://registry.npmjs.org/graceful-fs cache-miss
494 http fetch GET 200 https://registry.npmjs.org/eventsource 183ms (cache revalidated)
495 silly packumentCache full:https://registry.npmjs.org/eventsource set size:128214 disposed:false
496 silly fetch manifest jsonfile@^6.0.1
497 silly packumentCache full:https://registry.npmjs.org/jsonfile cache-miss
498 http fetch GET 200 https://registry.npmjs.org/json-schema-typed 171ms (cache revalidated)
499 silly packumentCache full:https://registry.npmjs.org/json-schema-typed set size:26165 disposed:false
500 silly fetch manifest universalify@^2.0.0
501 silly packumentCache full:https://registry.npmjs.org/universalify cache-miss
502 http fetch GET 200 https://registry.npmjs.org/eventsource-parser 169ms (cache revalidated)
503 silly packumentCache full:https://registry.npmjs.org/eventsource-parser set size:78018 disposed:false
504 silly fetch manifest default-browser@^5.4.0
505 silly packumentCache full:https://registry.npmjs.org/default-browser cache-miss
506 http fetch GET 200 https://registry.npmjs.org/@hono%2fnode-server 180ms (cache revalidated)
507 silly packumentCache full:https://registry.npmjs.org/@hono%2fnode-server set size:271205 disposed:false
508 silly fetch manifest define-lazy-prop@^3.0.0
509 silly packumentCache full:https://registry.npmjs.org/define-lazy-prop cache-miss
510 http fetch GET 200 https://registry.npmjs.org/content-type 194ms (cache revalidated)
511 silly packumentCache full:https://registry.npmjs.org/content-type set size:18994 disposed:false
512 silly fetch manifest is-in-ssh@^1.0.0
513 silly packumentCache full:https://registry.npmjs.org/is-in-ssh cache-miss
514 http fetch GET 200 https://registry.npmjs.org/express-rate-limit 189ms (cache revalidated)
515 silly packumentCache full:https://registry.npmjs.org/express-rate-limit set size:447926 disposed:false
516 silly fetch manifest is-inside-container@^1.0.0
517 silly packumentCache full:https://registry.npmjs.org/is-inside-container cache-miss
518 http fetch GET 200 https://registry.npmjs.org/js-yaml 182ms (cache revalidated)
519 silly packumentCache full:https://registry.npmjs.org/js-yaml set size:175381 disposed:false
520 silly fetch manifest powershell-utils@^0.1.0
521 silly packumentCache full:https://registry.npmjs.org/powershell-utils cache-miss
522 http fetch GET 200 https://registry.npmjs.org/parse-json 184ms (cache revalidated)
523 silly packumentCache full:https://registry.npmjs.org/parse-json set size:48198 disposed:false
524 silly fetch manifest wsl-utils@^0.3.0
525 silly packumentCache full:https://registry.npmjs.org/wsl-utils cache-miss
526 http fetch GET 200 https://registry.npmjs.org/import-fresh 184ms (cache revalidated)
527 silly packumentCache full:https://registry.npmjs.org/import-fresh set size:24604 disposed:false
528 silly fetch manifest chalk@^5.3.0
529 silly packumentCache full:https://registry.npmjs.org/chalk cache-miss
530 http fetch GET 200 https://registry.npmjs.org/figures 185ms (cache revalidated)
531 silly packumentCache full:https://registry.npmjs.org/figures set size:64597 disposed:false
532 silly fetch manifest cli-cursor@^5.0.0
533 silly packumentCache full:https://registry.npmjs.org/cli-cursor cache-miss
534 http fetch GET 200 https://registry.npmjs.org/is-stream 182ms (cache revalidated)
535 silly packumentCache full:https://registry.npmjs.org/is-stream set size:18582 disposed:false
536 silly fetch manifest strip-ansi@^7.1.0
537 silly packumentCache full:https://registry.npmjs.org/strip-ansi cache-miss
538 http fetch GET 200 https://registry.npmjs.org/get-stream 161ms (cache revalidated)
539 silly packumentCache full:https://registry.npmjs.org/get-stream set size:57536 disposed:false
540 silly fetch manifest log-symbols@^6.0.0
541 silly packumentCache full:https://registry.npmjs.org/log-symbols cache-miss
542 http fetch GET 200 https://registry.npmjs.org/cross-spawn 164ms (cache revalidated)
543 silly packumentCache full:https://registry.npmjs.org/cross-spawn set size:109066 disposed:false
544 silly packumentCache full:https://registry.npmjs.org/cross-spawn dispose
545 silly fetch manifest cli-spinners@^2.9.2
546 silly packumentCache full:https://registry.npmjs.org/cli-spinners cache-miss
547 http fetch GET 200 https://registry.npmjs.org/is-plain-obj 136ms (cache revalidated)
548 silly packumentCache full:https://registry.npmjs.org/is-plain-obj set size:17899 disposed:false
549 silly fetch manifest string-width@^7.2.0
550 silly packumentCache full:https://registry.npmjs.org/string-width cache-miss
551 http fetch GET 200 https://registry.npmjs.org/npm-run-path 119ms (cache revalidated)
552 silly packumentCache full:https://registry.npmjs.org/npm-run-path set size:33596 disposed:false
553 silly fetch manifest is-interactive@^2.0.0
554 silly packumentCache full:https://registry.npmjs.org/is-interactive cache-miss
555 http fetch GET 200 https://registry.npmjs.org/human-signals 108ms (cache revalidated)
556 silly packumentCache full:https://registry.npmjs.org/human-signals set size:47322 disposed:false
557 silly fetch manifest stdin-discarder@^0.2.2
558 silly packumentCache full:https://registry.npmjs.org/stdin-discarder cache-miss
559 http fetch GET 200 https://registry.npmjs.org/pretty-ms 222ms (cache revalidated)
560 silly packumentCache full:https://registry.npmjs.org/pretty-ms set size:61783 disposed:false
561 silly fetch manifest is-unicode-supported@^2.0.0
562 silly packumentCache full:https://registry.npmjs.org/is-unicode-supported cache-miss
563 http fetch GET 200 https://registry.npmjs.org/graceful-fs 99ms (cache revalidated)
564 silly packumentCache full:https://registry.npmjs.org/graceful-fs set size:124285 disposed:false
565 silly fetch manifest kleur@^3.0.3
566 silly packumentCache full:https://registry.npmjs.org/kleur cache-hit
567 silly fetch manifest sisteransi@^1.0.5
568 silly packumentCache full:https://registry.npmjs.org/sisteransi cache-miss
569 http fetch GET 200 https://registry.npmjs.org/universalify 97ms (cache revalidated)
570 silly packumentCache full:https://registry.npmjs.org/universalify set size:19431 disposed:false
571 silly fetch manifest ast-types@^0.16.1
572 silly packumentCache full:https://registry.npmjs.org/ast-types cache-miss
573 http fetch GET 200 https://registry.npmjs.org/strip-final-newline 119ms (cache revalidated)
574 silly packumentCache full:https://registry.npmjs.org/strip-final-newline set size:9328 disposed:false
575 silly fetch manifest esprima@~4.0.0
576 silly packumentCache full:https://registry.npmjs.org/esprima cache-miss
577 http fetch GET 200 https://registry.npmjs.org/default-browser 106ms (cache revalidated)
578 silly packumentCache full:https://registry.npmjs.org/default-browser set size:31475 disposed:false
579 silly fetch manifest source-map@~0.6.1
580 silly packumentCache full:https://registry.npmjs.org/source-map cache-miss
581 http fetch GET 200 https://registry.npmjs.org/define-lazy-prop 102ms (cache revalidated)
582 silly packumentCache full:https://registry.npmjs.org/define-lazy-prop set size:9337 disposed:false
583 silly fetch manifest tiny-invariant@^1.3.3
584 silly packumentCache full:https://registry.npmjs.org/tiny-invariant cache-miss
585 http fetch GET 200 https://registry.npmjs.org/is-in-ssh 102ms (cache revalidated)
586 silly packumentCache full:https://registry.npmjs.org/is-in-ssh set size:3973 disposed:false
587 silly fetch manifest is-obj@^3.0.0
588 silly packumentCache full:https://registry.npmjs.org/is-obj cache-miss
589 http fetch GET 200 https://registry.npmjs.org/powershell-utils 83ms (cache revalidated)
590 silly packumentCache full:https://registry.npmjs.org/powershell-utils set size:9284 disposed:false
591 silly fetch manifest is-regexp@^3.1.0
592 silly packumentCache full:https://registry.npmjs.org/is-regexp cache-miss
593 http fetch GET 200 https://registry.npmjs.org/yoctocolors 199ms (cache revalidated)
594 silly packumentCache full:https://registry.npmjs.org/yoctocolors set size:25767 disposed:false
595 silly fetch manifest get-own-enumerable-keys@^1.0.0
596 silly packumentCache full:https://registry.npmjs.org/get-own-enumerable-keys cache-miss
597 http fetch GET 200 https://registry.npmjs.org/is-inside-container 93ms (cache revalidated)
598 silly packumentCache full:https://registry.npmjs.org/is-inside-container set size:4403 disposed:false
599 silly fetch manifest @ts-morph/common@~0.27.0
600 silly packumentCache full:https://registry.npmjs.org/@ts-morph%2fcommon cache-miss
601 http fetch GET 200 https://registry.npmjs.org/log-symbols 82ms (cache revalidated)
602 silly packumentCache full:https://registry.npmjs.org/log-symbols set size:31977 disposed:false
603 silly fetch manifest code-block-writer@^13.0.3
604 silly packumentCache full:https://registry.npmjs.org/code-block-writer cache-miss
605 http fetch GET 200 https://registry.npmjs.org/cli-cursor 88ms (cache revalidated)
606 silly packumentCache full:https://registry.npmjs.org/cli-cursor set size:18913 disposed:false
607 silly fetch manifest minimist@^1.2.6
608 silly packumentCache full:https://registry.npmjs.org/minimist cache-miss
609 http fetch GET 200 https://registry.npmjs.org/chalk 93ms (cache revalidated)
610 silly packumentCache full:https://registry.npmjs.org/chalk set size:117861 disposed:false
611 silly fetch manifest strip-bom@^3.0.0
612 silly packumentCache full:https://registry.npmjs.org/strip-bom cache-miss
613 http fetch GET 200 https://registry.npmjs.org/signal-exit 227ms (cache revalidated)
614 silly packumentCache full:https://registry.npmjs.org/signal-exit set size:53489 disposed:false
615 http fetch GET 200 https://registry.npmjs.org/wsl-utils 102ms (cache revalidated)
616 silly packumentCache full:https://registry.npmjs.org/wsl-utils set size:15127 disposed:false
617 http fetch GET 200 https://registry.npmjs.org/cli-spinners 81ms (cache revalidated)
618 silly packumentCache full:https://registry.npmjs.org/cli-spinners set size:67473 disposed:false
619 http fetch GET 200 https://registry.npmjs.org/string-width 81ms (cache revalidated)
620 silly packumentCache full:https://registry.npmjs.org/string-width set size:72458 disposed:false
621 http fetch GET 200 https://registry.npmjs.org/is-interactive 85ms (cache revalidated)
622 silly packumentCache full:https://registry.npmjs.org/is-interactive set size:10692 disposed:false
623 http fetch GET 200 https://registry.npmjs.org/jsonfile 161ms (cache revalidated)
624 silly packumentCache full:https://registry.npmjs.org/jsonfile set size:53210 disposed:false
625 http fetch GET 200 https://registry.npmjs.org/stdin-discarder 78ms (cache revalidated)
626 silly packumentCache full:https://registry.npmjs.org/stdin-discarder set size:15211 disposed:false
627 http fetch GET 200 https://registry.npmjs.org/strip-ansi 122ms (cache revalidated)
628 silly packumentCache full:https://registry.npmjs.org/strip-ansi set size:44998 disposed:false
629 http fetch GET 200 https://registry.npmjs.org/is-unicode-supported 83ms (cache revalidated)
630 silly packumentCache full:https://registry.npmjs.org/is-unicode-supported set size:19461 disposed:false
631 http fetch GET 200 https://registry.npmjs.org/@sindresorhus%2fmerge-streams 185ms (cache revalidated)
632 silly packumentCache full:https://registry.npmjs.org/@sindresorhus%2fmerge-streams set size:23303 disposed:false
633 http fetch GET 200 https://registry.npmjs.org/esprima 76ms (cache revalidated)
634 silly packumentCache full:https://registry.npmjs.org/esprima set size:118410 disposed:false
635 http fetch GET 200 https://registry.npmjs.org/ast-types 82ms (cache revalidated)
636 silly packumentCache full:https://registry.npmjs.org/ast-types set size:443020 disposed:false
637 http fetch GET 200 https://registry.npmjs.org/sisteransi 92ms (cache revalidated)
638 silly packumentCache full:https://registry.npmjs.org/sisteransi set size:25723 disposed:false
639 http fetch GET 200 https://registry.npmjs.org/source-map 84ms (cache revalidated)
640 silly packumentCache full:https://registry.npmjs.org/source-map set size:231637 disposed:false
641 http fetch GET 200 https://registry.npmjs.org/is-obj 84ms (cache revalidated)
642 silly packumentCache full:https://registry.npmjs.org/is-obj set size:9560 disposed:false
643 http fetch GET 200 https://registry.npmjs.org/tiny-invariant 88ms (cache revalidated)
644 silly packumentCache full:https://registry.npmjs.org/tiny-invariant set size:98310 disposed:false
645 http fetch GET 200 https://registry.npmjs.org/is-regexp 85ms (cache revalidated)
646 silly packumentCache full:https://registry.npmjs.org/is-regexp set size:12459 disposed:false
647 http fetch GET 200 https://registry.npmjs.org/strip-bom 70ms (cache revalidated)
648 silly packumentCache full:https://registry.npmjs.org/strip-bom set size:19359 disposed:false
649 http fetch GET 200 https://registry.npmjs.org/minimist 76ms (cache revalidated)
650 silly packumentCache full:https://registry.npmjs.org/minimist set size:77063 disposed:false
651 http fetch GET 200 https://registry.npmjs.org/hono 493ms (cache updated)
652 silly packumentCache full:https://registry.npmjs.org/hono set size:undefined disposed:false
653 http fetch GET 200 https://registry.npmjs.org/code-block-writer 187ms (cache revalidated)
654 silly packumentCache full:https://registry.npmjs.org/code-block-writer set size:203952 disposed:false
655 http fetch GET 200 https://registry.npmjs.org/get-own-enumerable-keys 200ms (cache revalidated)
656 silly packumentCache full:https://registry.npmjs.org/get-own-enumerable-keys set size:7316 disposed:false
657 http fetch GET 200 https://registry.npmjs.org/@ts-morph%2fcommon 198ms (cache revalidated)
658 silly packumentCache full:https://registry.npmjs.org/@ts-morph%2fcommon set size:164227 disposed:false
659 silly fetch manifest @babel/core@^7.0.0-0
660 silly packumentCache full:https://registry.npmjs.org/@babel%2fcore cache-hit
661 silly placeDep ROOT @babel/helper-annotate-as-pure@7.29.7 OK for: @babel/plugin-transform-typescript@7.29.7 want: ^7.29.7
662 silly placeDep ROOT @babel/helper-create-class-features-plugin@7.29.7 OK for: @babel/plugin-transform-typescript@7.29.7 want: ^7.29.7
663 silly placeDep ROOT @babel/helper-plugin-utils@7.29.7 REPLACE for: @babel/plugin-transform-typescript@7.29.7 want: ^7.29.7
664 silly placeDep ROOT @babel/helper-skip-transparent-expression-wrappers@7.29.7 OK for: @babel/plugin-transform-typescript@7.29.7 want: ^7.29.7
665 silly placeDep ROOT @babel/plugin-syntax-typescript@7.29.7 OK for: @babel/plugin-transform-typescript@7.29.7 want: ^7.29.7
666 silly fetch manifest @babel/types@^7.29.7
667 silly packumentCache full:https://registry.npmjs.org/@babel%2ftypes cache-miss
668 silly fetch manifest @babel/traverse@^7.29.7
669 silly packumentCache full:https://registry.npmjs.org/@babel%2ftraverse cache-miss
670 silly fetch manifest @babel/helper-replace-supers@^7.29.7
671 silly packumentCache full:https://registry.npmjs.org/@babel%2fhelper-replace-supers cache-miss
672 silly fetch manifest @babel/helper-optimise-call-expression@^7.29.7
673 silly packumentCache full:https://registry.npmjs.org/@babel%2fhelper-optimise-call-expression cache-miss
674 silly fetch manifest @babel/helper-member-expression-to-functions@^7.29.7
675 silly packumentCache full:https://registry.npmjs.org/@babel%2fhelper-member-expression-to-functions cache-miss
676 silly fetch manifest @babel/types@^7.29.7
677 silly packumentCache full:https://registry.npmjs.org/@babel%2ftypes cache-miss
678 silly fetch manifest @babel/traverse@^7.29.7
679 silly packumentCache full:https://registry.npmjs.org/@babel%2ftraverse cache-miss
680 http fetch GET 200 https://registry.npmjs.org/@babel%2fhelper-optimise-call-expression 50ms (cache revalidated)
681 silly packumentCache full:https://registry.npmjs.org/@babel%2fhelper-optimise-call-expression set size:193007 disposed:false
682 http fetch GET 200 https://registry.npmjs.org/@babel%2fhelper-member-expression-to-functions 53ms (cache revalidated)
683 silly packumentCache full:https://registry.npmjs.org/@babel%2fhelper-member-expression-to-functions set size:229230 disposed:false
684 http fetch GET 200 https://registry.npmjs.org/@babel%2fhelper-replace-supers 56ms (cache revalidated)
685 silly packumentCache full:https://registry.npmjs.org/@babel%2fhelper-replace-supers set size:270231 disposed:false
686 http fetch GET 200 https://registry.npmjs.org/@babel%2ftypes 97ms (cache revalidated)
687 silly packumentCache full:https://registry.npmjs.org/@babel%2ftypes set size:500625 disposed:false
688 http fetch GET 200 https://registry.npmjs.org/@babel%2ftypes 101ms (cache revalidated)
689 silly packumentCache full:https://registry.npmjs.org/@babel%2ftypes set size:500625 disposed:false
690 silly packumentCache full:https://registry.npmjs.org/@babel%2ftypes dispose
691 http fetch GET 200 https://registry.npmjs.org/@babel%2ftraverse 108ms (cache revalidated)
692 silly packumentCache full:https://registry.npmjs.org/@babel%2ftraverse set size:562384 disposed:false
693 http fetch GET 200 https://registry.npmjs.org/@babel%2ftraverse 112ms (cache revalidated)
694 silly packumentCache full:https://registry.npmjs.org/@babel%2ftraverse set size:562384 disposed:false
695 silly packumentCache full:https://registry.npmjs.org/@babel%2ftraverse dispose
696 silly placeDep ROOT @babel/types@7.29.7 REPLACE for: @babel/helper-annotate-as-pure@7.29.7 want: ^7.29.7
697 silly fetch manifest @babel/helper-string-parser@^7.29.7
698 silly packumentCache full:https://registry.npmjs.org/@babel%2fhelper-string-parser cache-miss
699 silly fetch manifest @babel/helper-validator-identifier@^7.29.7
700 silly packumentCache full:https://registry.npmjs.org/@babel%2fhelper-validator-identifier cache-miss
701 http fetch GET 200 https://registry.npmjs.org/@babel%2fhelper-string-parser 38ms (cache revalidated)
702 silly packumentCache full:https://registry.npmjs.org/@babel%2fhelper-string-parser set size:91563 disposed:false
703 http fetch GET 200 https://registry.npmjs.org/@babel%2fhelper-validator-identifier 57ms (cache revalidated)
704 silly packumentCache full:https://registry.npmjs.org/@babel%2fhelper-validator-identifier set size:130133 disposed:false
705 silly fetch manifest @babel/core@^7.0.0
706 silly packumentCache full:https://registry.npmjs.org/@babel%2fcore cache-hit
707 silly placeDep ROOT @babel/helper-member-expression-to-functions@7.29.7 OK for: @babel/helper-create-class-features-plugin@7.29.7 want: ^7.29.7
708 silly placeDep ROOT @babel/helper-optimise-call-expression@7.29.7 OK for: @babel/helper-create-class-features-plugin@7.29.7 want: ^7.29.7
709 silly placeDep ROOT @babel/helper-replace-supers@7.29.7 OK for: @babel/helper-create-class-features-plugin@7.29.7 want: ^7.29.7
710 silly placeDep ROOT @babel/traverse@7.29.7 REPLACE for: @babel/helper-create-class-features-plugin@7.29.7 want: ^7.29.7
711 silly fetch manifest @babel/parser@^7.29.7
712 silly packumentCache full:https://registry.npmjs.org/@babel%2fparser cache-miss
713 silly fetch manifest @babel/template@^7.29.7
714 silly packumentCache full:https://registry.npmjs.org/@babel%2ftemplate cache-miss
715 silly fetch manifest @babel/generator@^7.29.7
716 silly packumentCache full:https://registry.npmjs.org/@babel%2fgenerator cache-miss
717 silly fetch manifest @babel/code-frame@^7.29.7
718 silly packumentCache full:https://registry.npmjs.org/@babel%2fcode-frame cache-miss
719 silly fetch manifest @babel/helper-globals@^7.29.7
720 silly packumentCache full:https://registry.npmjs.org/@babel%2fhelper-globals cache-miss
721 http fetch GET 200 https://registry.npmjs.org/@babel%2fparser 49ms (cache revalidated)
722 silly packumentCache full:https://registry.npmjs.org/@babel%2fparser set size:735431 disposed:false
723 http fetch GET 200 https://registry.npmjs.org/@babel%2fhelper-globals 57ms (cache revalidated)
724 silly packumentCache full:https://registry.npmjs.org/@babel%2fhelper-globals set size:25155 disposed:false
725 http fetch GET 200 https://registry.npmjs.org/@babel%2ftemplate 60ms (cache revalidated)
726 silly packumentCache full:https://registry.npmjs.org/@babel%2ftemplate set size:237074 disposed:false
727 http fetch GET 200 https://registry.npmjs.org/@babel%2fgenerator 63ms (cache revalidated)
728 silly packumentCache full:https://registry.npmjs.org/@babel%2fgenerator set size:520504 disposed:false
729 http fetch GET 200 https://registry.npmjs.org/@babel%2fcode-frame 215ms (cache revalidated)
730 silly packumentCache full:https://registry.npmjs.org/@babel%2fcode-frame set size:206617 disposed:false
731 silly placeDep ROOT @babel/helper-validator-option@7.29.7 REPLACE for: @babel/preset-typescript@7.29.7 want: ^7.29.7
732 silly placeDep ROOT @babel/plugin-syntax-jsx@7.29.7 OK for: @babel/preset-typescript@7.29.7 want: ^7.29.7
733 silly placeDep ROOT @babel/plugin-transform-modules-commonjs@7.29.7 OK for: @babel/preset-typescript@7.29.7 want: ^7.29.7
734 silly fetch manifest @babel/helper-module-transforms@^7.29.7
735 silly packumentCache full:https://registry.npmjs.org/@babel%2fhelper-module-transforms cache-miss
736 http fetch GET 200 https://registry.npmjs.org/@babel%2fhelper-module-transforms 41ms (cache revalidated)
737 silly packumentCache full:https://registry.npmjs.org/@babel%2fhelper-module-transforms set size:346454 disposed:false
738 silly placeDep ROOT @babel/helper-module-transforms@7.29.7 REPLACE for: @babel/plugin-transform-modules-commonjs@7.29.7 want: ^7.29.7
739 silly fetch manifest @babel/helper-module-imports@^7.29.7
740 silly packumentCache full:https://registry.npmjs.org/@babel%2fhelper-module-imports cache-miss
741 http fetch GET 200 https://registry.npmjs.org/@babel%2fhelper-module-imports 77ms (cache revalidated)
742 silly packumentCache full:https://registry.npmjs.org/@babel%2fhelper-module-imports set size:203392 disposed:false
743 silly placeDep ROOT @babel/helper-module-imports@7.29.7 OK for: @babel/helper-module-transforms@7.29.7 want: ^7.29.7
744 silly placeDep ROOT @babel/helper-validator-identifier@7.29.7 REPLACE for: @babel/helper-module-transforms@7.29.7 want: ^7.29.7
745 silly placeDep ROOT @babel/code-frame@7.29.7 REPLACE for: @babel/traverse@7.29.7 want: ^7.29.7
746 silly placeDep ROOT @babel/generator@7.29.7 REPLACE for: @babel/traverse@7.29.7 want: ^7.29.7
747 silly placeDep ROOT @babel/helper-globals@7.29.7 OK for: @babel/traverse@7.29.7 want: ^7.29.7
748 silly placeDep ROOT @babel/parser@7.29.7 REPLACE for: @babel/traverse@7.29.7 want: ^7.29.7
749 silly placeDep ROOT @babel/template@7.29.7 REPLACE for: @babel/traverse@7.29.7 want: ^7.29.7
750 silly placeDep ROOT @babel/helper-string-parser@7.29.7 OK for: @babel/types@7.29.7 want: ^7.29.7
751 silly placeDep ROOT @dotenvx/primitives@0.8.0 OK for: @dotenvx/dotenvx@1.75.1 want: ^0.8.0
752 silly placeDep node_modules/@dotenvx/dotenvx commander@11.1.0 OK for: @dotenvx/dotenvx@1.75.1 want: ^11.1.0
753 silly placeDep ROOT conf@10.2.0 OK for: @dotenvx/dotenvx@1.75.1 want: ^10.2.0
754 silly placeDep ROOT dotenv@17.4.2 OK for: @dotenvx/dotenvx@1.75.1 want: ^17.2.1
755 silly placeDep ROOT enquirer@2.4.1 OK for: @dotenvx/dotenvx@1.75.1 want: ^2.4.1
756 silly placeDep ROOT env-paths@2.2.1 OK for: @dotenvx/dotenvx@1.75.1 want: ^2.2.1
757 silly placeDep node_modules/@dotenvx/dotenvx execa@5.1.1 OK for: @dotenvx/dotenvx@1.75.1 want: ^5.1.1
758 silly placeDep node_modules/@dotenvx/dotenvx fdir@6.5.0 OK for: @dotenvx/dotenvx@1.75.1 want: ^6.2.0
759 silly placeDep node_modules/@dotenvx/dotenvx picomatch@4.0.5 OK for: fdir@6.5.0 want: ^3 || ^4
760 silly placeDep ROOT ignore@5.3.2 OK for: @dotenvx/dotenvx@1.75.1 want: ^5.3.0
761 silly placeDep ROOT object-treeify@1.1.33 OK for: @dotenvx/dotenvx@1.75.1 want: 1.1.33
762 silly placeDep node_modules/@dotenvx/dotenvx open@8.4.2 OK for: @dotenvx/dotenvx@1.75.1 want: ^8.4.2
763 silly placeDep ROOT systeminformation@5.33.1 OK for: @dotenvx/dotenvx@1.75.1 want: ^5.22.11
764 silly placeDep ROOT which@4.0.0 OK for: @dotenvx/dotenvx@1.75.1 want: ^4.0.0
765 silly placeDep ROOT yocto-spinner@1.2.2 OK for: @dotenvx/dotenvx@1.75.1 want: ^1.1.0
766 silly fetch manifest ajv@^8.6.3
767 silly packumentCache full:https://registry.npmjs.org/ajv cache-miss
768 silly fetch manifest pkg-up@^3.1.0
769 silly packumentCache full:https://registry.npmjs.org/pkg-up cache-miss
770 silly fetch manifest semver@^7.3.5
771 silly packumentCache full:https://registry.npmjs.org/semver cache-miss
772 silly fetch manifest onetime@^5.1.2
773 silly packumentCache full:https://registry.npmjs.org/onetime cache-miss
774 silly fetch manifest dot-prop@^6.0.1
775 silly packumentCache full:https://registry.npmjs.org/dot-prop cache-miss
776 silly fetch manifest atomically@^1.7.0
777 silly packumentCache full:https://registry.npmjs.org/atomically cache-miss
778 silly fetch manifest ajv-formats@^2.1.1
779 silly packumentCache full:https://registry.npmjs.org/ajv-formats cache-hit
780 silly fetch manifest debounce-fn@^4.0.0
781 silly packumentCache full:https://registry.npmjs.org/debounce-fn cache-miss
782 silly fetch manifest json-schema-typed@^7.0.3
783 silly packumentCache full:https://registry.npmjs.org/json-schema-typed cache-hit
784 silly fetch manifest ansi-colors@^4.1.1
785 silly packumentCache full:https://registry.npmjs.org/ansi-colors cache-miss
786 silly fetch manifest strip-ansi@^6.0.1
787 silly packumentCache full:https://registry.npmjs.org/strip-ansi cache-hit
788 silly fetch manifest onetime@^5.1.2
789 silly packumentCache full:https://registry.npmjs.org/onetime cache-miss
790 silly fetch manifest is-stream@^2.0.0
791 silly packumentCache full:https://registry.npmjs.org/is-stream cache-hit
792 silly fetch manifest get-stream@^6.0.0
793 silly packumentCache full:https://registry.npmjs.org/get-stream cache-hit
794 silly fetch manifest cross-spawn@^7.0.3
795 silly packumentCache full:https://registry.npmjs.org/cross-spawn cache-hit
796 silly fetch manifest signal-exit@^3.0.3
797 silly packumentCache full:https://registry.npmjs.org/signal-exit cache-hit
798 silly fetch manifest merge-stream@^2.0.0
799 silly packumentCache full:https://registry.npmjs.org/merge-stream cache-miss
800 silly fetch manifest npm-run-path@^4.0.1
801 silly packumentCache full:https://registry.npmjs.org/npm-run-path cache-hit
802 silly fetch manifest human-signals@^2.1.0
803 silly packumentCache full:https://registry.npmjs.org/human-signals cache-hit
804 silly fetch manifest strip-final-newline@^2.0.0
805 silly packumentCache full:https://registry.npmjs.org/strip-final-newline cache-hit
806 silly fetch manifest is-wsl@^2.2.0
807 silly packumentCache full:https://registry.npmjs.org/is-wsl cache-miss
808 silly fetch manifest is-docker@^2.1.1
809 silly packumentCache full:https://registry.npmjs.org/is-docker cache-miss
810 silly fetch manifest define-lazy-prop@^2.0.0
811 silly packumentCache full:https://registry.npmjs.org/define-lazy-prop cache-hit
812 silly fetch manifest isexe@^3.1.1
813 silly packumentCache full:https://registry.npmjs.org/isexe cache-miss
814 http cache https://registry.npmjs.org/ajv 45ms (cache hit)
815 silly packumentCache full:https://registry.npmjs.org/ajv set size:1142658 disposed:false
816 http fetch GET 200 https://registry.npmjs.org/onetime 59ms (cache revalidated)
817 silly packumentCache full:https://registry.npmjs.org/onetime set size:32314 disposed:false
818 http fetch GET 200 https://registry.npmjs.org/semver 70ms (cache revalidated)
819 silly packumentCache full:https://registry.npmjs.org/semver set size:246069 disposed:false
820 http fetch GET 200 https://registry.npmjs.org/ansi-colors 71ms (cache revalidated)
821 silly packumentCache full:https://registry.npmjs.org/ansi-colors set size:110876 disposed:false
822 http fetch GET 200 https://registry.npmjs.org/pkg-up 75ms (cache revalidated)
823 silly packumentCache full:https://registry.npmjs.org/pkg-up set size:17633 disposed:false
824 http fetch GET 200 https://registry.npmjs.org/merge-stream 71ms (cache revalidated)
825 silly packumentCache full:https://registry.npmjs.org/merge-stream set size:22168 disposed:false
826 http fetch GET 200 https://registry.npmjs.org/dot-prop 80ms (cache revalidated)
827 silly packumentCache full:https://registry.npmjs.org/dot-prop set size:77505 disposed:false
828 http fetch GET 200 https://registry.npmjs.org/is-docker 82ms (cache revalidated)
829 silly packumentCache full:https://registry.npmjs.org/is-docker set size:23690 disposed:false
830 http fetch GET 200 https://registry.npmjs.org/is-wsl 85ms (cache revalidated)
831 silly packumentCache full:https://registry.npmjs.org/is-wsl set size:20683 disposed:false
832 http fetch GET 200 https://registry.npmjs.org/onetime 91ms (cache revalidated)
833 silly packumentCache full:https://registry.npmjs.org/onetime set size:32314 disposed:false
834 silly packumentCache full:https://registry.npmjs.org/onetime dispose
835 http fetch GET 200 https://registry.npmjs.org/isexe 84ms (cache revalidated)
836 silly packumentCache full:https://registry.npmjs.org/isexe set size:31756 disposed:false
837 http fetch GET 200 https://registry.npmjs.org/debounce-fn 110ms (cache revalidated)
838 silly packumentCache full:https://registry.npmjs.org/debounce-fn set size:28720 disposed:false
839 http fetch GET 200 https://registry.npmjs.org/atomically 115ms (cache revalidated)
840 silly packumentCache full:https://registry.npmjs.org/atomically set size:60769 disposed:false
841 silly placeDep ROOT @hono/node-server@1.19.15 OK for: @modelcontextprotocol/sdk@1.29.0 want: ^1.19.9
842 silly placeDep ROOT hono@4.12.32 OK for: @hono/node-server@1.19.15 want: ^4
843 silly placeDep ROOT ajv@8.20.0 OK for: @modelcontextprotocol/sdk@1.29.0 want: ^8.17.1
844 silly placeDep ROOT ajv-formats@3.0.1 OK for: @modelcontextprotocol/sdk@1.29.0 want: ^3.0.1
845 silly placeDep ROOT content-type@1.0.5 OK for: @modelcontextprotocol/sdk@1.29.0 want: ^1.0.5
846 silly placeDep ROOT cors@2.8.6 OK for: @modelcontextprotocol/sdk@1.29.0 want: ^2.8.5
847 silly placeDep ROOT cross-spawn@7.0.6 OK for: @modelcontextprotocol/sdk@1.29.0 want: ^7.0.5
848 silly placeDep ROOT eventsource@3.0.7 OK for: @modelcontextprotocol/sdk@1.29.0 want: ^3.0.2
849 silly placeDep ROOT eventsource-parser@3.1.0 OK for: @modelcontextprotocol/sdk@1.29.0 want: ^3.0.0
850 silly placeDep ROOT express@5.2.1 OK for: @modelcontextprotocol/sdk@1.29.0 want: ^5.2.1
851 silly placeDep ROOT express-rate-limit@8.6.0 OK for: @modelcontextprotocol/sdk@1.29.0 want: ^8.2.1
852 silly placeDep ROOT jose@6.2.4 OK for: @modelcontextprotocol/sdk@1.29.0 want: ^6.1.3
853 silly placeDep ROOT json-schema-typed@8.0.2 OK for: @modelcontextprotocol/sdk@1.29.0 want: ^8.0.2
854 silly placeDep ROOT pkce-challenge@5.0.1 OK for: @modelcontextprotocol/sdk@1.29.0 want: ^5.0.0
855 silly placeDep ROOT raw-body@3.0.2 OK for: @modelcontextprotocol/sdk@1.29.0 want: ^3.0.0
856 silly fetch manifest fast-deep-equal@^3.1.3
857 silly packumentCache full:https://registry.npmjs.org/fast-deep-equal cache-miss
858 silly fetch manifest fast-uri@^3.0.1
859 silly packumentCache full:https://registry.npmjs.org/fast-uri cache-miss
860 silly fetch manifest json-schema-traverse@^1.0.0
861 silly packumentCache full:https://registry.npmjs.org/json-schema-traverse cache-miss
862 silly fetch manifest require-from-string@^2.0.2
863 silly packumentCache full:https://registry.npmjs.org/require-from-string cache-miss
864 silly fetch manifest vary@^1
865 silly packumentCache full:https://registry.npmjs.org/vary cache-miss
866 silly fetch manifest which@^2.0.1
867 silly packumentCache full:https://registry.npmjs.org/which cache-hit
868 silly fetch manifest path-key@^3.1.0
869 silly packumentCache full:https://registry.npmjs.org/path-key cache-miss
870 silly fetch manifest shebang-command@^2.0.0
871 silly packumentCache full:https://registry.npmjs.org/shebang-command cache-miss
872 silly fetch manifest eventsource-parser@^3.0.1
873 silly packumentCache full:https://registry.npmjs.org/eventsource-parser cache-hit
874 silly fetch manifest qs@^6.14.0
875 silly packumentCache full:https://registry.npmjs.org/qs cache-miss
876 silly fetch manifest depd@^2.0.0
877 silly packumentCache full:https://registry.npmjs.org/depd cache-miss
878 silly fetch manifest etag@^1.8.1
879 silly packumentCache full:https://registry.npmjs.org/etag cache-miss
880 silly fetch manifest once@^1.4.0
881 silly packumentCache full:https://registry.npmjs.org/once cache-miss
882 silly fetch manifest send@^1.1.0
883 silly packumentCache full:https://registry.npmjs.org/send cache-miss
884 silly fetch manifest vary@^1.1.2
885 silly packumentCache full:https://registry.npmjs.org/vary cache-miss
886 silly fetch manifest fresh@^2.0.0
887 silly packumentCache full:https://registry.npmjs.org/fresh cache-miss
888 silly fetch manifest cookie@^0.7.1
889 silly packumentCache full:https://registry.npmjs.org/cookie cache-miss
890 silly fetch manifest router@^2.2.0
891 silly packumentCache full:https://registry.npmjs.org/router cache-miss
892 silly fetch manifest accepts@^2.0.0
893 silly packumentCache full:https://registry.npmjs.org/accepts cache-miss
894 silly fetch manifest type-is@^2.0.1
895 silly packumentCache full:https://registry.npmjs.org/type-is cache-miss
896 silly fetch manifest parseurl@^1.3.3
897 silly packumentCache full:https://registry.npmjs.org/parseurl cache-miss
898 silly fetch manifest statuses@^2.0.1
899 silly packumentCache full:https://registry.npmjs.org/statuses cache-miss
900 silly fetch manifest encodeurl@^2.0.0
901 silly packumentCache full:https://registry.npmjs.org/encodeurl cache-miss
902 silly fetch manifest mime-types@^3.0.0
903 silly packumentCache full:https://registry.npmjs.org/mime-types cache-miss
904 silly fetch manifest proxy-addr@^2.0.7
905 silly packumentCache full:https://registry.npmjs.org/proxy-addr cache-miss
906 http fetch GET 200 https://registry.npmjs.org/fast-deep-equal 68ms (cache revalidated)
907 silly packumentCache full:https://registry.npmjs.org/fast-deep-equal set size:48634 disposed:false
908 silly fetch manifest body-parser@^2.2.1
909 silly packumentCache full:https://registry.npmjs.org/body-parser cache-miss
910 http fetch GET 200 https://registry.npmjs.org/shebang-command 76ms (cache revalidated)
911 silly packumentCache full:https://registry.npmjs.org/shebang-command set size:8525 disposed:false
912 silly fetch manifest escape-html@^1.0.3
913 silly packumentCache full:https://registry.npmjs.org/escape-html cache-miss
914 http fetch GET 200 https://registry.npmjs.org/json-schema-traverse 84ms (cache revalidated)
915 silly packumentCache full:https://registry.npmjs.org/json-schema-traverse set size:23537 disposed:false
916 silly fetch manifest http-errors@^2.0.0
917 silly packumentCache full:https://registry.npmjs.org/http-errors cache-miss
918 http fetch GET 200 https://registry.npmjs.org/fast-uri 85ms (cache revalidated)
919 silly packumentCache full:https://registry.npmjs.org/fast-uri set size:82414 disposed:false
920 silly fetch manifest on-finished@^2.4.1
921 silly packumentCache full:https://registry.npmjs.org/on-finished cache-miss
922 http fetch GET 200 https://registry.npmjs.org/vary 87ms (cache revalidated)
923 silly packumentCache full:https://registry.npmjs.org/vary set size:15994 disposed:false
924 silly fetch manifest finalhandler@^2.1.0
925 silly packumentCache full:https://registry.npmjs.org/finalhandler cache-miss
926 http fetch GET 200 https://registry.npmjs.org/qs 88ms (cache revalidated)
927 silly packumentCache full:https://registry.npmjs.org/qs set size:360318 disposed:false
928 silly fetch manifest range-parser@^1.2.1
929 silly packumentCache full:https://registry.npmjs.org/range-parser cache-miss
930 http fetch GET 200 https://registry.npmjs.org/etag 93ms (cache revalidated)
931 silly packumentCache full:https://registry.npmjs.org/etag set size:30032 disposed:false
932 silly fetch manifest serve-static@^2.2.0
933 silly packumentCache full:https://registry.npmjs.org/serve-static cache-miss
934 http fetch GET 200 https://registry.npmjs.org/vary 97ms (cache revalidated)
935 silly packumentCache full:https://registry.npmjs.org/vary set size:15994 disposed:false
936 silly packumentCache full:https://registry.npmjs.org/vary dispose
937 silly fetch manifest cookie-signature@^1.2.1
938 silly packumentCache full:https://registry.npmjs.org/cookie-signature cache-miss
939 http fetch GET 200 https://registry.npmjs.org/once 99ms (cache revalidated)
940 silly packumentCache full:https://registry.npmjs.org/once set size:11752 disposed:false
941 silly fetch manifest merge-descriptors@^2.0.0
942 silly packumentCache full:https://registry.npmjs.org/merge-descriptors cache-miss
943 http fetch GET 200 https://registry.npmjs.org/cookie 99ms (cache revalidated)
944 silly packumentCache full:https://registry.npmjs.org/cookie set size:78274 disposed:false
945 silly fetch manifest content-disposition@^1.0.0
946 silly packumentCache full:https://registry.npmjs.org/content-disposition cache-miss
947 http fetch GET 200 https://registry.npmjs.org/fresh 103ms (cache revalidated)
948 silly packumentCache full:https://registry.npmjs.org/fresh set size:25427 disposed:false
949 silly fetch manifest debug@^4.4.3
950 silly packumentCache full:https://registry.npmjs.org/debug cache-miss
951 http fetch GET 200 https://registry.npmjs.org/router 105ms (cache revalidated)
952 silly packumentCache full:https://registry.npmjs.org/router set size:116499 disposed:false
953 silly fetch manifest ip-address@^10.2.0
954 silly packumentCache full:https://registry.npmjs.org/ip-address cache-miss
955 http fetch GET 200 https://registry.npmjs.org/accepts 123ms (cache revalidated)
956 silly packumentCache full:https://registry.npmjs.org/accepts set size:77054 disposed:false
957 silly fetch manifest bytes@~3.1.2
958 silly packumentCache full:https://registry.npmjs.org/bytes cache-miss
959 http fetch GET 200 https://registry.npmjs.org/type-is 124ms (cache revalidated)
960 silly packumentCache full:https://registry.npmjs.org/type-is set size:88614 disposed:false
961 silly fetch manifest unpipe@~1.0.0
962 silly packumentCache full:https://registry.npmjs.org/unpipe cache-miss
963 http fetch GET 200 https://registry.npmjs.org/encodeurl 125ms (cache revalidated)
964 silly packumentCache full:https://registry.npmjs.org/encodeurl set size:12296 disposed:false
965 silly fetch manifest iconv-lite@~0.7.0
966 silly packumentCache full:https://registry.npmjs.org/iconv-lite cache-miss
967 http fetch GET 200 https://registry.npmjs.org/statuses 128ms (cache revalidated)
968 silly packumentCache full:https://registry.npmjs.org/statuses set size:37117 disposed:false
969 silly fetch manifest http-errors@~2.0.1
970 silly packumentCache full:https://registry.npmjs.org/http-errors cache-miss
971 http fetch GET 200 https://registry.npmjs.org/mime-types 126ms (cache revalidated)
972 silly packumentCache full:https://registry.npmjs.org/mime-types set size:139110 disposed:false
973 http fetch GET 200 https://registry.npmjs.org/body-parser 69ms (cache revalidated)
974 silly packumentCache full:https://registry.npmjs.org/body-parser set size:204559 disposed:false
975 http fetch GET 200 https://registry.npmjs.org/path-key 141ms (cache revalidated)
976 silly packumentCache full:https://registry.npmjs.org/path-key set size:16975 disposed:false
977 http fetch GET 200 https://registry.npmjs.org/depd 144ms (cache revalidated)
978 silly packumentCache full:https://registry.npmjs.org/depd set size:40182 disposed:false
979 http fetch GET 200 https://registry.npmjs.org/send 149ms (cache revalidated)
980 silly packumentCache full:https://registry.npmjs.org/send set size:152810 disposed:false
981 http fetch GET 200 https://registry.npmjs.org/parseurl 153ms (cache revalidated)
982 silly packumentCache full:https://registry.npmjs.org/parseurl set size:24148 disposed:false
983 http fetch GET 200 https://registry.npmjs.org/require-from-string 160ms (cache revalidated)
984 silly packumentCache full:https://registry.npmjs.org/require-from-string set size:15128 disposed:false
985 http fetch GET 200 https://registry.npmjs.org/escape-html 83ms (cache revalidated)
986 silly packumentCache full:https://registry.npmjs.org/escape-html set size:7345 disposed:false
987 http fetch GET 200 https://registry.npmjs.org/range-parser 68ms (cache revalidated)
988 silly packumentCache full:https://registry.npmjs.org/range-parser set size:24852 disposed:false
989 http fetch GET 200 https://registry.npmjs.org/http-errors 80ms (cache revalidated)
990 silly packumentCache full:https://registry.npmjs.org/http-errors set size:71987 disposed:false
991 http fetch GET 200 https://registry.npmjs.org/proxy-addr 159ms (cache revalidated)
992 silly packumentCache full:https://registry.npmjs.org/proxy-addr set size:61619 disposed:false
993 http fetch GET 200 https://registry.npmjs.org/on-finished 84ms (cache revalidated)
994 silly packumentCache full:https://registry.npmjs.org/on-finished set size:23212 disposed:false
995 http fetch GET 200 https://registry.npmjs.org/serve-static 77ms (cache revalidated)
996 silly packumentCache full:https://registry.npmjs.org/serve-static set size:150391 disposed:false
997 http fetch GET 200 https://registry.npmjs.org/cookie-signature 75ms (cache revalidated)
998 silly packumentCache full:https://registry.npmjs.org/cookie-signature set size:21777 disposed:false
999 http fetch GET 200 https://registry.npmjs.org/debug 79ms (cache revalidated)
1000 silly packumentCache full:https://registry.npmjs.org/debug set size:195840 disposed:false
1001 http fetch GET 200 https://registry.npmjs.org/unpipe 63ms (cache revalidated)
1002 silly packumentCache full:https://registry.npmjs.org/unpipe set size:3609 disposed:false
1003 http fetch GET 200 https://registry.npmjs.org/finalhandler 112ms (cache revalidated)
1004 silly packumentCache full:https://registry.npmjs.org/finalhandler set size:79291 disposed:false
1005 http fetch GET 200 https://registry.npmjs.org/http-errors 69ms (cache revalidated)
1006 silly packumentCache full:https://registry.npmjs.org/http-errors set size:71987 disposed:false
1007 silly packumentCache full:https://registry.npmjs.org/http-errors dispose
1008 http fetch GET 200 https://registry.npmjs.org/iconv-lite 75ms (cache revalidated)
1009 silly packumentCache full:https://registry.npmjs.org/iconv-lite set size:126462 disposed:false
1010 http fetch GET 200 https://registry.npmjs.org/merge-descriptors 127ms (cache revalidated)
1011 silly packumentCache full:https://registry.npmjs.org/merge-descriptors set size:16527 disposed:false
1012 http fetch GET 200 https://registry.npmjs.org/ip-address 126ms (cache revalidated)
1013 silly packumentCache full:https://registry.npmjs.org/ip-address set size:171530 disposed:false
1014 http fetch GET 200 https://registry.npmjs.org/content-disposition 134ms (cache revalidated)
1015 silly packumentCache full:https://registry.npmjs.org/content-disposition set size:42862 disposed:false
1016 http fetch GET 200 https://registry.npmjs.org/bytes 132ms (cache revalidated)
1017 silly packumentCache full:https://registry.npmjs.org/bytes set size:37018 disposed:false
1018 silly placeDep ROOT fast-deep-equal@3.1.3 OK for: ajv@8.20.0 want: ^3.1.3
1019 silly placeDep ROOT fast-uri@3.1.4 OK for: ajv@8.20.0 want: ^3.0.1
1020 silly placeDep ROOT json-schema-traverse@1.0.0 OK for: ajv@8.20.0 want: ^1.0.0
1021 silly placeDep ROOT require-from-string@2.0.2 OK for: ajv@8.20.0 want: ^2.0.2
1022 silly placeDep node_modules/conf ajv-formats@2.1.1 OK for: conf@10.2.0 want: ^2.1.1
1023 silly placeDep ROOT atomically@1.7.0 OK for: conf@10.2.0 want: ^1.7.0
1024 silly placeDep ROOT debounce-fn@4.0.0 OK for: conf@10.2.0 want: ^4.0.0
1025 silly placeDep ROOT dot-prop@6.0.1 OK for: conf@10.2.0 want: ^6.0.1
1026 silly placeDep node_modules/conf json-schema-typed@7.0.3 OK for: conf@10.2.0 want: ^7.0.3
1027 silly placeDep ROOT onetime@5.1.2 OK for: conf@10.2.0 want: ^5.1.2
1028 silly placeDep ROOT pkg-up@3.1.0 OK for: conf@10.2.0 want: ^3.1.0
1029 silly placeDep node_modules/conf semver@7.8.5 OK for: conf@10.2.0 want: ^7.3.5
1030 silly fetch manifest mimic-fn@^3.0.0
1031 silly packumentCache full:https://registry.npmjs.org/mimic-fn cache-miss
1032 silly fetch manifest is-obj@^2.0.0
1033 silly packumentCache full:https://registry.npmjs.org/is-obj cache-hit
1034 silly fetch manifest mimic-fn@^2.1.0
1035 silly packumentCache full:https://registry.npmjs.org/mimic-fn cache-miss
1036 silly fetch manifest find-up@^3.0.0
1037 silly packumentCache full:https://registry.npmjs.org/find-up cache-miss
1038 http fetch GET 200 https://registry.npmjs.org/mimic-fn 38ms (cache revalidated)
1039 silly packumentCache full:https://registry.npmjs.org/mimic-fn set size:22257 disposed:false
1040 http fetch GET 200 https://registry.npmjs.org/mimic-fn 38ms (cache revalidated)
1041 silly packumentCache full:https://registry.npmjs.org/mimic-fn set size:22257 disposed:false
1042 silly packumentCache full:https://registry.npmjs.org/mimic-fn dispose
1043 http fetch GET 200 https://registry.npmjs.org/find-up 38ms (cache revalidated)
1044 silly packumentCache full:https://registry.npmjs.org/find-up set size:42620 disposed:false
1045 silly placeDep ROOT vary@1.1.2 OK for: cors@2.8.6 want: ^1
1046 silly placeDep ROOT import-fresh@3.3.1 OK for: cosmiconfig@9.0.2 want: ^3.3.0
1047 silly placeDep ROOT js-yaml@4.3.0 OK for: cosmiconfig@9.0.2 want: ^4.1.0
1048 silly placeDep ROOT parse-json@5.2.0 OK for: cosmiconfig@9.0.2 want: ^5.2.0
1049 silly fetch manifest resolve-from@^4.0.0
1050 silly packumentCache full:https://registry.npmjs.org/resolve-from cache-miss
1051 silly fetch manifest parent-module@^1.0.0
1052 silly packumentCache full:https://registry.npmjs.org/parent-module cache-miss
1053 silly fetch manifest argparse@^2.0.1
1054 silly packumentCache full:https://registry.npmjs.org/argparse cache-miss
1055 silly fetch manifest error-ex@^1.3.1
1056 silly packumentCache full:https://registry.npmjs.org/error-ex cache-miss
1057 silly fetch manifest json-parse-even-better-errors@^2.3.0
1058 silly packumentCache full:https://registry.npmjs.org/json-parse-even-better-errors cache-miss
1059 http fetch GET 200 https://registry.npmjs.org/resolve-from 50ms (cache revalidated)
1060 silly packumentCache full:https://registry.npmjs.org/resolve-from set size:12911 disposed:false
1061 http fetch GET 200 https://registry.npmjs.org/error-ex 50ms (cache revalidated)
1062 silly packumentCache full:https://registry.npmjs.org/error-ex set size:31684 disposed:false
1063 http fetch GET 200 https://registry.npmjs.org/argparse 52ms (cache revalidated)
1064 silly packumentCache full:https://registry.npmjs.org/argparse set size:51348 disposed:false
1065 http fetch GET 200 https://registry.npmjs.org/json-parse-even-better-errors 53ms (cache revalidated)
1066 silly packumentCache full:https://registry.npmjs.org/json-parse-even-better-errors set size:37218 disposed:false
1067 http fetch GET 200 https://registry.npmjs.org/parent-module 55ms (cache revalidated)
1068 silly packumentCache full:https://registry.npmjs.org/parent-module set size:18255 disposed:false
1069 silly placeDep ROOT path-key@3.1.1 OK for: cross-spawn@7.0.6 want: ^3.1.0
1070 silly placeDep ROOT shebang-command@2.0.0 OK for: cross-spawn@7.0.6 want: ^2.0.0
1071 silly placeDep node_modules/cross-spawn which@2.0.2 OK for: cross-spawn@7.0.6 want: ^2.0.1
1072 silly fetch manifest shebang-regex@^3.0.0
1073 silly packumentCache full:https://registry.npmjs.org/shebang-regex cache-miss
1074 silly fetch manifest isexe@^2.0.0
1075 silly packumentCache full:https://registry.npmjs.org/isexe cache-hit
1076 http fetch GET 200 https://registry.npmjs.org/shebang-regex 50ms (cache revalidated)
1077 silly packumentCache full:https://registry.npmjs.org/shebang-regex set size:9763 disposed:false
1078 silly placeDep ROOT mimic-fn@3.1.0 OK for: debounce-fn@4.0.0 want: ^3.0.0
1079 silly placeDep ROOT is-obj@2.0.0 OK for: dot-prop@6.0.1 want: ^2.0.0
1080 silly placeDep ROOT ansi-colors@4.1.3 OK for: enquirer@2.4.1 want: ^4.1.1
1081 silly placeDep ROOT strip-ansi@6.0.1 OK for: enquirer@2.4.1 want: ^6.0.1
1082 silly fetch manifest ansi-regex@^5.0.1
1083 silly packumentCache full:https://registry.npmjs.org/ansi-regex cache-miss
1084 http fetch GET 200 https://registry.npmjs.org/ansi-regex 32ms (cache revalidated)
1085 silly packumentCache full:https://registry.npmjs.org/ansi-regex set size:43572 disposed:false
1086 silly placeDep ROOT @sindresorhus/merge-streams@4.0.0 OK for: execa@9.6.1 want: ^4.0.0
1087 silly placeDep ROOT figures@6.1.0 OK for: execa@9.6.1 want: ^6.1.0
1088 silly placeDep ROOT get-stream@9.0.1 OK for: execa@9.6.1 want: ^9.0.0
1089 silly placeDep ROOT human-signals@8.0.1 OK for: execa@9.6.1 want: ^8.0.1
1090 silly placeDep ROOT is-plain-obj@4.1.0 OK for: execa@9.6.1 want: ^4.1.0
1091 silly placeDep ROOT is-stream@4.0.1 OK for: execa@9.6.1 want: ^4.0.1
1092 silly placeDep ROOT npm-run-path@6.0.0 OK for: execa@9.6.1 want: ^6.0.0
1093 silly placeDep ROOT pretty-ms@9.3.0 OK for: execa@9.6.1 want: ^9.2.0
1094 silly placeDep ROOT signal-exit@4.1.0 OK for: execa@9.6.1 want: ^4.1.0
1095 silly placeDep ROOT strip-final-newline@4.0.0 OK for: execa@9.6.1 want: ^4.0.0
1096 silly placeDep ROOT yoctocolors@2.1.2 OK for: execa@9.6.1 want: ^2.1.1
1097 silly fetch manifest @sec-ant/readable-stream@^0.4.1
1098 silly packumentCache full:https://registry.npmjs.org/@sec-ant%2freadable-stream cache-miss
1099 silly fetch manifest path-key@^4.0.0
1100 silly packumentCache full:https://registry.npmjs.org/path-key cache-hit
1101 silly fetch manifest unicorn-magic@^0.3.0
1102 silly packumentCache full:https://registry.npmjs.org/unicorn-magic cache-miss
1103 silly fetch manifest parse-ms@^4.0.0
1104 silly packumentCache full:https://registry.npmjs.org/parse-ms cache-miss
1105 http fetch GET 200 https://registry.npmjs.org/unicorn-magic 88ms (cache revalidated)
1106 silly packumentCache full:https://registry.npmjs.org/unicorn-magic set size:9139 disposed:false
1107 http fetch GET 200 https://registry.npmjs.org/@sec-ant%2freadable-stream 204ms (cache revalidated)
1108 silly packumentCache full:https://registry.npmjs.org/@sec-ant%2freadable-stream set size:41612 disposed:false
1109 http fetch GET 200 https://registry.npmjs.org/parse-ms 214ms (cache revalidated)
1110 silly packumentCache full:https://registry.npmjs.org/parse-ms set size:18020 disposed:false
1111 silly placeDep ROOT accepts@2.0.0 OK for: express@5.2.1 want: ^2.0.0
1112 silly placeDep ROOT body-parser@2.3.0 OK for: express@5.2.1 want: ^2.2.1
1113 silly placeDep ROOT content-disposition@1.1.0 OK for: express@5.2.1 want: ^1.0.0
1114 silly placeDep ROOT cookie@0.7.2 OK for: express@5.2.1 want: ^0.7.1
1115 silly placeDep ROOT cookie-signature@1.2.2 OK for: express@5.2.1 want: ^1.2.1
1116 silly placeDep ROOT depd@2.0.0 OK for: express@5.2.1 want: ^2.0.0
1117 silly placeDep ROOT encodeurl@2.0.0 OK for: express@5.2.1 want: ^2.0.0
1118 silly placeDep ROOT escape-html@1.0.3 OK for: express@5.2.1 want: ^1.0.3
1119 silly placeDep ROOT etag@1.8.1 OK for: express@5.2.1 want: ^1.8.1
1120 silly placeDep ROOT finalhandler@2.1.1 OK for: express@5.2.1 want: ^2.1.0
1121 silly placeDep ROOT fresh@2.0.0 OK for: express@5.2.1 want: ^2.0.0
1122 silly placeDep ROOT http-errors@2.0.1 OK for: express@5.2.1 want: ^2.0.0
1123 silly placeDep ROOT merge-descriptors@2.0.0 OK for: express@5.2.1 want: ^2.0.0
1124 silly placeDep ROOT mime-types@3.0.2 OK for: express@5.2.1 want: ^3.0.0
1125 silly placeDep ROOT on-finished@2.4.1 OK for: express@5.2.1 want: ^2.4.1
1126 silly placeDep ROOT once@1.4.0 OK for: express@5.2.1 want: ^1.4.0
1127 silly placeDep ROOT parseurl@1.3.3 OK for: express@5.2.1 want: ^1.3.3
1128 silly placeDep ROOT proxy-addr@2.0.7 OK for: express@5.2.1 want: ^2.0.7
1129 silly placeDep ROOT qs@6.15.3 OK for: express@5.2.1 want: ^6.14.0
1130 silly placeDep ROOT range-parser@1.3.0 OK for: express@5.2.1 want: ^1.2.1
1131 silly placeDep ROOT router@2.2.0 OK for: express@5.2.1 want: ^2.2.0
1132 silly placeDep ROOT send@1.2.1 OK for: express@5.2.1 want: ^1.1.0
1133 silly placeDep ROOT serve-static@2.2.1 OK for: express@5.2.1 want: ^2.2.0
1134 silly placeDep ROOT statuses@2.0.2 OK for: express@5.2.1 want: ^2.0.1
1135 silly placeDep ROOT type-is@2.1.0 OK for: express@5.2.1 want: ^2.0.1
1136 silly fetch manifest negotiator@^1.0.0
1137 silly packumentCache full:https://registry.npmjs.org/negotiator cache-miss
1138 silly fetch manifest qs@^6.15.2
1139 silly packumentCache full:https://registry.npmjs.org/qs cache-hit
1140 silly fetch manifest bytes@^3.1.2
1141 silly packumentCache full:https://registry.npmjs.org/bytes cache-hit
1142 silly fetch manifest type-is@^2.1.0
1143 silly packumentCache full:https://registry.npmjs.org/type-is cache-hit
1144 silly fetch manifest iconv-lite@^0.7.2
1145 silly packumentCache full:https://registry.npmjs.org/iconv-lite cache-hit
1146 silly fetch manifest http-errors@^2.0.1
1147 silly packumentCache full:https://registry.npmjs.org/http-errors cache-hit
1148 silly fetch manifest content-type@^2.0.0
1149 silly packumentCache full:https://registry.npmjs.org/content-type cache-hit
1150 silly fetch manifest inherits@~2.0.4
1151 silly packumentCache full:https://registry.npmjs.org/inherits cache-miss
1152 silly fetch manifest setprototypeof@~1.2.0
1153 silly packumentCache full:https://registry.npmjs.org/setprototypeof cache-miss
1154 silly fetch manifest statuses@~2.0.2
1155 silly packumentCache full:https://registry.npmjs.org/statuses cache-hit
1156 silly fetch manifest toidentifier@~1.0.1
1157 silly packumentCache full:https://registry.npmjs.org/toidentifier cache-miss
1158 silly fetch manifest mime-db@^1.54.0
1159 silly packumentCache full:https://registry.npmjs.org/mime-db cache-miss
1160 silly fetch manifest ee-first@1.1.1
1161 silly packumentCache full:https://registry.npmjs.org/ee-first cache-miss
1162 silly fetch manifest wrappy@1
1163 silly packumentCache full:https://registry.npmjs.org/wrappy cache-miss
1164 silly fetch manifest forwarded@0.2.0
1165 silly packumentCache full:https://registry.npmjs.org/forwarded cache-miss
1166 silly fetch manifest ipaddr.js@1.9.1
1167 silly packumentCache full:https://registry.npmjs.org/ipaddr.js cache-miss
1168 silly fetch manifest side-channel@^1.1.1
1169 silly packumentCache full:https://registry.npmjs.org/side-channel cache-miss
1170 silly fetch manifest es-define-property@^1.0.1
1171 silly packumentCache full:https://registry.npmjs.org/es-define-property cache-miss
1172 silly fetch manifest is-promise@^4.0.0
1173 silly packumentCache full:https://registry.npmjs.org/is-promise cache-miss
1174 silly fetch manifest path-to-regexp@^8.0.0
1175 silly packumentCache full:https://registry.npmjs.org/path-to-regexp cache-miss
1176 silly fetch manifest statuses@^2.0.2
1177 silly packumentCache full:https://registry.npmjs.org/statuses cache-hit
1178 silly fetch manifest content-type@^2.0.0
1179 silly packumentCache full:https://registry.npmjs.org/content-type cache-hit
1180 silly fetch manifest media-typer@^1.1.0
1181 silly packumentCache full:https://registry.npmjs.org/media-typer cache-miss
1182 http fetch GET 200 https://registry.npmjs.org/inherits 53ms (cache revalidated)
1183 silly packumentCache full:https://registry.npmjs.org/inherits set size:12925 disposed:false
1184 http fetch GET 200 https://registry.npmjs.org/toidentifier 57ms (cache revalidated)
1185 silly packumentCache full:https://registry.npmjs.org/toidentifier set size:12006 disposed:false
1186 http fetch GET 200 https://registry.npmjs.org/forwarded 57ms (cache revalidated)
1187 silly packumentCache full:https://registry.npmjs.org/forwarded set size:11229 disposed:false
1188 http fetch GET 200 https://registry.npmjs.org/ee-first 59ms (cache revalidated)
1189 silly packumentCache full:https://registry.npmjs.org/ee-first set size:15327 disposed:false
1190 http fetch GET 200 https://registry.npmjs.org/wrappy 61ms (cache revalidated)
1191 silly packumentCache full:https://registry.npmjs.org/wrappy set size:7682 disposed:false
1192 http fetch GET 200 https://registry.npmjs.org/es-define-property 60ms (cache revalidated)
1193 silly packumentCache full:https://registry.npmjs.org/es-define-property set size:8542 disposed:false
1194 http fetch GET 200 https://registry.npmjs.org/mime-db 68ms (cache revalidated)
1195 silly packumentCache full:https://registry.npmjs.org/mime-db set size:164953 disposed:false
1196 http fetch GET 200 https://registry.npmjs.org/side-channel 67ms (cache revalidated)
1197 silly packumentCache full:https://registry.npmjs.org/side-channel set size:27650 disposed:false
1198 http fetch GET 200 https://registry.npmjs.org/setprototypeof 73ms (cache revalidated)
1199 silly packumentCache full:https://registry.npmjs.org/setprototypeof set size:14532 disposed:false
1200 http fetch GET 200 https://registry.npmjs.org/negotiator 76ms (cache revalidated)
1201 silly packumentCache full:https://registry.npmjs.org/negotiator set size:48046 disposed:false
1202 http fetch GET 200 https://registry.npmjs.org/ipaddr.js 72ms (cache revalidated)
1203 silly packumentCache full:https://registry.npmjs.org/ipaddr.js set size:69549 disposed:false
1204 http fetch GET 200 https://registry.npmjs.org/is-promise 69ms (cache revalidated)
1205 silly packumentCache full:https://registry.npmjs.org/is-promise set size:18599 disposed:false
1206 http fetch GET 200 https://registry.npmjs.org/path-to-regexp 70ms (cache revalidated)
1207 silly packumentCache full:https://registry.npmjs.org/path-to-regexp set size:216334 disposed:false
1208 http fetch GET 200 https://registry.npmjs.org/media-typer 72ms (cache revalidated)
1209 silly packumentCache full:https://registry.npmjs.org/media-typer set size:22074 disposed:false
1210 silly placeDep ROOT negotiator@1.0.0 OK for: accepts@2.0.0 want: ^1.0.0
1211 silly placeDep ROOT bytes@3.1.2 OK for: body-parser@2.3.0 want: ^3.1.2
1212 silly placeDep node_modules/body-parser content-type@2.0.0 OK for: body-parser@2.3.0 want: ^2.0.0
1213 silly placeDep ROOT debug@4.4.3 REPLACE for: body-parser@2.3.0 want: ^4.4.3
1214 silly placeDep ROOT iconv-lite@0.7.3 OK for: body-parser@2.3.0 want: ^0.7.2
1215 silly fetch manifest safer-buffer@>= 2.1.2 < 3.0.0
1216 silly packumentCache full:https://registry.npmjs.org/safer-buffer cache-miss
1217 http fetch GET 200 https://registry.npmjs.org/safer-buffer 42ms (cache revalidated)
1218 silly packumentCache full:https://registry.npmjs.org/safer-buffer set size:18521 disposed:false
1219 silly placeDep ROOT ip-address@10.2.0 OK for: express-rate-limit@8.6.0 want: ^10.2.0
1220 silly placeDep ROOT is-unicode-supported@2.1.0 OK for: figures@6.1.0 want: ^2.0.0
1221 silly placeDep ROOT graceful-fs@4.2.11 OK for: fs-extra@11.4.0 want: ^4.2.0
1222 silly placeDep ROOT jsonfile@6.2.1 OK for: fs-extra@11.4.0 want: ^6.0.1
1223 silly placeDep ROOT universalify@2.0.1 OK for: fs-extra@11.4.0 want: ^2.0.0
1224 silly placeDep ROOT @sec-ant/readable-stream@0.4.1 OK for: get-stream@9.0.1 want: ^0.4.1
1225 silly placeDep ROOT inherits@2.0.4 OK for: http-errors@2.0.1 want: ~2.0.4
1226 silly placeDep ROOT setprototypeof@1.2.0 OK for: http-errors@2.0.1 want: ~1.2.0
1227 silly placeDep ROOT toidentifier@1.0.1 OK for: http-errors@2.0.1 want: ~1.0.1
1228 silly placeDep ROOT safer-buffer@2.1.2 OK for: iconv-lite@0.7.3 want: >= 2.1.2 < 3.0.0
1229 silly placeDep ROOT parent-module@1.0.1 OK for: import-fresh@3.3.1 want: ^1.0.0
1230 silly placeDep ROOT resolve-from@4.0.0 OK for: import-fresh@3.3.1 want: ^4.0.0
1231 silly fetch manifest callsites@^3.0.0
1232 silly packumentCache full:https://registry.npmjs.org/callsites cache-miss
1233 http fetch GET 200 https://registry.npmjs.org/callsites 35ms (cache revalidated)
1234 silly packumentCache full:https://registry.npmjs.org/callsites set size:21349 disposed:false
1235 silly placeDep ROOT argparse@2.0.1 OK for: js-yaml@4.3.0 want: ^2.0.1
1236 silly placeDep ROOT mime-db@1.54.0 OK for: mime-types@3.0.2 want: ^1.54.0
1237 silly placeDep node_modules/npm-run-path path-key@4.0.0 OK for: npm-run-path@6.0.0 want: ^4.0.0
1238 silly placeDep ROOT unicorn-magic@0.3.0 OK for: npm-run-path@6.0.0 want: ^0.3.0
1239 silly placeDep ROOT ee-first@1.1.1 OK for: on-finished@2.4.1 want: 1.1.1
1240 silly placeDep ROOT wrappy@1.0.2 OK for: once@1.4.0 want: 1
1241 silly placeDep node_modules/onetime mimic-fn@2.1.0 OK for: onetime@5.1.2 want: ^2.1.0
1242 silly placeDep ROOT default-browser@5.5.0 OK for: open@11.0.0 want: ^5.4.0
1243 silly placeDep ROOT define-lazy-prop@3.0.0 OK for: open@11.0.0 want: ^3.0.0
1244 silly placeDep ROOT is-in-ssh@1.0.0 OK for: open@11.0.0 want: ^1.0.0
1245 silly placeDep ROOT is-inside-container@1.0.0 OK for: open@11.0.0 want: ^1.0.0
1246 silly placeDep ROOT powershell-utils@0.1.0 OK for: open@11.0.0 want: ^0.1.0
1247 silly placeDep ROOT wsl-utils@0.3.1 OK for: open@11.0.0 want: ^0.3.0
1248 silly fetch manifest bundle-name@^4.1.0
1249 silly packumentCache full:https://registry.npmjs.org/bundle-name cache-miss
1250 silly fetch manifest default-browser-id@^5.0.0
1251 silly packumentCache full:https://registry.npmjs.org/default-browser-id cache-miss
1252 silly fetch manifest is-docker@^3.0.0
1253 silly packumentCache full:https://registry.npmjs.org/is-docker cache-hit
1254 silly fetch manifest is-wsl@^3.1.0
1255 silly packumentCache full:https://registry.npmjs.org/is-wsl cache-hit
1256 http fetch GET 200 https://registry.npmjs.org/default-browser-id 32ms (cache revalidated)
1257 silly packumentCache full:https://registry.npmjs.org/default-browser-id set size:24398 disposed:false
1258 http fetch GET 200 https://registry.npmjs.org/bundle-name 42ms (cache revalidated)
1259 silly packumentCache full:https://registry.npmjs.org/bundle-name set size:17344 disposed:false
1260 silly placeDep ROOT bundle-name@4.1.0 OK for: default-browser@5.5.0 want: ^4.1.0
1261 silly placeDep ROOT default-browser-id@5.0.1 OK for: default-browser@5.5.0 want: ^5.0.0
1262 silly fetch manifest run-applescript@^7.0.0
1263 silly packumentCache full:https://registry.npmjs.org/run-applescript cache-miss
1264 http fetch GET 200 https://registry.npmjs.org/run-applescript 36ms (cache revalidated)
1265 silly packumentCache full:https://registry.npmjs.org/run-applescript set size:27897 disposed:false
1266 silly placeDep ROOT run-applescript@7.1.0 OK for: bundle-name@4.1.0 want: ^7.0.0
1267 silly placeDep ROOT is-docker@3.0.0 OK for: is-inside-container@1.0.0 want: ^3.0.0
1268 silly placeDep ROOT chalk@5.6.2 OK for: ora@8.2.0 want: ^5.3.0
1269 silly placeDep ROOT cli-cursor@5.0.0 OK for: ora@8.2.0 want: ^5.0.0
1270 silly placeDep ROOT cli-spinners@2.9.2 OK for: ora@8.2.0 want: ^2.9.2
1271 silly placeDep ROOT is-interactive@2.0.0 OK for: ora@8.2.0 want: ^2.0.0
1272 silly placeDep ROOT log-symbols@6.0.0 OK for: ora@8.2.0 want: ^6.0.0
1273 silly placeDep ROOT stdin-discarder@0.2.2 OK for: ora@8.2.0 want: ^0.2.2
1274 silly placeDep ROOT string-width@7.2.0 OK for: ora@8.2.0 want: ^7.2.0
1275 silly placeDep node_modules/ora strip-ansi@7.2.0 OK for: ora@8.2.0 want: ^7.1.0
1276 silly fetch manifest restore-cursor@^5.0.0
1277 silly packumentCache full:https://registry.npmjs.org/restore-cursor cache-miss
1278 silly fetch manifest is-unicode-supported@^1.3.0
1279 silly packumentCache full:https://registry.npmjs.org/is-unicode-supported cache-hit
1280 silly fetch manifest emoji-regex@^10.3.0
1281 silly packumentCache full:https://registry.npmjs.org/emoji-regex cache-miss
1282 silly fetch manifest get-east-asian-width@^1.0.0
1283 silly packumentCache full:https://registry.npmjs.org/get-east-asian-width cache-miss
1284 silly fetch manifest ansi-regex@^6.2.2
1285 silly packumentCache full:https://registry.npmjs.org/ansi-regex cache-hit
1286 http fetch GET 200 https://registry.npmjs.org/restore-cursor 41ms (cache revalidated)
1287 silly packumentCache full:https://registry.npmjs.org/restore-cursor set size:17895 disposed:false
1288 http fetch GET 200 https://registry.npmjs.org/get-east-asian-width 43ms (cache revalidated)
1289 silly packumentCache full:https://registry.npmjs.org/get-east-asian-width set size:20538 disposed:false
1290 http fetch GET 200 https://registry.npmjs.org/emoji-regex 107ms (cache revalidated)
1291 silly packumentCache full:https://registry.npmjs.org/emoji-regex set size:89064 disposed:false
1292 silly placeDep ROOT restore-cursor@5.1.0 OK for: cli-cursor@5.0.0 want: ^5.0.0
1293 silly fetch manifest onetime@^7.0.0
1294 silly packumentCache full:https://registry.npmjs.org/onetime cache-hit
1295 silly placeDep node_modules/log-symbols is-unicode-supported@1.3.0 OK for: log-symbols@6.0.0 want: ^1.3.0
1296 silly placeDep ROOT callsites@3.1.0 OK for: parent-module@1.0.1 want: ^3.0.0
1297 silly placeDep ROOT error-ex@1.3.4 OK for: parse-json@5.2.0 want: ^1.3.1
1298 silly placeDep ROOT json-parse-even-better-errors@2.3.1 OK for: parse-json@5.2.0 want: ^2.3.0
1299 silly fetch manifest is-arrayish@^0.2.1
1300 silly packumentCache full:https://registry.npmjs.org/is-arrayish cache-miss
1301 http fetch GET 200 https://registry.npmjs.org/is-arrayish 37ms (cache revalidated)
1302 silly packumentCache full:https://registry.npmjs.org/is-arrayish set size:15371 disposed:false
1303 silly placeDep ROOT is-arrayish@0.2.1 OK for: error-ex@1.3.4 want: ^0.2.1
1304 silly placeDep ROOT find-up@3.0.0 OK for: pkg-up@3.1.0 want: ^3.0.0
1305 silly fetch manifest locate-path@^3.0.0
1306 silly packumentCache full:https://registry.npmjs.org/locate-path cache-miss
1307 http fetch GET 200 https://registry.npmjs.org/locate-path 42ms (cache revalidated)
1308 silly packumentCache full:https://registry.npmjs.org/locate-path set size:31329 disposed:false
1309 silly placeDep ROOT locate-path@3.0.0 OK for: find-up@3.0.0 want: ^3.0.0
1310 silly fetch manifest p-locate@^3.0.0
1311 silly packumentCache full:https://registry.npmjs.org/p-locate cache-miss
1312 silly fetch manifest path-exists@^3.0.0
1313 silly packumentCache full:https://registry.npmjs.org/path-exists cache-miss
1314 http fetch GET 200 https://registry.npmjs.org/p-locate 47ms (cache revalidated)
1315 silly packumentCache full:https://registry.npmjs.org/p-locate set size:22488 disposed:false
1316 http fetch GET 200 https://registry.npmjs.org/path-exists 101ms (cache revalidated)
1317 silly packumentCache full:https://registry.npmjs.org/path-exists set size:13704 disposed:false
1318 silly placeDep ROOT p-locate@3.0.0 OK for: locate-path@3.0.0 want: ^3.0.0
1319 silly placeDep ROOT path-exists@3.0.0 OK for: locate-path@3.0.0 want: ^3.0.0
1320 silly fetch manifest p-limit@^2.0.0
1321 silly packumentCache full:https://registry.npmjs.org/p-limit cache-miss
1322 http fetch GET 200 https://registry.npmjs.org/p-limit 36ms (cache revalidated)
1323 silly packumentCache full:https://registry.npmjs.org/p-limit set size:63850 disposed:false
1324 silly placeDep ROOT p-limit@2.3.0 OK for: p-locate@3.0.0 want: ^2.0.0
1325 silly fetch manifest p-try@^2.0.0
1326 silly packumentCache full:https://registry.npmjs.org/p-try cache-miss
1327 http fetch GET 200 https://registry.npmjs.org/p-try 102ms (cache revalidated)
1328 silly packumentCache full:https://registry.npmjs.org/p-try set size:13014 disposed:false
1329 silly placeDep ROOT p-try@2.2.0 OK for: p-limit@2.3.0 want: ^2.0.0
1330 silly placeDep ROOT parse-ms@4.0.0 OK for: pretty-ms@9.3.0 want: ^4.0.0
1331 silly placeDep node_modules/prompts kleur@3.0.3 OK for: prompts@2.4.2 want: ^3.0.3
1332 silly placeDep ROOT sisteransi@1.0.5 OK for: prompts@2.4.2 want: ^1.0.5
1333 silly placeDep ROOT forwarded@0.2.0 OK for: proxy-addr@2.0.7 want: 0.2.0
1334 silly placeDep ROOT ipaddr.js@1.9.1 OK for: proxy-addr@2.0.7 want: 1.9.1
1335 silly placeDep ROOT es-define-property@1.0.1 OK for: qs@6.15.3 want: ^1.0.1
1336 silly placeDep ROOT side-channel@1.1.1 OK for: qs@6.15.3 want: ^1.1.1
1337 silly fetch manifest object-inspect@^1.13.4
1338 silly packumentCache full:https://registry.npmjs.org/object-inspect cache-miss
1339 silly fetch manifest side-channel-list@^1.0.1
1340 silly packumentCache full:https://registry.npmjs.org/side-channel-list cache-miss
1341 silly fetch manifest side-channel-map@^1.0.1
1342 silly packumentCache full:https://registry.npmjs.org/side-channel-map cache-miss
1343 silly fetch manifest side-channel-weakmap@^1.0.2
1344 silly packumentCache full:https://registry.npmjs.org/side-channel-weakmap cache-miss
1345 http fetch GET 200 https://registry.npmjs.org/side-channel-weakmap 39ms (cache revalidated)
1346 silly packumentCache full:https://registry.npmjs.org/side-channel-weakmap set size:12620 disposed:false
1347 http fetch GET 200 https://registry.npmjs.org/side-channel-map 47ms (cache revalidated)
1348 silly packumentCache full:https://registry.npmjs.org/side-channel-map set size:9126 disposed:false
1349 http fetch GET 200 https://registry.npmjs.org/object-inspect 50ms (cache revalidated)
1350 silly packumentCache full:https://registry.npmjs.org/object-inspect set size:101927 disposed:false
1351 http fetch GET 200 https://registry.npmjs.org/side-channel-list 50ms (cache revalidated)
1352 silly packumentCache full:https://registry.npmjs.org/side-channel-list set size:9021 disposed:false
1353 silly placeDep ROOT unpipe@1.0.0 OK for: raw-body@3.0.2 want: ~1.0.0
1354 silly placeDep ROOT ast-types@0.16.1 OK for: recast@0.23.12 want: ^0.16.1
1355 silly placeDep ROOT esprima@4.0.1 OK for: recast@0.23.12 want: ~4.0.0
1356 silly placeDep ROOT source-map@0.6.1 OK for: recast@0.23.12 want: ~0.6.1
1357 silly placeDep ROOT tiny-invariant@1.3.3 OK for: recast@0.23.12 want: ^1.3.3
1358 silly placeDep node_modules/restore-cursor onetime@7.0.0 OK for: restore-cursor@5.1.0 want: ^7.0.0
1359 silly fetch manifest mimic-function@^5.0.0
1360 silly packumentCache full:https://registry.npmjs.org/mimic-function cache-miss
1361 http fetch GET 200 https://registry.npmjs.org/mimic-function 76ms (cache revalidated)
1362 silly packumentCache full:https://registry.npmjs.org/mimic-function set size:6356 disposed:false
1363 silly placeDep ROOT is-promise@4.0.0 OK for: router@2.2.0 want: ^4.0.0
1364 silly placeDep ROOT path-to-regexp@8.4.2 OK for: router@2.2.0 want: ^8.0.0
1365 silly placeDep ROOT shebang-regex@3.0.0 OK for: shebang-command@2.0.0 want: ^3.0.0
1366 silly placeDep ROOT object-inspect@1.13.4 OK for: side-channel@1.1.1 want: ^1.13.4
1367 silly placeDep ROOT side-channel-list@1.0.1 OK for: side-channel@1.1.1 want: ^1.0.1
1368 silly placeDep ROOT side-channel-map@1.0.1 OK for: side-channel@1.1.1 want: ^1.0.1
1369 silly placeDep ROOT side-channel-weakmap@1.0.2 OK for: side-channel@1.1.1 want: ^1.0.2
1370 silly fetch manifest call-bound@^1.0.2
1371 silly packumentCache full:https://registry.npmjs.org/call-bound cache-miss
1372 silly fetch manifest get-intrinsic@^1.2.5
1373 silly packumentCache full:https://registry.npmjs.org/get-intrinsic cache-miss
1374 silly fetch manifest call-bound@^1.0.2
1375 silly packumentCache full:https://registry.npmjs.org/call-bound cache-miss
1376 silly fetch manifest get-intrinsic@^1.2.5
1377 silly packumentCache full:https://registry.npmjs.org/get-intrinsic cache-miss
1378 http fetch GET 200 https://registry.npmjs.org/call-bound 40ms (cache revalidated)
1379 silly packumentCache full:https://registry.npmjs.org/call-bound set size:15317 disposed:false
1380 http fetch GET 200 https://registry.npmjs.org/get-intrinsic 44ms (cache revalidated)
1381 silly packumentCache full:https://registry.npmjs.org/get-intrinsic set size:60985 disposed:false
1382 http fetch GET 200 https://registry.npmjs.org/get-intrinsic 47ms (cache revalidated)
1383 silly packumentCache full:https://registry.npmjs.org/get-intrinsic set size:60985 disposed:false
1384 silly packumentCache full:https://registry.npmjs.org/get-intrinsic dispose
1385 http fetch GET 200 https://registry.npmjs.org/call-bound 49ms (cache revalidated)
1386 silly packumentCache full:https://registry.npmjs.org/call-bound set size:15317 disposed:false
1387 silly packumentCache full:https://registry.npmjs.org/call-bound dispose
1388 silly placeDep ROOT call-bound@1.0.4 OK for: side-channel-map@1.0.1 want: ^1.0.2
1389 silly placeDep ROOT get-intrinsic@1.3.0 OK for: side-channel-map@1.0.1 want: ^1.2.5
1390 silly fetch manifest call-bind-apply-helpers@^1.0.2
1391 silly packumentCache full:https://registry.npmjs.org/call-bind-apply-helpers cache-miss
1392 silly fetch manifest get-intrinsic@^1.3.0
1393 silly packumentCache full:https://registry.npmjs.org/get-intrinsic cache-hit
1394 silly fetch manifest gopd@^1.2.0
1395 silly packumentCache full:https://registry.npmjs.org/gopd cache-miss
1396 silly fetch manifest get-proto@^1.0.1
1397 silly packumentCache full:https://registry.npmjs.org/get-proto cache-miss
1398 silly fetch manifest has-symbols@^1.1.0
1399 silly packumentCache full:https://registry.npmjs.org/has-symbols cache-miss
1400 silly fetch manifest es-object-atoms@^1.1.1
1401 silly packumentCache full:https://registry.npmjs.org/es-object-atoms cache-miss
1402 silly fetch manifest math-intrinsics@^1.1.0
1403 silly packumentCache full:https://registry.npmjs.org/math-intrinsics cache-miss
1404 silly fetch manifest call-bind-apply-helpers@^1.0.2
1405 silly packumentCache full:https://registry.npmjs.org/call-bind-apply-helpers cache-miss
1406 http fetch GET 200 https://registry.npmjs.org/call-bind-apply-helpers 53ms (cache revalidated)
1407 silly packumentCache full:https://registry.npmjs.org/call-bind-apply-helpers set size:12744 disposed:false
1408 http fetch GET 200 https://registry.npmjs.org/get-proto 53ms (cache revalidated)
1409 silly packumentCache full:https://registry.npmjs.org/get-proto set size:8300 disposed:false
1410 http fetch GET 200 https://registry.npmjs.org/math-intrinsics 53ms (cache revalidated)
1411 silly packumentCache full:https://registry.npmjs.org/math-intrinsics set size:9265 disposed:false
1412 http fetch GET 200 https://registry.npmjs.org/call-bind-apply-helpers 54ms (cache revalidated)
1413 silly packumentCache full:https://registry.npmjs.org/call-bind-apply-helpers set size:12744 disposed:false
1414 silly packumentCache full:https://registry.npmjs.org/call-bind-apply-helpers dispose
1415 http fetch GET 200 https://registry.npmjs.org/has-symbols 57ms (cache revalidated)
1416 silly packumentCache full:https://registry.npmjs.org/has-symbols set size:21550 disposed:false
1417 http fetch GET 200 https://registry.npmjs.org/es-object-atoms 58ms (cache revalidated)
1418 silly packumentCache full:https://registry.npmjs.org/es-object-atoms set size:18278 disposed:false
1419 http fetch GET 200 https://registry.npmjs.org/gopd 61ms (cache revalidated)
1420 silly packumentCache full:https://registry.npmjs.org/gopd set size:11483 disposed:false
1421 silly placeDep ROOT call-bind-apply-helpers@1.0.2 OK for: call-bound@1.0.4 want: ^1.0.2
1422 silly placeDep ROOT es-object-atoms@1.1.2 OK for: get-intrinsic@1.3.0 want: ^1.1.1
1423 silly placeDep ROOT get-proto@1.0.1 OK for: get-intrinsic@1.3.0 want: ^1.0.1
1424 silly placeDep ROOT gopd@1.2.0 OK for: get-intrinsic@1.3.0 want: ^1.2.0
1425 silly placeDep ROOT has-symbols@1.1.0 OK for: get-intrinsic@1.3.0 want: ^1.1.0
1426 silly placeDep ROOT math-intrinsics@1.1.0 OK for: get-intrinsic@1.3.0 want: ^1.1.0
1427 silly fetch manifest dunder-proto@^1.0.1
1428 silly packumentCache full:https://registry.npmjs.org/dunder-proto cache-miss
1429 http fetch GET 200 https://registry.npmjs.org/dunder-proto 95ms (cache revalidated)
1430 silly packumentCache full:https://registry.npmjs.org/dunder-proto set size:8256 disposed:false
1431 silly placeDep ROOT dunder-proto@1.0.1 OK for: get-proto@1.0.1 want: ^1.0.1
1432 silly placeDep ROOT emoji-regex@10.6.0 OK for: string-width@7.2.0 want: ^10.3.0
1433 silly placeDep ROOT get-east-asian-width@1.6.0 OK for: string-width@7.2.0 want: ^1.0.0
1434 silly placeDep node_modules/string-width strip-ansi@7.2.0 OK for: string-width@7.2.0 want: ^7.1.0
1435 silly placeDep ROOT get-own-enumerable-keys@1.0.0 OK for: stringify-object@5.0.0 want: ^1.0.0
1436 silly placeDep node_modules/stringify-object is-obj@3.0.0 OK for: stringify-object@5.0.0 want: ^3.0.0
1437 silly placeDep ROOT is-regexp@3.1.0 OK for: stringify-object@5.0.0 want: ^3.1.0
1438 silly placeDep ROOT ansi-regex@5.0.1 OK for: strip-ansi@6.0.1 want: ^5.0.1
1439 silly placeDep ROOT @ts-morph/common@0.27.0 OK for: ts-morph@26.0.0 want: ~0.27.0
1440 silly placeDep ROOT code-block-writer@13.0.3 OK for: ts-morph@26.0.0 want: ^13.0.3
1441 silly fetch manifest minimatch@^10.0.1
1442 silly packumentCache full:https://registry.npmjs.org/minimatch cache-miss
1443 silly fetch manifest path-browserify@^1.0.1
1444 silly packumentCache full:https://registry.npmjs.org/path-browserify cache-miss
1445 http fetch GET 200 https://registry.npmjs.org/minimatch 39ms (cache revalidated)
1446 silly packumentCache full:https://registry.npmjs.org/minimatch set size:375282 disposed:false
1447 http fetch GET 200 https://registry.npmjs.org/path-browserify 47ms (cache revalidated)
1448 silly packumentCache full:https://registry.npmjs.org/path-browserify set size:17399 disposed:false
1449 silly placeDep ROOT minimatch@10.2.5 OK for: @ts-morph/common@0.27.0 want: ^10.0.1
1450 silly placeDep ROOT path-browserify@1.0.1 OK for: @ts-morph/common@0.27.0 want: ^1.0.1
1451 silly fetch manifest brace-expansion@^5.0.5
1452 silly packumentCache full:https://registry.npmjs.org/brace-expansion cache-miss
1453 http fetch GET 200 https://registry.npmjs.org/brace-expansion 101ms (cache revalidated)
1454 silly packumentCache full:https://registry.npmjs.org/brace-expansion set size:83856 disposed:false
1455 silly placeDep ROOT brace-expansion@5.0.8 OK for: minimatch@10.2.5 want: ^5.0.5
1456 silly fetch manifest balanced-match@^4.0.2
1457 silly packumentCache full:https://registry.npmjs.org/balanced-match cache-miss
1458 http fetch GET 200 https://registry.npmjs.org/balanced-match 43ms (cache revalidated)
1459 silly packumentCache full:https://registry.npmjs.org/balanced-match set size:39082 disposed:false
1460 silly placeDep ROOT balanced-match@4.0.4 OK for: brace-expansion@5.0.8 want: ^4.0.2
1461 silly placeDep ROOT minimist@1.2.8 OK for: tsconfig-paths@4.2.0 want: ^1.2.6
1462 silly placeDep ROOT strip-bom@3.0.0 OK for: tsconfig-paths@4.2.0 want: ^3.0.0
1463 silly placeDep node_modules/type-is content-type@2.0.0 OK for: type-is@2.1.0 want: ^2.0.0
1464 silly placeDep ROOT media-typer@1.1.1 OK for: type-is@2.1.0 want: ^1.1.0
1465 silly placeDep ROOT isexe@3.1.5 OK for: which@4.0.0 want: ^3.1.1
1466 silly placeDep ROOT is-wsl@3.1.1 OK for: wsl-utils@0.3.1 want: ^3.1.0
1467 silly placeDep node_modules/@dotenvx/dotenvx get-stream@6.0.1 OK for: execa@5.1.1 want: ^6.0.0
1468 silly placeDep node_modules/@dotenvx/dotenvx human-signals@2.1.0 OK for: execa@5.1.1 want: ^2.1.0
1469 silly placeDep node_modules/@dotenvx/dotenvx is-stream@2.0.1 OK for: execa@5.1.1 want: ^2.0.0
1470 silly placeDep ROOT merge-stream@2.0.0 OK for: execa@5.1.1 want: ^2.0.0
1471 silly placeDep node_modules/@dotenvx/dotenvx npm-run-path@4.0.1 OK for: execa@5.1.1 want: ^4.0.1
1472 silly placeDep node_modules/@dotenvx/dotenvx signal-exit@3.0.7 OK for: execa@5.1.1 want: ^3.0.3
1473 silly placeDep node_modules/@dotenvx/dotenvx strip-final-newline@2.0.0 OK for: execa@5.1.1 want: ^2.0.0
1474 silly placeDep node_modules/@dotenvx/dotenvx define-lazy-prop@2.0.0 OK for: open@8.4.2 want: ^2.0.0
1475 silly placeDep node_modules/@dotenvx/dotenvx is-docker@2.2.1 OK for: open@8.4.2 want: ^2.1.1
1476 silly placeDep node_modules/@dotenvx/dotenvx is-wsl@2.2.0 OK for: open@8.4.2 want: ^2.2.0
1477 silly placeDep node_modules/cross-spawn isexe@2.0.0 OK for: which@2.0.2 want: ^2.0.0
1478 silly placeDep node_modules/ora ansi-regex@6.2.2 OK for: strip-ansi@7.2.0 want: ^6.2.2
1479 silly placeDep ROOT mimic-function@5.0.1 OK for: onetime@7.0.0 want: ^5.0.0
1480 silly placeDep node_modules/string-width ansi-regex@6.2.2 OK for: strip-ansi@7.2.0 want: ^6.2.2
1481 silly reify mark retired [
1481 silly reify   'C:\\Users\\Zach\\Desktop\\Lab\\Euterpe-landing\\node_modules\\@babel\\code-frame'
1481 silly reify ]
1482 silly reify mark retired [
1482 silly reify   'C:\\Users\\Zach\\Desktop\\Lab\\Euterpe-landing\\node_modules\\@babel\\generator'
1482 silly reify ]
1483 silly reify mark retired [
1483 silly reify   'C:\\Users\\Zach\\Desktop\\Lab\\Euterpe-landing\\node_modules\\@babel\\helper-globals'
1483 silly reify ]
1484 silly reify mark retired [
1484 silly reify   'C:\\Users\\Zach\\Desktop\\Lab\\Euterpe-landing\\node_modules\\@babel\\helper-module-imports'
1484 silly reify ]
1485 silly reify mark retired [
1485 silly reify   'C:\\Users\\Zach\\Desktop\\Lab\\Euterpe-landing\\node_modules\\@babel\\helper-module-transforms'
1485 silly reify ]
1486 silly reify mark retired [
1486 silly reify   'C:\\Users\\Zach\\Desktop\\Lab\\Euterpe-landing\\node_modules\\@babel\\helper-plugin-utils'
1486 silly reify ]
1487 silly reify mark retired [
1487 silly reify   'C:\\Users\\Zach\\Desktop\\Lab\\Euterpe-landing\\node_modules\\@babel\\helper-string-parser'
1487 silly reify ]
1488 silly reify mark retired [
1488 silly reify   'C:\\Users\\Zach\\Desktop\\Lab\\Euterpe-landing\\node_modules\\@babel\\helper-validator-identifier'
1488 silly reify ]
1489 silly reify mark retired [
1489 silly reify   'C:\\Users\\Zach\\Desktop\\Lab\\Euterpe-landing\\node_modules\\@babel\\helper-validator-option'
1489 silly reify ]
1490 silly reify mark retired [
1490 silly reify   'C:\\Users\\Zach\\Desktop\\Lab\\Euterpe-landing\\node_modules\\@babel\\parser',
1490 silly reify   'C:\\Users\\Zach\\Desktop\\Lab\\Euterpe-landing\\node_modules\\.bin\\parser',
1490 silly reify   'C:\\Users\\Zach\\Desktop\\Lab\\Euterpe-landing\\node_modules\\.bin\\parser.cmd',
1490 silly reify   'C:\\Users\\Zach\\Desktop\\Lab\\Euterpe-landing\\node_modules\\.bin\\parser.ps1'
1490 silly reify ]
1491 silly reify mark retired [
1491 silly reify   'C:\\Users\\Zach\\Desktop\\Lab\\Euterpe-landing\\node_modules\\@babel\\template'
1491 silly reify ]
1492 silly reify mark retired [
1492 silly reify   'C:\\Users\\Zach\\Desktop\\Lab\\Euterpe-landing\\node_modules\\@babel\\traverse'
1492 silly reify ]
1493 silly reify mark retired [
1493 silly reify   'C:\\Users\\Zach\\Desktop\\Lab\\Euterpe-landing\\node_modules\\@babel\\types'
1493 silly reify ]
1494 silly reify mark retired [
1494 silly reify   'C:\\Users\\Zach\\Desktop\\Lab\\Euterpe-landing\\node_modules\\debug'
1494 silly reify ]
1495 silly reify mark retired [
1495 silly reify   'C:\\Users\\Zach\\Desktop\\Lab\\Euterpe-landing\\node_modules\\framer-motion'
1495 silly reify ]
1496 silly reify mark retired [
1496 silly reify   'C:\\Users\\Zach\\Desktop\\Lab\\Euterpe-landing\\node_modules\\motion-dom'
1496 silly reify ]
1497 silly reify mark retired [
1497 silly reify   'C:\\Users\\Zach\\Desktop\\Lab\\Euterpe-landing\\node_modules\\motion-utils'
1497 silly reify ]
1498 silly reify moves {
1498 silly reify   'C:\\Users\\Zach\\Desktop\\Lab\\Euterpe-landing\\node_modules\\@babel\\code-frame': 'C:\\Users\\Zach\\Desktop\\Lab\\Euterpe-landing\\node_modules\\@babel\\.code-frame-A6CfHpnn',
1498 silly reify   'C:\\Users\\Zach\\Desktop\\Lab\\Euterpe-landing\\node_modules\\@babel\\generator': 'C:\\Users\\Zach\\Desktop\\Lab\\Euterpe-landing\\node_modules\\@babel\\.generator-Bqp1rxf3',
1498 silly reify   'C:\\Users\\Zach\\Desktop\\Lab\\Euterpe-landing\\node_modules\\@babel\\helper-globals': 'C:\\Users\\Zach\\Desktop\\Lab\\Euterpe-landing\\node_modules\\@babel\\.helper-globals-AnYOvrE4',
1498 silly reify   'C:\\Users\\Zach\\Desktop\\Lab\\Euterpe-landing\\node_modules\\@babel\\helper-module-imports': 'C:\\Users\\Zach\\Desktop\\Lab\\Euterpe-landing\\node_modules\\@babel\\.helper-module-imports-ERSMSGYk',
1498 silly reify   'C:\\Users\\Zach\\Desktop\\Lab\\Euterpe-landing\\node_modules\\@babel\\helper-module-transforms': 'C:\\Users\\Zach\\Desktop\\Lab\\Euterpe-landing\\node_modules\\@babel\\.helper-module-transforms-F8LR9tBP',
1498 silly reify   'C:\\Users\\Zach\\Desktop\\Lab\\Euterpe-landing\\node_modules\\@babel\\helper-plugin-utils': 'C:\\Users\\Zach\\Desktop\\Lab\\Euterpe-landing\\node_modules\\@babel\\.helper-plugin-utils-uNW9PZiA',
1498 silly reify   'C:\\Users\\Zach\\Desktop\\Lab\\Euterpe-landing\\node_modules\\@babel\\helper-string-parser': 'C:\\Users\\Zach\\Desktop\\Lab\\Euterpe-landing\\node_modules\\@babel\\.helper-string-parser-g4m5BExw',
1498 silly reify   'C:\\Users\\Zach\\Desktop\\Lab\\Euterpe-landing\\node_modules\\@babel\\helper-validator-identifier': 'C:\\Users\\Zach\\Desktop\\Lab\\Euterpe-landing\\node_modules\\@babel\\.helper-validator-identifier-jKsIzMt3',
1498 silly reify   'C:\\Users\\Zach\\Desktop\\Lab\\Euterpe-landing\\node_modules\\@babel\\helper-validator-option': 'C:\\Users\\Zach\\Desktop\\Lab\\Euterpe-landing\\node_modules\\@babel\\.helper-validator-option-u3Oa6w9G',
1498 silly reify   'C:\\Users\\Zach\\Desktop\\Lab\\Euterpe-landing\\node_modules\\@babel\\parser': 'C:\\Users\\Zach\\Desktop\\Lab\\Euterpe-landing\\node_modules\\@babel\\.parser-GLNjuQ3o',
1498 silly reify   'C:\\Users\\Zach\\Desktop\\Lab\\Euterpe-landing\\node_modules\\.bin\\parser': 'C:\\Users\\Zach\\Desktop\\Lab\\Euterpe-landing\\node_modules\\.bin\\.parser-uNVM6PgI',
1498 silly reify   'C:\\Users\\Zach\\Desktop\\Lab\\Euterpe-landing\\node_modules\\.bin\\parser.cmd': 'C:\\Users\\Zach\\Desktop\\Lab\\Euterpe-landing\\node_modules\\.bin\\.parser.cmd-6HM9R2cG',
1498 silly reify   'C:\\Users\\Zach\\Desktop\\Lab\\Euterpe-landing\\node_modules\\.bin\\parser.ps1': 'C:\\Users\\Zach\\Desktop\\Lab\\Euterpe-landing\\node_modules\\.bin\\.parser.ps1-TvCx9A1j',
1498 silly reify   'C:\\Users\\Zach\\Desktop\\Lab\\Euterpe-landing\\node_modules\\@babel\\template': 'C:\\Users\\Zach\\Desktop\\Lab\\Euterpe-landing\\node_modules\\@babel\\.template-bwYN0nUY',
1498 silly reify   'C:\\Users\\Zach\\Desktop\\Lab\\Euterpe-landing\\node_modules\\@babel\\traverse': 'C:\\Users\\Zach\\Desktop\\Lab\\Euterpe-landing\\node_modules\\@babel\\.traverse-00j16v6C',
1498 silly reify   'C:\\Users\\Zach\\Desktop\\Lab\\Euterpe-landing\\node_modules\\@babel\\types': 'C:\\Users\\Zach\\Desktop\\Lab\\Euterpe-landing\\node_modules\\@babel\\.types-ZkPOFAXW',
1498 silly reify   'C:\\Users\\Zach\\Desktop\\Lab\\Euterpe-landing\\node_modules\\debug': 'C:\\Users\\Zach\\Desktop\\Lab\\Euterpe-landing\\node_modules\\.debug-rIDyfzHn',
1498 silly reify   'C:\\Users\\Zach\\Desktop\\Lab\\Euterpe-landing\\node_modules\\framer-motion': 'C:\\Users\\Zach\\Desktop\\Lab\\Euterpe-landing\\node_modules\\.framer-motion-J16SJTIW',
1498 silly reify   'C:\\Users\\Zach\\Desktop\\Lab\\Euterpe-landing\\node_modules\\motion-dom': 'C:\\Users\\Zach\\Desktop\\Lab\\Euterpe-landing\\node_modules\\.motion-dom-iYGVNrHK',
1498 silly reify   'C:\\Users\\Zach\\Desktop\\Lab\\Euterpe-landing\\node_modules\\motion-utils': 'C:\\Users\\Zach\\Desktop\\Lab\\Euterpe-landing\\node_modules\\.motion-utils-1vGXaBjV'
1498 silly reify }
1499 silly audit bulk request {
1499 silly audit   '@alloc/quick-lru': [ '5.2.0' ],
1499 silly audit   '@ampproject/remapping': [ '2.3.0' ],
1499 silly audit   '@babel/compat-data': [ '7.28.0' ],
1499 silly audit   '@babel/core': [ '7.28.0' ],
1499 silly audit   '@babel/helper-compilation-targets': [ '7.27.2' ],
1499 silly audit   '@babel/helpers': [ '7.27.6' ],
1499 silly audit   '@babel/plugin-transform-react-jsx-self': [ '7.27.1' ],
1499 silly audit   '@babel/plugin-transform-react-jsx-source': [ '7.27.1' ],
1499 silly audit   '@emotion/is-prop-valid': [ '1.2.2' ],
1499 silly audit   '@emotion/memoize': [ '0.8.1' ],
1499 silly audit   '@emotion/unitless': [ '0.8.1' ],
1499 silly audit   '@esbuild/android-arm': [ '0.18.20' ],
1499 silly audit   '@esbuild/android-arm64': [ '0.18.20' ],
1499 silly audit   '@esbuild/android-x64': [ '0.18.20' ],
1499 silly audit   '@esbuild/darwin-arm64': [ '0.18.20' ],
1499 silly audit   '@esbuild/darwin-x64': [ '0.18.20' ],
1499 silly audit   '@esbuild/freebsd-arm64': [ '0.18.20' ],
1499 silly audit   '@esbuild/freebsd-x64': [ '0.18.20' ],
1499 silly audit   '@esbuild/linux-arm': [ '0.18.20' ],
1499 silly audit   '@esbuild/linux-arm64': [ '0.18.20' ],
1499 silly audit   '@esbuild/linux-ia32': [ '0.18.20' ],
1499 silly audit   '@esbuild/linux-loong64': [ '0.18.20' ],
1499 silly audit   '@esbuild/linux-mips64el': [ '0.18.20' ],
1499 silly audit   '@esbuild/linux-ppc64': [ '0.18.20' ],
1499 silly audit   '@esbuild/linux-riscv64': [ '0.18.20' ],
1499 silly audit   '@esbuild/linux-s390x': [ '0.18.20' ],
1499 silly audit   '@esbuild/linux-x64': [ '0.18.20' ],
1499 silly audit   '@esbuild/netbsd-x64': [ '0.18.20' ],
1499 silly audit   '@esbuild/openbsd-x64': [ '0.18.20' ],
1499 silly audit   '@esbuild/sunos-x64': [ '0.18.20' ],
1499 silly audit   '@esbuild/win32-arm64': [ '0.18.20' ],
1499 silly audit   '@esbuild/win32-ia32': [ '0.18.20' ],
1499 silly audit   '@esbuild/win32-x64': [ '0.18.20' ],
1499 silly audit   '@jridgewell/gen-mapping': [ '0.3.12' ],
1499 silly audit   '@jridgewell/resolve-uri': [ '3.1.2' ],
1499 silly audit   '@jridgewell/sourcemap-codec': [ '1.5.4' ],
1499 silly audit   '@jridgewell/trace-mapping': [ '0.3.29' ],
1499 silly audit   '@nodelib/fs.scandir': [ '2.1.5' ],
1499 silly audit   '@nodelib/fs.stat': [ '2.0.5' ],
1499 silly audit   '@nodelib/fs.walk': [ '1.2.8' ],
1499 silly audit   '@rolldown/pluginutils': [ '1.0.0-beta.19' ],
1499 silly audit   '@types/babel__core': [ '7.20.5' ],
1499 silly audit   '@types/babel__generator': [ '7.27.0' ],
1499 silly audit   '@types/babel__template': [ '7.4.4' ],
1499 silly audit   '@types/babel__traverse': [ '7.20.7' ],
1499 silly audit   '@types/prop-types': [ '15.7.15' ],
1499 silly audit   '@types/react': [ '18.3.23' ],
1499 silly audit   '@types/react-dom': [ '18.3.7' ],
1499 silly audit   '@types/stylis': [ '4.2.5' ],
1499 silly audit   '@vitejs/plugin-react': [ '4.6.0' ],
1499 silly audit   'any-promise': [ '1.3.0' ],
1499 silly audit   anymatch: [ '3.1.3' ],
1499 silly audit   arg: [ '5.0.2' ],
1499 silly audit   autoprefixer: [ '10.5.4' ],
1499 silly audit   'baseline-browser-mapping': [ '2.11.1' ],
1499 silly audit   'binary-extensions': [ '2.3.0' ],
1499 silly audit   braces: [ '3.0.3' ],
1499 silly audit   browserslist: [ '4.28.7' ],
1499 silly audit   'camelcase-css': [ '2.0.1' ],
1499 silly audit   camelize: [ '1.0.1' ],
1499 silly audit   'caniuse-lite': [ '1.0.30001806' ],
1499 silly audit   chokidar: [ '3.6.0' ],
1499 silly audit   'glob-parent': [ '5.1.2', '6.0.2' ],
1499 silly audit   commander: [ '4.1.1', '14.0.3', '11.1.0' ],
1499 silly audit   'convert-source-map': [ '2.0.0' ],
1499 silly audit   'css-color-keywords': [ '1.0.0' ],
1499 silly audit   'css-to-react-native': [ '3.2.0' ],
1499 silly audit   cssesc: [ '3.0.0' ],
1499 silly audit   csstype: [ '3.1.3' ],
1499 silly audit   didyoumean: [ '1.2.2' ],
1499 silly audit   dlv: [ '1.1.3' ],
1499 silly audit   'electron-to-chromium': [ '1.5.396' ],
1499 silly audit   'es-errors': [ '1.3.0' ],
1499 silly audit   esbuild: [ '0.18.20' ],
1499 silly audit   escalade: [ '3.2.0' ],
1499 silly audit   'fast-glob': [ '3.3.3' ],
1499 silly audit   fastq: [ '1.20.1' ],
1499 silly audit   'fill-range': [ '7.1.1' ],
1499 silly audit   'fraction.js': [ '5.3.4' ],
1499 silly audit   fsevents: [ '2.3.3' ],
1499 silly audit   'function-bind': [ '1.1.2' ],
1499 silly audit   gensync: [ '1.0.0-beta.2' ],
1499 silly audit   hasown: [ '2.0.4' ],
1499 silly audit   'is-binary-path': [ '2.1.0' ],
1499 silly audit   'is-core-module': [ '2.16.2' ],
1499 silly audit   'is-extglob': [ '2.1.1' ],
1499 silly audit   'is-glob': [ '4.0.3' ],
1499 silly audit   'is-number': [ '7.0.0' ],
1499 silly audit   jiti: [ '1.21.7' ],
1499 silly audit   'js-tokens': [ '4.0.0' ],
1499 silly audit   jsesc: [ '3.1.0' ],
1499 silly audit   json5: [ '2.2.3' ],
1499 silly audit   lilconfig: [ '3.1.3' ],
1499 silly audit   'lines-and-columns': [ '1.2.4' ],
1499 silly audit   'loose-envify': [ '1.4.0' ],
1499 silly audit   'lru-cache': [ '5.1.1' ],
1499 silly audit   merge2: [ '1.4.1' ],
1499 silly audit   micromatch: [ '4.0.8' ],
1499 silly audit   ms: [ '2.1.3' ],
1499 silly audit   mz: [ '2.7.0' ],
1499 silly audit   nanoid: [ '3.3.16' ],
1499 silly audit   'node-releases': [ '2.0.51' ],
1499 silly audit   'normalize-path': [ '3.0.0' ],
1499 silly audit   'object-assign': [ '4.1.1' ],
1499 silly audit   'object-hash': [ '3.0.0' ],
1499 silly audit   ogl: [ '1.0.11' ],
1499 silly audit   'path-parse': [ '1.0.7' ],
1499 silly audit   picocolors: [ '1.1.1' ],
1499 silly audit   picomatch: [ '2.3.2', '4.0.5' ],
1499 silly audit   pify: [ '2.3.0' ],
1499 silly audit   pirates: [ '4.0.7' ],
1499 silly audit   postcss: [ '8.5.22', '8.4.49' ],
1499 silly audit   'postcss-import': [ '15.1.0' ],
1499 silly audit   'postcss-js': [ '4.1.0' ],
1499 silly audit   'postcss-load-config': [ '4.0.2' ],
1499 silly audit   'postcss-nested': [ '6.2.0' ],
1499 silly audit   'postcss-selector-parser': [ '6.1.4', '7.1.4' ],
1499 silly audit   'postcss-value-parser': [ '4.2.0' ],
1499 silly audit   'queue-microtask': [ '1.2.3' ],
1499 silly audit   react: [ '18.3.1' ],
1499 silly audit   'react-dom': [ '18.3.1' ],
1499 silly audit   'react-refresh': [ '0.17.0' ],
1499 silly audit   'read-cache': [ '1.0.0' ],
1499 silly audit   readdirp: [ '3.6.0' ],
1499 silly audit   resolve: [ '1.22.12' ],
1499 silly audit   reusify: [ '1.1.0' ],
1499 silly audit   rollup: [ '3.29.5' ],
1499 silly audit   'run-parallel': [ '1.2.0' ],
1499 silly audit   scheduler: [ '0.23.2' ],
1499 silly audit   semver: [ '6.3.1', '7.8.5' ],
1499 silly audit   shallowequal: [ '1.1.0' ],
1499 silly audit   'source-map-js': [ '1.2.1' ],
1499 silly audit   'styled-components': [ '6.1.19' ],
1499 silly audit   tslib: [ '2.6.2', '2.8.1' ],
1499 silly audit   stylis: [ '4.3.2' ],
1499 silly audit   sucrase: [ '3.35.1' ],
1499 silly audit   'supports-preserve-symlinks-flag': [ '1.0.0' ],
1499 silly audit   tailwindcss: [ '3.4.17' ],
1499 silly audit   thenify: [ '3.3.1' ],
1499 silly audit   'thenify-all': [ '1.6.0' ],
1499 silly audit   tinyglobby: [ '0.2.17' ],
1499 silly audit   fdir: [ '6.5.0' ],
1499 silly audit   'to-regex-range': [ '5.0.1' ],
1499 silly audit   'ts-interface-checker': [ '0.1.13' ],
1499 silly audit   'update-browserslist-db': [ '1.2.3' ],
1499 silly audit   'util-deprecate': [ '1.0.2' ],
1499 silly audit   vite: [ '4.5.14' ],
1499 silly audit   yallist: [ '3.1.1' ],
1499 silly audit   yaml: [ '2.9.0' ],
1499 silly audit   '@base-ui/react': [ '1.6.0' ],
1499 silly audit   '@fontsource-variable/geist': [ '5.3.0' ],
1499 silly audit   'class-variance-authority': [ '0.7.1' ],
1499 silly audit   clsx: [ '2.1.1' ],
1499 silly audit   'lucide-react': [ '1.26.0' ],
1499 silly audit   motion: [ '12.42.2' ],
1499 silly audit   shadcn: [ '4.14.1' ],
1499 silly audit   'tailwind-merge': [ '3.6.0' ],
1499 silly audit   'tw-animate-css': [ '1.4.0' ],
1499 silly audit   '@babel/runtime': [ '7.29.7' ],
1499 silly audit   '@base-ui/utils': [ '0.3.1' ],
1499 silly audit   '@floating-ui/react-dom': [ '2.1.9' ],
1499 silly audit   '@floating-ui/utils': [ '0.2.12' ],
1499 silly audit   'use-sync-external-store': [ '1.6.0' ],
1499 silly audit   reselect: [ '5.2.0' ],
1499 silly audit   '@floating-ui/dom': [ '1.8.0' ],
1499 silly audit   '@floating-ui/core': [ '1.8.0' ],
1499 silly audit   'framer-motion': [ '12.42.2' ],
1499 silly audit   'motion-dom': [ '12.42.2' ],
1499 silly audit   'motion-utils': [ '12.39.0' ],
1499 silly audit   '@babel/plugin-transform-typescript': [ '7.29.7' ],
1499 silly audit   '@babel/preset-typescript': [ '7.29.7' ],
1499 silly audit   '@dotenvx/dotenvx': [ '1.75.1' ],
1499 silly audit   '@modelcontextprotocol/sdk': [ '1.29.0' ],
1499 silly audit   '@types/validate-npm-package-name': [ '4.0.2' ],
1499 silly audit   cosmiconfig: [ '9.0.2' ],
1499 silly audit   dedent: [ '1.7.2' ],
1499 silly audit   deepmerge: [ '4.3.1' ],
1499 silly audit   diff: [ '8.0.4' ],
1499 silly audit   execa: [ '9.6.1', '5.1.1' ],
1499 silly audit   'fs-extra': [ '11.4.0' ],
1499 silly audit   fuzzysort: [ '3.1.0' ],
1499 silly audit   kleur: [ '4.1.5', '3.0.3' ],
1499 silly audit   open: [ '11.0.0', '8.4.2' ],
1499 silly audit   ora: [ '8.2.0' ],
1499 silly audit   prompts: [ '2.4.2' ],
1499 silly audit   recast: [ '0.23.12' ],
1499 silly audit   'stringify-object': [ '5.0.0' ],
1499 silly audit   'ts-morph': [ '26.0.0' ],
1499 silly audit   'tsconfig-paths': [ '4.2.0' ],
1499 silly audit   undici: [ '7.28.0' ],
1499 silly audit   'validate-npm-package-name': [ '7.0.2' ],
1499 silly audit   zod: [ '3.25.76' ],
1499 silly audit   'zod-to-json-schema': [ '3.25.2' ],
1499 silly audit   '@babel/helper-annotate-as-pure': [ '7.29.7' ],
1499 silly audit   '@babel/helper-create-class-features-plugin': [ '7.29.7' ],
1499 silly audit   '@babel/helper-plugin-utils': [ '7.29.7' ],
1499 silly audit   '@babel/helper-skip-transparent-expression-wrappers': [ '7.29.7' ],
1499 silly audit   '@babel/plugin-syntax-typescript': [ '7.29.7' ],
1499 silly audit   '@babel/types': [ '7.29.7' ],
1499 silly audit   '@babel/helper-member-expression-to-functions': [ '7.29.7' ],
1499 silly audit   '@babel/helper-optimise-call-expression': [ '7.29.7' ],
1499 silly audit   '@babel/helper-replace-supers': [ '7.29.7' ],
1499 silly audit   '@babel/traverse': [ '7.29.7' ],
1499 silly audit   '@babel/helper-validator-option': [ '7.29.7' ],
1499 silly audit   '@babel/plugin-syntax-jsx': [ '7.29.7' ],
1499 silly audit   '@babel/plugin-transform-modules-commonjs': [ '7.29.7' ],
1499 silly audit   '@babel/helper-module-transforms': [ '7.29.7' ],
1499 silly audit   '@babel/helper-module-imports': [ '7.29.7' ],
1499 silly audit   '@babel/helper-validator-identifier': [ '7.29.7' ],
1499 silly audit   '@babel/code-frame': [ '7.29.7' ],
1499 silly audit   '@babel/generator': [ '7.29.7' ],
1499 silly audit   '@babel/helper-globals': [ '7.29.7' ],
1499 silly audit   '@babel/parser': [ '7.29.7' ],
1499 silly audit   '@babel/template': [ '7.29.7' ],
1499 silly audit   '@babel/helper-string-parser': [ '7.29.7' ],
1499 silly audit   '@dotenvx/primitives': [ '0.8.0' ],
1499 silly audit   conf: [ '10.2.0' ],
1499 silly audit   dotenv: [ '17.4.2' ],
1499 silly audit   enquirer: [ '2.4.1' ],
1499 silly audit   'env-paths': [ '2.2.1' ],
1499 silly audit   ignore: [ '5.3.2' ],
1499 silly audit   'object-treeify': [ '1.1.33' ],
1499 silly audit   systeminformation: [ '5.33.1' ],
1499 silly audit   which: [ '4.0.0', '2.0.2' ],
1499 silly audit   'yocto-spinner': [ '1.2.2' ],
1499 silly audit   '@hono/node-server': [ '1.19.15' ],
1499 silly audit   hono: [ '4.12.32' ],
1499 silly audit   ajv: [ '8.20.0' ],
1499 silly audit   'ajv-formats': [ '3.0.1', '2.1.1' ],
1499 silly audit   'content-type': [ '1.0.5', '2.0.0' ],
1499 silly audit   cors: [ '2.8.6' ],
1499 silly audit   'cross-spawn': [ '7.0.6' ],
1499 silly audit   eventsource: [ '3.0.7' ],
1499 silly audit   'eventsource-parser': [ '3.1.0' ],
1499 silly audit   express: [ '5.2.1' ],
1499 silly audit   'express-rate-limit': [ '8.6.0' ],
1499 silly audit   jose: [ '6.2.4' ],
1499 silly audit   'json-schema-typed': [ '8.0.2', '7.0.3' ],
1499 silly audit   'pkce-challenge': [ '5.0.1' ],
1499 silly audit   'raw-body': [ '3.0.2' ],
1499 silly audit   'fast-deep-equal': [ '3.1.3' ],
1499 silly audit   'fast-uri': [ '3.1.4' ],
1499 silly audit   'json-schema-traverse': [ '1.0.0' ],
1499 silly audit   'require-from-string': [ '2.0.2' ],
1499 silly audit   atomically: [ '1.7.0' ],
1499 silly audit   'debounce-fn': [ '4.0.0' ],
1499 silly audit   'dot-prop': [ '6.0.1' ],
1499 silly audit   onetime: [ '5.1.2', '7.0.0' ],
1499 silly audit   'pkg-up': [ '3.1.0' ],
1499 silly audit   vary: [ '1.1.2' ],
1499 silly audit   'import-fresh': [ '3.3.1' ],
1499 silly audit   'js-yaml': [ '4.3.0' ],
1499 silly audit   'parse-json': [ '5.2.0' ],
1499 silly audit   'path-key': [ '3.1.1', '4.0.0' ],
1499 silly audit   'shebang-command': [ '2.0.0' ],
1499 silly audit   'mimic-fn': [ '3.1.0', '2.1.0' ],
1499 silly audit   'is-obj': [ '2.0.0', '3.0.0' ],
1499 silly audit   'ansi-colors': [ '4.1.3' ],
1499 silly audit   'strip-ansi': [ '6.0.1', '7.2.0' ],
1499 silly audit   '@sindresorhus/merge-streams': [ '4.0.0' ],
1499 silly audit   figures: [ '6.1.0' ],
1499 silly audit   'get-stream': [ '9.0.1', '6.0.1' ],
1499 silly audit   'human-signals': [ '8.0.1', '2.1.0' ],
1499 silly audit   'is-plain-obj': [ '4.1.0' ],
1499 silly audit   'is-stream': [ '4.0.1', '2.0.1' ],
1499 silly audit   'npm-run-path': [ '6.0.0', '4.0.1' ],
1499 silly audit   'pretty-ms': [ '9.3.0' ],
1499 silly audit   'signal-exit': [ '4.1.0', '3.0.7' ],
1499 silly audit   'strip-final-newline': [ '4.0.0', '2.0.0' ],
1499 silly audit   yoctocolors: [ '2.1.2' ],
1499 silly audit   accepts: [ '2.0.0' ],
1499 silly audit   'body-parser': [ '2.3.0' ],
1499 silly audit   'content-disposition': [ '1.1.0' ],
1499 silly audit   cookie: [ '0.7.2' ],
1499 silly audit   'cookie-signature': [ '1.2.2' ],
1499 silly audit   depd: [ '2.0.0' ],
1499 silly audit   encodeurl: [ '2.0.0' ],
1499 silly audit   'escape-html': [ '1.0.3' ],
1499 silly audit   etag: [ '1.8.1' ],
1499 silly audit   finalhandler: [ '2.1.1' ],
1499 silly audit   fresh: [ '2.0.0' ],
1499 silly audit   'http-errors': [ '2.0.1' ],
1499 silly audit   'merge-descriptors': [ '2.0.0' ],
1499 silly audit   'mime-types': [ '3.0.2' ],
1499 silly audit   'on-finished': [ '2.4.1' ],
1499 silly audit   once: [ '1.4.0' ],
1499 silly audit   parseurl: [ '1.3.3' ],
1499 silly audit   'proxy-addr': [ '2.0.7' ],
1499 silly audit   qs: [ '6.15.3' ],
1499 silly audit   'range-parser': [ '1.3.0' ],
1499 silly audit   router: [ '2.2.0' ],
1499 silly audit   send: [ '1.2.1' ],
1499 silly audit   'serve-static': [ '2.2.1' ],
1499 silly audit   statuses: [ '2.0.2' ],
1499 silly audit   'type-is': [ '2.1.0' ],
1499 silly audit   negotiator: [ '1.0.0' ],
1499 silly audit   bytes: [ '3.1.2' ],
1499 silly audit   debug: [ '4.4.3' ],
1499 silly audit   'iconv-lite': [ '0.7.3' ],
1499 silly audit   'ip-address': [ '10.2.0' ],
1499 silly audit   'is-unicode-supported': [ '2.1.0', '1.3.0' ],
1499 silly audit   'graceful-fs': [ '4.2.11' ],
1499 silly audit   jsonfile: [ '6.2.1' ],
1499 silly audit   universalify: [ '2.0.1' ],
1499 silly audit   '@sec-ant/readable-stream': [ '0.4.1' ],
1499 silly audit   inherits: [ '2.0.4' ],
1499 silly audit   setprototypeof: [ '1.2.0' ],
1499 silly audit   toidentifier: [ '1.0.1' ],
1499 silly audit   'safer-buffer': [ '2.1.2' ],
1499 silly audit   'parent-module': [ '1.0.1' ],
1499 silly audit   'resolve-from': [ '4.0.0' ],
1499 silly audit   argparse: [ '2.0.1' ],
1499 silly audit   'mime-db': [ '1.54.0' ],
1499 silly audit   'unicorn-magic': [ '0.3.0' ],
1499 silly audit   'ee-first': [ '1.1.1' ],
1499 silly audit   wrappy: [ '1.0.2' ],
1499 silly audit   'default-browser': [ '5.5.0' ],
1499 silly audit   'define-lazy-prop': [ '3.0.0', '2.0.0' ],
1499 silly audit   'is-in-ssh': [ '1.0.0' ],
1499 silly audit   'is-inside-container': [ '1.0.0' ],
1499 silly audit   'powershell-utils': [ '0.1.0' ],
1499 silly audit   'wsl-utils': [ '0.3.1' ],
1499 silly audit   'bundle-name': [ '4.1.0' ],
1499 silly audit   'default-browser-id': [ '5.0.1' ],
1499 silly audit   'run-applescript': [ '7.1.0' ],
1499 silly audit   'is-docker': [ '3.0.0', '2.2.1' ],
1499 silly audit   chalk: [ '5.6.2' ],
1499 silly audit   'cli-cursor': [ '5.0.0' ],
1499 silly audit   'cli-spinners': [ '2.9.2' ],
1499 silly audit   'is-interactive': [ '2.0.0' ],
1499 silly audit   'log-symbols': [ '6.0.0' ],
1499 silly audit   'stdin-discarder': [ '0.2.2' ],
1499 silly audit   'string-width': [ '7.2.0' ],
1499 silly audit   'restore-cursor': [ '5.1.0' ],
1499 silly audit   callsites: [ '3.1.0' ],
1499 silly audit   'error-ex': [ '1.3.4' ],
1499 silly audit   'json-parse-even-better-errors': [ '2.3.1' ],
1499 silly audit   'is-arrayish': [ '0.2.1' ],
1499 silly audit   'find-up': [ '3.0.0' ],
1499 silly audit   'locate-path': [ '3.0.0' ],
1499 silly audit   'p-locate': [ '3.0.0' ],
1499 silly audit   'path-exists': [ '3.0.0' ],
1499 silly audit   'p-limit': [ '2.3.0' ],
1499 silly audit   'p-try': [ '2.2.0' ],
1499 silly audit   'parse-ms': [ '4.0.0' ],
1499 silly audit   sisteransi: [ '1.0.5' ],
1499 silly audit   forwarded: [ '0.2.0' ],
1499 silly audit   'ipaddr.js': [ '1.9.1' ],
1499 silly audit   'es-define-property': [ '1.0.1' ],
1499 silly audit   'side-channel': [ '1.1.1' ],
1499 silly audit   unpipe: [ '1.0.0' ],
1499 silly audit   'ast-types': [ '0.16.1' ],
1499 silly audit   esprima: [ '4.0.1' ],
1499 silly audit   'source-map': [ '0.6.1' ],
1499 silly audit   'tiny-invariant': [ '1.3.3' ],
1499 silly audit   'is-promise': [ '4.0.0' ],
1499 silly audit   'path-to-regexp': [ '8.4.2' ],
1499 silly audit   'shebang-regex': [ '3.0.0' ],
1499 silly audit   'object-inspect': [ '1.13.4' ],
1499 silly audit   'side-channel-list': [ '1.0.1' ],
1499 silly audit   'side-channel-map': [ '1.0.1' ],
1499 silly audit   'side-channel-weakmap': [ '1.0.2' ],
1499 silly audit   'call-bound': [ '1.0.4' ],
1499 silly audit   'get-intrinsic': [ '1.3.0' ],
1499 silly audit   'call-bind-apply-helpers': [ '1.0.2' ],
1499 silly audit   'es-object-atoms': [ '1.1.2' ],
1499 silly audit   'get-proto': [ '1.0.1' ],
1499 silly audit   gopd: [ '1.2.0' ],
1499 silly audit   'has-symbols': [ '1.1.0' ],
1499 silly audit   'math-intrinsics': [ '1.1.0' ],
1499 silly audit   'dunder-proto': [ '1.0.1' ],
1499 silly audit   'emoji-regex': [ '10.6.0' ],
1499 silly audit   'get-east-asian-width': [ '1.6.0' ],
1499 silly audit   'get-own-enumerable-keys': [ '1.0.0' ],
1499 silly audit   'is-regexp': [ '3.1.0' ],
1499 silly audit   'ansi-regex': [ '5.0.1', '6.2.2' ],
1499 silly audit   '@ts-morph/common': [ '0.27.0' ],
1499 silly audit   'code-block-writer': [ '13.0.3' ],
1499 silly audit   minimatch: [ '10.2.5' ],
1499 silly audit   'path-browserify': [ '1.0.1' ],
1499 silly audit   'brace-expansion': [ '5.0.8' ],
1499 silly audit   'balanced-match': [ '4.0.4' ],
1499 silly audit   minimist: [ '1.2.8' ],
1499 silly audit   'strip-bom': [ '3.0.0' ],
1499 silly audit   'media-typer': [ '1.1.1' ],
1499 silly audit   isexe: [ '3.1.5', '2.0.0' ],
1499 silly audit   'is-wsl': [ '3.1.1', '2.2.0' ],
1499 silly audit   'merge-stream': [ '2.0.0' ],
1499 silly audit   'mimic-function': [ '5.0.1' ]
1499 silly audit }
1500 http cache isexe@https://registry.npmjs.org/isexe/-/isexe-3.1.5.tgz 0ms (cache hit)
1501 http cache merge-stream@https://registry.npmjs.org/merge-stream/-/merge-stream-2.0.0.tgz 0ms (cache hit)
1502 http cache is-wsl@https://registry.npmjs.org/is-wsl/-/is-wsl-3.1.1.tgz 0ms (cache hit)
1503 http cache mimic-function@https://registry.npmjs.org/mimic-function/-/mimic-function-5.0.1.tgz 0ms (cache hit)
1504 http cache media-typer@https://registry.npmjs.org/media-typer/-/media-typer-1.1.1.tgz 0ms (cache hit)
1505 http cache strip-bom@https://registry.npmjs.org/strip-bom/-/strip-bom-3.0.0.tgz 0ms (cache hit)
1506 http cache minimist@https://registry.npmjs.org/minimist/-/minimist-1.2.8.tgz 0ms (cache hit)
1507 http cache brace-expansion@https://registry.npmjs.org/brace-expansion/-/brace-expansion-5.0.8.tgz 0ms (cache hit)
1508 http cache path-browserify@https://registry.npmjs.org/path-browserify/-/path-browserify-1.0.1.tgz 0ms (cache hit)
1509 http cache balanced-match@https://registry.npmjs.org/balanced-match/-/balanced-match-4.0.4.tgz 0ms (cache hit)
1510 http cache minimatch@https://registry.npmjs.org/minimatch/-/minimatch-10.2.5.tgz 0ms (cache hit)
1511 http cache code-block-writer@https://registry.npmjs.org/code-block-writer/-/code-block-writer-13.0.3.tgz 0ms (cache hit)
1512 http cache @ts-morph/common@https://registry.npmjs.org/@ts-morph/common/-/common-0.27.0.tgz 0ms (cache hit)
1513 http cache ansi-regex@https://registry.npmjs.org/ansi-regex/-/ansi-regex-5.0.1.tgz 0ms (cache hit)
1514 http cache is-regexp@https://registry.npmjs.org/is-regexp/-/is-regexp-3.1.0.tgz 0ms (cache hit)
1515 http cache get-own-enumerable-keys@https://registry.npmjs.org/get-own-enumerable-keys/-/get-own-enumerable-keys-1.0.0.tgz 0ms (cache hit)
1516 http cache dunder-proto@https://registry.npmjs.org/dunder-proto/-/dunder-proto-1.0.1.tgz 0ms (cache hit)
1517 http cache get-east-asian-width@https://registry.npmjs.org/get-east-asian-width/-/get-east-asian-width-1.6.0.tgz 0ms (cache hit)
1518 http cache emoji-regex@https://registry.npmjs.org/emoji-regex/-/emoji-regex-10.6.0.tgz 0ms (cache hit)
1519 http cache has-symbols@https://registry.npmjs.org/has-symbols/-/has-symbols-1.1.0.tgz 0ms (cache hit)
1520 http cache math-intrinsics@https://registry.npmjs.org/math-intrinsics/-/math-intrinsics-1.1.0.tgz 0ms (cache hit)
1521 http cache gopd@https://registry.npmjs.org/gopd/-/gopd-1.2.0.tgz 0ms (cache hit)
1522 http cache call-bind-apply-helpers@https://registry.npmjs.org/call-bind-apply-helpers/-/call-bind-apply-helpers-1.0.2.tgz 0ms (cache hit)
1523 http cache get-proto@https://registry.npmjs.org/get-proto/-/get-proto-1.0.1.tgz 0ms (cache hit)
1524 http cache es-object-atoms@https://registry.npmjs.org/es-object-atoms/-/es-object-atoms-1.1.2.tgz 0ms (cache hit)
1525 http cache side-channel-map@https://registry.npmjs.org/side-channel-map/-/side-channel-map-1.0.1.tgz 0ms (cache hit)
1526 http cache call-bound@https://registry.npmjs.org/call-bound/-/call-bound-1.0.4.tgz 0ms (cache hit)
1527 http cache get-intrinsic@https://registry.npmjs.org/get-intrinsic/-/get-intrinsic-1.3.0.tgz 0ms (cache hit)
1528 http cache side-channel-list@https://registry.npmjs.org/side-channel-list/-/side-channel-list-1.0.1.tgz 0ms (cache hit)
1529 http cache side-channel-weakmap@https://registry.npmjs.org/side-channel-weakmap/-/side-channel-weakmap-1.0.2.tgz 0ms (cache hit)
1530 http cache path-to-regexp@https://registry.npmjs.org/path-to-regexp/-/path-to-regexp-8.4.2.tgz 0ms (cache hit)
1531 http cache object-inspect@https://registry.npmjs.org/object-inspect/-/object-inspect-1.13.4.tgz 0ms (cache hit)
1532 http cache shebang-regex@https://registry.npmjs.org/shebang-regex/-/shebang-regex-3.0.0.tgz 0ms (cache hit)
1533 http cache is-promise@https://registry.npmjs.org/is-promise/-/is-promise-4.0.0.tgz 0ms (cache hit)
1534 http cache source-map@https://registry.npmjs.org/source-map/-/source-map-0.6.1.tgz 0ms (cache hit)
1535 http cache tiny-invariant@https://registry.npmjs.org/tiny-invariant/-/tiny-invariant-1.3.3.tgz 0ms (cache hit)
1536 http cache ast-types@https://registry.npmjs.org/ast-types/-/ast-types-0.16.1.tgz 0ms (cache hit)
1537 http cache es-define-property@https://registry.npmjs.org/es-define-property/-/es-define-property-1.0.1.tgz 0ms (cache hit)
1538 http cache esprima@https://registry.npmjs.org/esprima/-/esprima-4.0.1.tgz 0ms (cache hit)
1539 http cache unpipe@https://registry.npmjs.org/unpipe/-/unpipe-1.0.0.tgz 0ms (cache hit)
1540 http cache side-channel@https://registry.npmjs.org/side-channel/-/side-channel-1.1.1.tgz 0ms (cache hit)
1541 http cache ipaddr.js@https://registry.npmjs.org/ipaddr.js/-/ipaddr.js-1.9.1.tgz 0ms (cache hit)
1542 http cache sisteransi@https://registry.npmjs.org/sisteransi/-/sisteransi-1.0.5.tgz 0ms (cache hit)
1543 http cache forwarded@https://registry.npmjs.org/forwarded/-/forwarded-0.2.0.tgz 0ms (cache hit)
1544 http cache parse-ms@https://registry.npmjs.org/parse-ms/-/parse-ms-4.0.0.tgz 0ms (cache hit)
1545 http cache p-try@https://registry.npmjs.org/p-try/-/p-try-2.2.0.tgz 0ms (cache hit)
1546 http cache p-limit@https://registry.npmjs.org/p-limit/-/p-limit-2.3.0.tgz 0ms (cache hit)
1547 http cache path-exists@https://registry.npmjs.org/path-exists/-/path-exists-3.0.0.tgz 0ms (cache hit)
1548 http cache p-locate@https://registry.npmjs.org/p-locate/-/p-locate-3.0.0.tgz 0ms (cache hit)
1549 http cache find-up@https://registry.npmjs.org/find-up/-/find-up-3.0.0.tgz 0ms (cache hit)
1550 http cache locate-path@https://registry.npmjs.org/locate-path/-/locate-path-3.0.0.tgz 0ms (cache hit)
1551 http cache is-arrayish@https://registry.npmjs.org/is-arrayish/-/is-arrayish-0.2.1.tgz 0ms (cache hit)
1552 http cache json-parse-even-better-errors@https://registry.npmjs.org/json-parse-even-better-errors/-/json-parse-even-better-errors-2.3.1.tgz 0ms (cache hit)
1553 http cache error-ex@https://registry.npmjs.org/error-ex/-/error-ex-1.3.4.tgz 0ms (cache hit)
1554 http cache callsites@https://registry.npmjs.org/callsites/-/callsites-3.1.0.tgz 0ms (cache hit)
1555 http cache string-width@https://registry.npmjs.org/string-width/-/string-width-7.2.0.tgz 0ms (cache hit)
1556 http cache stdin-discarder@https://registry.npmjs.org/stdin-discarder/-/stdin-discarder-0.2.2.tgz 0ms (cache hit)
1557 http cache restore-cursor@https://registry.npmjs.org/restore-cursor/-/restore-cursor-5.1.0.tgz 0ms (cache hit)
1558 http cache is-interactive@https://registry.npmjs.org/is-interactive/-/is-interactive-2.0.0.tgz 0ms (cache hit)
1559 http cache cli-cursor@https://registry.npmjs.org/cli-cursor/-/cli-cursor-5.0.0.tgz 0ms (cache hit)
1560 http cache log-symbols@https://registry.npmjs.org/log-symbols/-/log-symbols-6.0.0.tgz 0ms (cache hit)
1561 http cache cli-spinners@https://registry.npmjs.org/cli-spinners/-/cli-spinners-2.9.2.tgz 0ms (cache hit)
1562 http cache is-docker@https://registry.npmjs.org/is-docker/-/is-docker-3.0.0.tgz 0ms (cache hit)
1563 http cache run-applescript@https://registry.npmjs.org/run-applescript/-/run-applescript-7.1.0.tgz 0ms (cache hit)
1564 http cache chalk@https://registry.npmjs.org/chalk/-/chalk-5.6.2.tgz 0ms (cache hit)
1565 http cache default-browser-id@https://registry.npmjs.org/default-browser-id/-/default-browser-id-5.0.1.tgz 0ms (cache hit)
1566 http cache powershell-utils@https://registry.npmjs.org/powershell-utils/-/powershell-utils-0.1.0.tgz 0ms (cache hit)
1567 http cache wsl-utils@https://registry.npmjs.org/wsl-utils/-/wsl-utils-0.3.1.tgz 0ms (cache hit)
1568 http cache bundle-name@https://registry.npmjs.org/bundle-name/-/bundle-name-4.1.0.tgz 0ms (cache hit)
1569 http cache is-inside-container@https://registry.npmjs.org/is-inside-container/-/is-inside-container-1.0.0.tgz 0ms (cache hit)
1570 http cache define-lazy-prop@https://registry.npmjs.org/define-lazy-prop/-/define-lazy-prop-3.0.0.tgz 0ms (cache hit)
1571 http cache default-browser@https://registry.npmjs.org/default-browser/-/default-browser-5.5.0.tgz 0ms (cache hit)
1572 http cache is-in-ssh@https://registry.npmjs.org/is-in-ssh/-/is-in-ssh-1.0.0.tgz 0ms (cache hit)
1573 http cache ee-first@https://registry.npmjs.org/ee-first/-/ee-first-1.1.1.tgz 0ms (cache hit)
1574 http cache wrappy@https://registry.npmjs.org/wrappy/-/wrappy-1.0.2.tgz 0ms (cache hit)
1575 http cache unicorn-magic@https://registry.npmjs.org/unicorn-magic/-/unicorn-magic-0.3.0.tgz 0ms (cache hit)
1576 http cache mime-db@https://registry.npmjs.org/mime-db/-/mime-db-1.54.0.tgz 0ms (cache hit)
1577 http cache argparse@https://registry.npmjs.org/argparse/-/argparse-2.0.1.tgz 0ms (cache hit)
1578 http cache safer-buffer@https://registry.npmjs.org/safer-buffer/-/safer-buffer-2.1.2.tgz 0ms (cache hit)
1579 http cache parent-module@https://registry.npmjs.org/parent-module/-/parent-module-1.0.1.tgz 0ms (cache hit)
1580 http cache resolve-from@https://registry.npmjs.org/resolve-from/-/resolve-from-4.0.0.tgz 0ms (cache hit)
1581 http cache toidentifier@https://registry.npmjs.org/toidentifier/-/toidentifier-1.0.1.tgz 0ms (cache hit)
1582 http cache @sec-ant/readable-stream@https://registry.npmjs.org/@sec-ant/readable-stream/-/readable-stream-0.4.1.tgz 0ms (cache hit)
1583 http cache inherits@https://registry.npmjs.org/inherits/-/inherits-2.0.4.tgz 0ms (cache hit)
1584 http cache universalify@https://registry.npmjs.org/universalify/-/universalify-2.0.1.tgz 0ms (cache hit)
1585 http cache jsonfile@https://registry.npmjs.org/jsonfile/-/jsonfile-6.2.1.tgz 0ms (cache hit)
1586 http cache setprototypeof@https://registry.npmjs.org/setprototypeof/-/setprototypeof-1.2.0.tgz 0ms (cache hit)
1587 http cache graceful-fs@https://registry.npmjs.org/graceful-fs/-/graceful-fs-4.2.11.tgz 0ms (cache hit)
1588 http cache is-unicode-supported@https://registry.npmjs.org/is-unicode-supported/-/is-unicode-supported-2.1.0.tgz 0ms (cache hit)
1589 http cache ip-address@https://registry.npmjs.org/ip-address/-/ip-address-10.2.0.tgz 0ms (cache hit)
1590 http cache negotiator@https://registry.npmjs.org/negotiator/-/negotiator-1.0.0.tgz 0ms (cache hit)
1591 http cache iconv-lite@https://registry.npmjs.org/iconv-lite/-/iconv-lite-0.7.3.tgz 0ms (cache hit)
1592 http cache bytes@https://registry.npmjs.org/bytes/-/bytes-3.1.2.tgz 0ms (cache hit)
1593 http cache type-is@https://registry.npmjs.org/type-is/-/type-is-2.1.0.tgz 0ms (cache hit)
1594 http cache serve-static@https://registry.npmjs.org/serve-static/-/serve-static-2.2.1.tgz 0ms (cache hit)
1595 http cache router@https://registry.npmjs.org/router/-/router-2.2.0.tgz 0ms (cache hit)
1596 http cache qs@https://registry.npmjs.org/qs/-/qs-6.15.3.tgz 0ms (cache hit)
1597 http cache range-parser@https://registry.npmjs.org/range-parser/-/range-parser-1.3.0.tgz 0ms (cache hit)
1598 http cache send@https://registry.npmjs.org/send/-/send-1.2.1.tgz 0ms (cache hit)
1599 http cache parseurl@https://registry.npmjs.org/parseurl/-/parseurl-1.3.3.tgz 0ms (cache hit)
1600 http cache proxy-addr@https://registry.npmjs.org/proxy-addr/-/proxy-addr-2.0.7.tgz 0ms (cache hit)
1601 http cache on-finished@https://registry.npmjs.org/on-finished/-/on-finished-2.4.1.tgz 0ms (cache hit)
1602 http cache once@https://registry.npmjs.org/once/-/once-1.4.0.tgz 0ms (cache hit)
1603 http cache statuses@https://registry.npmjs.org/statuses/-/statuses-2.0.2.tgz 0ms (cache hit)
1604 http cache merge-descriptors@https://registry.npmjs.org/merge-descriptors/-/merge-descriptors-2.0.0.tgz 0ms (cache hit)
1605 http cache mime-types@https://registry.npmjs.org/mime-types/-/mime-types-3.0.2.tgz 0ms (cache hit)
1606 http cache http-errors@https://registry.npmjs.org/http-errors/-/http-errors-2.0.1.tgz 0ms (cache hit)
1607 http cache escape-html@https://registry.npmjs.org/escape-html/-/escape-html-1.0.3.tgz 0ms (cache hit)
1608 http cache fresh@https://registry.npmjs.org/fresh/-/fresh-2.0.0.tgz 0ms (cache hit)
1609 http cache etag@https://registry.npmjs.org/etag/-/etag-1.8.1.tgz 0ms (cache hit)
1610 http cache finalhandler@https://registry.npmjs.org/finalhandler/-/finalhandler-2.1.1.tgz 0ms (cache hit)
1611 http cache encodeurl@https://registry.npmjs.org/encodeurl/-/encodeurl-2.0.0.tgz 0ms (cache hit)
1612 http cache depd@https://registry.npmjs.org/depd/-/depd-2.0.0.tgz 0ms (cache hit)
1613 http cache cookie-signature@https://registry.npmjs.org/cookie-signature/-/cookie-signature-1.2.2.tgz 0ms (cache hit)
1614 http cache content-disposition@https://registry.npmjs.org/content-disposition/-/content-disposition-1.1.0.tgz 0ms (cache hit)
1615 http cache body-parser@https://registry.npmjs.org/body-parser/-/body-parser-2.3.0.tgz 0ms (cache hit)
1616 http cache yoctocolors@https://registry.npmjs.org/yoctocolors/-/yoctocolors-2.1.2.tgz 0ms (cache hit)
1617 http cache cookie@https://registry.npmjs.org/cookie/-/cookie-0.7.2.tgz 0ms (cache hit)
1618 http cache accepts@https://registry.npmjs.org/accepts/-/accepts-2.0.0.tgz 0ms (cache hit)
1619 http cache strip-final-newline@https://registry.npmjs.org/strip-final-newline/-/strip-final-newline-4.0.0.tgz 0ms (cache hit)
1620 http cache signal-exit@https://registry.npmjs.org/signal-exit/-/signal-exit-4.1.0.tgz 0ms (cache hit)
1621 http cache pretty-ms@https://registry.npmjs.org/pretty-ms/-/pretty-ms-9.3.0.tgz 0ms (cache hit)
1622 http cache npm-run-path@https://registry.npmjs.org/npm-run-path/-/npm-run-path-6.0.0.tgz 0ms (cache hit)
1623 http cache is-stream@https://registry.npmjs.org/is-stream/-/is-stream-4.0.1.tgz 0ms (cache hit)
1624 http cache is-plain-obj@https://registry.npmjs.org/is-plain-obj/-/is-plain-obj-4.1.0.tgz 0ms (cache hit)
1625 http cache human-signals@https://registry.npmjs.org/human-signals/-/human-signals-8.0.1.tgz 0ms (cache hit)
1626 http cache get-stream@https://registry.npmjs.org/get-stream/-/get-stream-9.0.1.tgz 0ms (cache hit)
1627 http cache figures@https://registry.npmjs.org/figures/-/figures-6.1.0.tgz 0ms (cache hit)
1628 http cache @sindresorhus/merge-streams@https://registry.npmjs.org/@sindresorhus/merge-streams/-/merge-streams-4.0.0.tgz 0ms (cache hit)
1629 http cache strip-ansi@https://registry.npmjs.org/strip-ansi/-/strip-ansi-6.0.1.tgz 0ms (cache hit)
1630 http cache ansi-colors@https://registry.npmjs.org/ansi-colors/-/ansi-colors-4.1.3.tgz 0ms (cache hit)
1631 http cache mimic-fn@https://registry.npmjs.org/mimic-fn/-/mimic-fn-3.1.0.tgz 0ms (cache hit)
1632 http cache shebang-command@https://registry.npmjs.org/shebang-command/-/shebang-command-2.0.0.tgz 0ms (cache hit)
1633 http cache is-obj@https://registry.npmjs.org/is-obj/-/is-obj-2.0.0.tgz 0ms (cache hit)
1634 http cache path-key@https://registry.npmjs.org/path-key/-/path-key-3.1.1.tgz 0ms (cache hit)
1635 http cache js-yaml@https://registry.npmjs.org/js-yaml/-/js-yaml-4.3.0.tgz 0ms (cache hit)
1636 http cache parse-json@https://registry.npmjs.org/parse-json/-/parse-json-5.2.0.tgz 0ms (cache hit)
1637 http cache vary@https://registry.npmjs.org/vary/-/vary-1.1.2.tgz 0ms (cache hit)
1638 http cache import-fresh@https://registry.npmjs.org/import-fresh/-/import-fresh-3.3.1.tgz 0ms (cache hit)
1639 http cache pkg-up@https://registry.npmjs.org/pkg-up/-/pkg-up-3.1.0.tgz 0ms (cache hit)
1640 http cache onetime@https://registry.npmjs.org/onetime/-/onetime-5.1.2.tgz 0ms (cache hit)
1641 http cache dot-prop@https://registry.npmjs.org/dot-prop/-/dot-prop-6.0.1.tgz 0ms (cache hit)
1642 http cache debounce-fn@https://registry.npmjs.org/debounce-fn/-/debounce-fn-4.0.0.tgz 0ms (cache hit)
1643 http cache atomically@https://registry.npmjs.org/atomically/-/atomically-1.7.0.tgz 0ms (cache hit)
1644 http cache require-from-string@https://registry.npmjs.org/require-from-string/-/require-from-string-2.0.2.tgz 0ms (cache hit)
1645 http cache json-schema-traverse@https://registry.npmjs.org/json-schema-traverse/-/json-schema-traverse-1.0.0.tgz 0ms (cache hit)
1646 http cache fast-uri@https://registry.npmjs.org/fast-uri/-/fast-uri-3.1.4.tgz 0ms (cache hit)
1647 http cache fast-deep-equal@https://registry.npmjs.org/fast-deep-equal/-/fast-deep-equal-3.1.3.tgz 0ms (cache hit)
1648 http cache json-schema-typed@https://registry.npmjs.org/json-schema-typed/-/json-schema-typed-8.0.2.tgz 0ms (cache hit)
1649 http cache jose@https://registry.npmjs.org/jose/-/jose-6.2.4.tgz 0ms (cache hit)
1650 http cache raw-body@https://registry.npmjs.org/raw-body/-/raw-body-3.0.2.tgz 0ms (cache hit)
1651 http cache express@https://registry.npmjs.org/express/-/express-5.2.1.tgz 0ms (cache hit)
1652 http cache pkce-challenge@https://registry.npmjs.org/pkce-challenge/-/pkce-challenge-5.0.1.tgz 0ms (cache hit)
1653 http cache express-rate-limit@https://registry.npmjs.org/express-rate-limit/-/express-rate-limit-8.6.0.tgz 0ms (cache hit)
1654 http cache eventsource@https://registry.npmjs.org/eventsource/-/eventsource-3.0.7.tgz 0ms (cache hit)
1655 http cache eventsource-parser@https://registry.npmjs.org/eventsource-parser/-/eventsource-parser-3.1.0.tgz 0ms (cache hit)
1656 http cache cross-spawn@https://registry.npmjs.org/cross-spawn/-/cross-spawn-7.0.6.tgz 0ms (cache hit)
1657 http cache cors@https://registry.npmjs.org/cors/-/cors-2.8.6.tgz 0ms (cache hit)
1658 http cache ajv-formats@https://registry.npmjs.org/ajv-formats/-/ajv-formats-3.0.1.tgz 0ms (cache hit)
1659 http cache ajv@https://registry.npmjs.org/ajv/-/ajv-8.20.0.tgz 0ms (cache hit)
1660 http cache content-type@https://registry.npmjs.org/content-type/-/content-type-1.0.5.tgz 0ms (cache hit)
1661 http cache @hono/node-server@https://registry.npmjs.org/@hono/node-server/-/node-server-1.19.15.tgz 0ms (cache hit)
1662 http cache which@https://registry.npmjs.org/which/-/which-4.0.0.tgz 0ms (cache hit)
1663 http cache yocto-spinner@https://registry.npmjs.org/yocto-spinner/-/yocto-spinner-1.2.2.tgz 0ms (cache hit)
1664 http cache systeminformation@https://registry.npmjs.org/systeminformation/-/systeminformation-5.33.1.tgz 0ms (cache hit)
1665 http cache hono@https://registry.npmjs.org/hono/-/hono-4.12.32.tgz 0ms (cache hit)
1666 http cache object-treeify@https://registry.npmjs.org/object-treeify/-/object-treeify-1.1.33.tgz 0ms (cache hit)
1667 http cache ignore@https://registry.npmjs.org/ignore/-/ignore-5.3.2.tgz 0ms (cache hit)
1668 http cache enquirer@https://registry.npmjs.org/enquirer/-/enquirer-2.4.1.tgz 0ms (cache hit)
1669 http cache env-paths@https://registry.npmjs.org/env-paths/-/env-paths-2.2.1.tgz 0ms (cache hit)
1670 http cache dotenv@https://registry.npmjs.org/dotenv/-/dotenv-17.4.2.tgz 0ms (cache hit)
1671 http cache @babel/plugin-syntax-jsx@https://registry.npmjs.org/@babel/plugin-syntax-jsx/-/plugin-syntax-jsx-7.29.7.tgz 0ms (cache hit)
1672 http cache conf@https://registry.npmjs.org/conf/-/conf-10.2.0.tgz 0ms (cache hit)
1673 http cache @dotenvx/primitives@https://registry.npmjs.org/@dotenvx/primitives/-/primitives-0.8.0.tgz 0ms (cache hit)
1674 http cache @babel/plugin-transform-modules-commonjs@https://registry.npmjs.org/@babel/plugin-transform-modules-commonjs/-/plugin-transform-modules-commonjs-7.29.7.tgz 0ms (cache hit)
1675 http cache @babel/plugin-syntax-typescript@https://registry.npmjs.org/@babel/plugin-syntax-typescript/-/plugin-syntax-typescript-7.29.7.tgz 0ms (cache hit)
1676 http cache @babel/helper-member-expression-to-functions@https://registry.npmjs.org/@babel/helper-member-expression-to-functions/-/helper-member-expression-to-functions-7.29.7.tgz 0ms (cache hit)
1677 http cache @babel/helper-replace-supers@https://registry.npmjs.org/@babel/helper-replace-supers/-/helper-replace-supers-7.29.7.tgz 0ms (cache hit)
1678 http cache @babel/helper-optimise-call-expression@https://registry.npmjs.org/@babel/helper-optimise-call-expression/-/helper-optimise-call-expression-7.29.7.tgz 0ms (cache hit)
1679 http cache @babel/helper-create-class-features-plugin@https://registry.npmjs.org/@babel/helper-create-class-features-plugin/-/helper-create-class-features-plugin-7.29.7.tgz 0ms (cache hit)
1680 http cache @babel/helper-skip-transparent-expression-wrappers@https://registry.npmjs.org/@babel/helper-skip-transparent-expression-wrappers/-/helper-skip-transparent-expression-wrappers-7.29.7.tgz 0ms (cache hit)
1681 http cache @babel/helper-annotate-as-pure@https://registry.npmjs.org/@babel/helper-annotate-as-pure/-/helper-annotate-as-pure-7.29.7.tgz 0ms (cache hit)
1682 http cache zod-to-json-schema@https://registry.npmjs.org/zod-to-json-schema/-/zod-to-json-schema-3.25.2.tgz 0ms (cache hit)
1683 http cache zod@https://registry.npmjs.org/zod/-/zod-3.25.76.tgz 0ms (cache hit)
1684 http cache validate-npm-package-name@https://registry.npmjs.org/validate-npm-package-name/-/validate-npm-package-name-7.0.2.tgz 0ms (cache hit)
1685 http cache undici@https://registry.npmjs.org/undici/-/undici-7.28.0.tgz 0ms (cache hit)
1686 http cache ts-morph@https://registry.npmjs.org/ts-morph/-/ts-morph-26.0.0.tgz 1ms (cache hit)
1687 http cache tsconfig-paths@https://registry.npmjs.org/tsconfig-paths/-/tsconfig-paths-4.2.0.tgz 0ms (cache hit)
1688 http cache recast@https://registry.npmjs.org/recast/-/recast-0.23.12.tgz 0ms (cache hit)
1689 http cache stringify-object@https://registry.npmjs.org/stringify-object/-/stringify-object-5.0.0.tgz 0ms (cache hit)
1690 http cache prompts@https://registry.npmjs.org/prompts/-/prompts-2.4.2.tgz 0ms (cache hit)
1691 http cache ora@https://registry.npmjs.org/ora/-/ora-8.2.0.tgz 0ms (cache hit)
1692 http cache execa@https://registry.npmjs.org/execa/-/execa-9.6.1.tgz 0ms (cache hit)
1693 http cache fuzzysort@https://registry.npmjs.org/fuzzysort/-/fuzzysort-3.1.0.tgz 0ms (cache hit)
1694 http cache kleur@https://registry.npmjs.org/kleur/-/kleur-4.1.5.tgz 0ms (cache hit)
1695 http cache open@https://registry.npmjs.org/open/-/open-11.0.0.tgz 0ms (cache hit)
1696 http cache deepmerge@https://registry.npmjs.org/deepmerge/-/deepmerge-4.3.1.tgz 0ms (cache hit)
1697 http cache fs-extra@https://registry.npmjs.org/fs-extra/-/fs-extra-11.4.0.tgz 0ms (cache hit)
1698 http cache diff@https://registry.npmjs.org/diff/-/diff-8.0.4.tgz 0ms (cache hit)
1699 http cache dedent@https://registry.npmjs.org/dedent/-/dedent-1.7.2.tgz 0ms (cache hit)
1700 http cache @modelcontextprotocol/sdk@https://registry.npmjs.org/@modelcontextprotocol/sdk/-/sdk-1.29.0.tgz 0ms (cache hit)
1701 http cache @types/validate-npm-package-name@https://registry.npmjs.org/@types/validate-npm-package-name/-/validate-npm-package-name-4.0.2.tgz 0ms (cache hit)
1702 http cache cosmiconfig@https://registry.npmjs.org/cosmiconfig/-/cosmiconfig-9.0.2.tgz 0ms (cache hit)
1703 http cache @babel/plugin-transform-typescript@https://registry.npmjs.org/@babel/plugin-transform-typescript/-/plugin-transform-typescript-7.29.7.tgz 0ms (cache hit)
1704 http cache @dotenvx/dotenvx@https://registry.npmjs.org/@dotenvx/dotenvx/-/dotenvx-1.75.1.tgz 0ms (cache hit)
1705 http cache @babel/preset-typescript@https://registry.npmjs.org/@babel/preset-typescript/-/preset-typescript-7.29.7.tgz 0ms (cache hit)
1706 http cache @floating-ui/core@https://registry.npmjs.org/@floating-ui/core/-/core-1.8.0.tgz 0ms (cache hit)
1707 http cache @floating-ui/dom@https://registry.npmjs.org/@floating-ui/dom/-/dom-1.8.0.tgz 0ms (cache hit)
1708 http cache reselect@https://registry.npmjs.org/reselect/-/reselect-5.2.0.tgz 0ms (cache hit)
1709 http cache use-sync-external-store@https://registry.npmjs.org/use-sync-external-store/-/use-sync-external-store-1.6.0.tgz 0ms (cache hit)
1710 http cache @floating-ui/utils@https://registry.npmjs.org/@floating-ui/utils/-/utils-0.2.12.tgz 0ms (cache hit)
1711 http cache @base-ui/utils@https://registry.npmjs.org/@base-ui/utils/-/utils-0.3.1.tgz 0ms (cache hit)
1712 http cache @babel/runtime@https://registry.npmjs.org/@babel/runtime/-/runtime-7.29.7.tgz 0ms (cache hit)
1713 http cache @floating-ui/react-dom@https://registry.npmjs.org/@floating-ui/react-dom/-/react-dom-2.1.9.tgz 0ms (cache hit)
1714 http cache motion@https://registry.npmjs.org/motion/-/motion-12.42.2.tgz 0ms (cache hit)
1715 http cache tw-animate-css@https://registry.npmjs.org/tw-animate-css/-/tw-animate-css-1.4.0.tgz 0ms (cache hit)
1716 http cache tailwind-merge@https://registry.npmjs.org/tailwind-merge/-/tailwind-merge-3.6.0.tgz 0ms (cache hit)
1717 http cache shadcn@https://registry.npmjs.org/shadcn/-/shadcn-4.14.1.tgz 0ms (cache hit)
1718 http cache lucide-react@https://registry.npmjs.org/lucide-react/-/lucide-react-1.26.0.tgz 0ms (cache hit)
1719 http cache class-variance-authority@https://registry.npmjs.org/class-variance-authority/-/class-variance-authority-0.7.1.tgz 0ms (cache hit)
1720 http cache @fontsource-variable/geist@https://registry.npmjs.org/@fontsource-variable/geist/-/geist-5.3.0.tgz 0ms (cache hit)
1721 http cache clsx@https://registry.npmjs.org/clsx/-/clsx-2.1.1.tgz 0ms (cache hit)
1722 http cache motion-utils@https://registry.npmjs.org/motion-utils/-/motion-utils-12.39.0.tgz 0ms (cache hit)
1723 http cache motion-dom@https://registry.npmjs.org/motion-dom/-/motion-dom-12.42.2.tgz 0ms (cache hit)
1724 http cache @base-ui/react@https://registry.npmjs.org/@base-ui/react/-/react-1.6.0.tgz 0ms (cache hit)
1725 http cache debug@https://registry.npmjs.org/debug/-/debug-4.4.3.tgz 0ms (cache hit)
1726 http cache @babel/types@https://registry.npmjs.org/@babel/types/-/types-7.29.7.tgz 0ms (cache hit)
1727 http cache framer-motion@https://registry.npmjs.org/framer-motion/-/framer-motion-12.42.2.tgz 0ms (cache hit)
1728 http cache @babel/traverse@https://registry.npmjs.org/@babel/traverse/-/traverse-7.29.7.tgz 0ms (cache hit)
1729 http cache @babel/template@https://registry.npmjs.org/@babel/template/-/template-7.29.7.tgz 0ms (cache hit)
1730 http cache @babel/parser@https://registry.npmjs.org/@babel/parser/-/parser-7.29.7.tgz 0ms (cache hit)
1731 http cache @babel/helper-validator-option@https://registry.npmjs.org/@babel/helper-validator-option/-/helper-validator-option-7.29.7.tgz 0ms (cache hit)
1732 http cache @babel/helper-validator-identifier@https://registry.npmjs.org/@babel/helper-validator-identifier/-/helper-validator-identifier-7.29.7.tgz 0ms (cache hit)
1733 http cache @babel/helper-string-parser@https://registry.npmjs.org/@babel/helper-string-parser/-/helper-string-parser-7.29.7.tgz 0ms (cache hit)
1734 http cache @babel/helper-module-transforms@https://registry.npmjs.org/@babel/helper-module-transforms/-/helper-module-transforms-7.29.7.tgz 0ms (cache hit)
1735 http cache @babel/helper-module-imports@https://registry.npmjs.org/@babel/helper-module-imports/-/helper-module-imports-7.29.7.tgz 0ms (cache hit)
1736 http cache @babel/helper-globals@https://registry.npmjs.org/@babel/helper-globals/-/helper-globals-7.29.7.tgz 0ms (cache hit)
1737 http cache @babel/helper-plugin-utils@https://registry.npmjs.org/@babel/helper-plugin-utils/-/helper-plugin-utils-7.29.7.tgz 0ms (cache hit)
1738 http cache @babel/generator@https://registry.npmjs.org/@babel/generator/-/generator-7.29.7.tgz 0ms (cache hit)
1739 http cache onetime@https://registry.npmjs.org/onetime/-/onetime-7.0.0.tgz 0ms (cache hit)
1740 http cache @babel/code-frame@https://registry.npmjs.org/@babel/code-frame/-/code-frame-7.29.7.tgz 0ms (cache hit)
1741 http cache content-type@https://registry.npmjs.org/content-type/-/content-type-2.0.0.tgz 0ms (cache hit)
1742 http cache ansi-regex@https://registry.npmjs.org/ansi-regex/-/ansi-regex-6.2.2.tgz 0ms (cache hit)
1743 http cache path-key@https://registry.npmjs.org/path-key/-/path-key-4.0.0.tgz 0ms (cache hit)
1744 http cache content-type@https://registry.npmjs.org/content-type/-/content-type-2.0.0.tgz 0ms (cache hit)
1745 http cache mimic-fn@https://registry.npmjs.org/mimic-fn/-/mimic-fn-2.1.0.tgz 0ms (cache hit)
1746 http cache isexe@https://registry.npmjs.org/isexe/-/isexe-2.0.0.tgz 0ms (cache hit)
1747 http cache strip-ansi@https://registry.npmjs.org/strip-ansi/-/strip-ansi-7.2.0.tgz 0ms (cache hit)
1748 http cache is-unicode-supported@https://registry.npmjs.org/is-unicode-supported/-/is-unicode-supported-1.3.0.tgz 0ms (cache hit)
1749 http cache which@https://registry.npmjs.org/which/-/which-2.0.2.tgz 0ms (cache hit)
1750 http cache is-obj@https://registry.npmjs.org/is-obj/-/is-obj-3.0.0.tgz 0ms (cache hit)
1751 http cache kleur@https://registry.npmjs.org/kleur/-/kleur-3.0.3.tgz 0ms (cache hit)
1752 http cache strip-ansi@https://registry.npmjs.org/strip-ansi/-/strip-ansi-7.2.0.tgz 0ms (cache hit)
1753 http cache is-wsl@https://registry.npmjs.org/is-wsl/-/is-wsl-2.2.0.tgz 0ms (cache hit)
1754 http cache json-schema-typed@https://registry.npmjs.org/json-schema-typed/-/json-schema-typed-7.0.3.tgz 0ms (cache hit)
1755 http cache semver@https://registry.npmjs.org/semver/-/semver-7.8.5.tgz 0ms (cache hit)
1756 http cache ajv-formats@https://registry.npmjs.org/ajv-formats/-/ajv-formats-2.1.1.tgz 0ms (cache hit)
1757 http cache strip-final-newline@https://registry.npmjs.org/strip-final-newline/-/strip-final-newline-2.0.0.tgz 0ms (cache hit)
1758 http cache ansi-regex@https://registry.npmjs.org/ansi-regex/-/ansi-regex-6.2.2.tgz 0ms (cache hit)
1759 http cache is-docker@https://registry.npmjs.org/is-docker/-/is-docker-2.2.1.tgz 0ms (cache hit)
1760 http cache signal-exit@https://registry.npmjs.org/signal-exit/-/signal-exit-3.0.7.tgz 0ms (cache hit)
1761 http cache define-lazy-prop@https://registry.npmjs.org/define-lazy-prop/-/define-lazy-prop-2.0.0.tgz 0ms (cache hit)
1762 http cache npm-run-path@https://registry.npmjs.org/npm-run-path/-/npm-run-path-4.0.1.tgz 0ms (cache hit)
1763 http cache get-stream@https://registry.npmjs.org/get-stream/-/get-stream-6.0.1.tgz 0ms (cache hit)
1764 http cache is-stream@https://registry.npmjs.org/is-stream/-/is-stream-2.0.1.tgz 0ms (cache hit)
1765 http cache human-signals@https://registry.npmjs.org/human-signals/-/human-signals-2.1.0.tgz 0ms (cache hit)
1766 http cache open@https://registry.npmjs.org/open/-/open-8.4.2.tgz 0ms (cache hit)
1767 http cache picomatch@https://registry.npmjs.org/picomatch/-/picomatch-4.0.5.tgz 0ms (cache hit)
1768 http cache fdir@https://registry.npmjs.org/fdir/-/fdir-6.5.0.tgz 0ms (cache hit)
1769 http cache commander@https://registry.npmjs.org/commander/-/commander-11.1.0.tgz 0ms (cache hit)
1770 http cache commander@https://registry.npmjs.org/commander/-/commander-14.0.3.tgz 0ms (cache hit)
1771 http cache execa@https://registry.npmjs.org/execa/-/execa-5.1.1.tgz 0ms (cache hit)
1772 http cache postcss-selector-parser@https://registry.npmjs.org/postcss-selector-parser/-/postcss-selector-parser-7.1.4.tgz 0ms (cache hit)
1773 silly tarball no local data for hono@https://registry.npmjs.org/hono/-/hono-4.12.32.tgz. Extracting by manifest.
1774 silly tarball no local data for @floating-ui/core@https://registry.npmjs.org/@floating-ui/core/-/core-1.8.0.tgz. Extracting by manifest.
1775 silly tarball no local data for @floating-ui/dom@https://registry.npmjs.org/@floating-ui/dom/-/dom-1.8.0.tgz. Extracting by manifest.
1776 silly tarball no local data for reselect@https://registry.npmjs.org/reselect/-/reselect-5.2.0.tgz. Extracting by manifest.
1777 silly tarball no local data for use-sync-external-store@https://registry.npmjs.org/use-sync-external-store/-/use-sync-external-store-1.6.0.tgz. Extracting by manifest.
1778 silly tarball no local data for @floating-ui/utils@https://registry.npmjs.org/@floating-ui/utils/-/utils-0.2.12.tgz. Extracting by manifest.
1779 silly tarball no local data for @base-ui/utils@https://registry.npmjs.org/@base-ui/utils/-/utils-0.3.1.tgz. Extracting by manifest.
1780 silly tarball no local data for @babel/runtime@https://registry.npmjs.org/@babel/runtime/-/runtime-7.29.7.tgz. Extracting by manifest.
1781 silly tarball no local data for @floating-ui/react-dom@https://registry.npmjs.org/@floating-ui/react-dom/-/react-dom-2.1.9.tgz. Extracting by manifest.
1782 silly tarball no local data for motion@https://registry.npmjs.org/motion/-/motion-12.42.2.tgz. Extracting by manifest.
1783 silly tarball no local data for tw-animate-css@https://registry.npmjs.org/tw-animate-css/-/tw-animate-css-1.4.0.tgz. Extracting by manifest.
1784 silly tarball no local data for lucide-react@https://registry.npmjs.org/lucide-react/-/lucide-react-1.26.0.tgz. Extracting by manifest.
1785 silly tarball no local data for class-variance-authority@https://registry.npmjs.org/class-variance-authority/-/class-variance-authority-0.7.1.tgz. Extracting by manifest.
1786 silly tarball no local data for @fontsource-variable/geist@https://registry.npmjs.org/@fontsource-variable/geist/-/geist-5.3.0.tgz. Extracting by manifest.
1787 silly tarball no local data for clsx@https://registry.npmjs.org/clsx/-/clsx-2.1.1.tgz. Extracting by manifest.
1788 silly tarball no local data for motion-utils@https://registry.npmjs.org/motion-utils/-/motion-utils-12.39.0.tgz. Extracting by manifest.
1789 silly tarball no local data for motion-dom@https://registry.npmjs.org/motion-dom/-/motion-dom-12.42.2.tgz. Extracting by manifest.
1790 silly tarball no local data for @base-ui/react@https://registry.npmjs.org/@base-ui/react/-/react-1.6.0.tgz. Extracting by manifest.
1791 silly tarball no local data for framer-motion@https://registry.npmjs.org/framer-motion/-/framer-motion-12.42.2.tgz. Extracting by manifest.
1792 http fetch POST 200 https://registry.npmjs.org/-/npm/v1/security/advisories/bulk 680ms
1793 silly audit report {
1793 silly audit report   '@babel/core': [
1793 silly audit report     {
1793 silly audit report       id: 1123528,
1793 silly audit report       url: 'https://github.com/advisories/GHSA-4x5r-pxfx-6jf8',
1793 silly audit report       title: '@babel/core: Arbitrary File Read via sourceMappingURL Comment',
1793 silly audit report       severity: 'low',
1793 silly audit report       vulnerable_versions: '<=7.29.0',
1793 silly audit report       cwe: [Array],
1793 silly audit report       cvss: [Object]
1793 silly audit report     }
1793 silly audit report   ],
1793 silly audit report   esbuild: [
1793 silly audit report     {
1793 silly audit report       id: 1102341,
1793 silly audit report       url: 'https://github.com/advisories/GHSA-67mh-4wv8-2f99',
1793 silly audit report       title: 'esbuild enables any website to send any requests to the development server and read the response',
1793 silly audit report       severity: 'moderate',
1793 silly audit report       vulnerable_versions: '<=0.24.2',
1793 silly audit report       cwe: [Array],
1793 silly audit report       cvss: [Object]
1793 silly audit report     }
1793 silly audit report   ],
1793 silly audit report   postcss: [
1793 silly audit report     {
1793 silly audit report       id: 1117015,
1793 silly audit report       url: 'https://github.com/advisories/GHSA-qx2v-qp2m-jg93',
1793 silly audit report       title: 'PostCSS has XSS via Unescaped </style> in its CSS Stringify Output',
1793 silly audit report       severity: 'moderate',
1793 silly audit report       vulnerable_versions: '<8.5.10',
1793 silly audit report       cwe: [Array],
1793 silly audit report       cvss: [Object]
1793 silly audit report     },
1793 silly audit report     {
1793 silly audit report       id: 1124252,
1793 silly audit report       url: 'https://github.com/advisories/GHSA-6g55-p6wh-862q',
1793 silly audit report       title: 'PostCSS: Arbitrary file read and information disclosure via attacker-controlled sourceMappingURL in CSS comments',
1793 silly audit report       severity: 'high',
1793 silly audit report       vulnerable_versions: '<=8.5.11',
1793 silly audit report       cwe: [Array],
1793 silly audit report       cvss: [Object]
1793 silly audit report     }
1793 silly audit report   ],
1793 silly audit report   rollup: [
1793 silly audit report     {
1793 silly audit report       id: 1113516,
1793 silly audit report       url: 'https://github.com/advisories/GHSA-mw96-cpmx-2vgc',
1793 silly audit report       title: 'Rollup 4 has Arbitrary File Write via Path Traversal',
1793 silly audit report       severity: 'high',
1793 silly audit report       vulnerable_versions: '>=3.0.0 <3.30.0',
1793 silly audit report       cwe: [Array],
1793 silly audit report       cvss: [Object]
1793 silly audit report     }
1793 silly audit report   ],
1793 silly audit report   vite: [
1793 silly audit report     {
1793 silly audit report       id: 1107323,
1793 silly audit report       url: 'https://github.com/advisories/GHSA-g4jq-h2w9-997c',
1793 silly audit report       title: 'Vite middleware may serve files starting with the same name with the public directory',
1793 silly audit report       severity: 'low',
1793 silly audit report       vulnerable_versions: '<=5.4.19',
1793 silly audit report       cwe: [Array],
1793 silly audit report       cvss: [Object]
1793 silly audit report     },
1793 silly audit report     {
1793 silly audit report       id: 1107327,
1793 silly audit report       url: 'https://github.com/advisories/GHSA-jqfw-vq24-v9c3',
1793 silly audit report       title: "Vite's `server.fs` settings were not applied to HTML files",
1793 silly audit report       severity: 'low',
1793 silly audit report       vulnerable_versions: '<=5.4.19',
1793 silly audit report       cwe: [Array],
1793 silly audit report       cvss: [Object]
1793 silly audit report     },
1793 silly audit report     {
1793 silly audit report       id: 1109132,
1793 silly audit report       url: 'https://github.com/advisories/GHSA-93m4-6634-74q7',
1793 silly audit report       title: 'vite allows server.fs.deny bypass via backslash on Windows',
1793 silly audit report       severity: 'moderate',
1793 silly audit report       vulnerable_versions: '>=4.5.3 <5.0.0',
1793 silly audit report       cwe: [Array],
1793 silly audit report       cvss: [Object]
1793 silly audit report     },
1793 silly audit report     {
1793 silly audit report       id: 1120061,
1793 silly audit report       url: 'https://github.com/advisories/GHSA-c27g-q93r-2cwf',
1793 silly audit report       title: 'launch-editor vulnerable to command injection via the crafted request on Windows',
1793 silly audit report       severity: 'high',
1793 silly audit report       vulnerable_versions: '<=5.4.8',
1793 silly audit report       cwe: [Array],
1793 silly audit report       cvss: [Object]
1793 silly audit report     },
1793 silly audit report     {
1793 silly audit report       id: 1120784,
1793 silly audit report       url: 'https://github.com/advisories/GHSA-v6wh-96g9-6wx3',
1793 silly audit report       title: 'launch-editor: NTLMv2 hash disclosure via UNC path handling on Windows',
1793 silly audit report       severity: 'moderate',
1793 silly audit report       vulnerable_versions: '<=6.4.2',
1793 silly audit report       cwe: [Array],
1793 silly audit report       cvss: [Object]
1793 silly audit report     },
1793 silly audit report     {
1793 silly audit report       id: 1116229,
1793 silly audit report       url: 'https://github.com/advisories/GHSA-4w7w-66w2-5vf9',
1793 silly audit report       title: 'Vite Vulnerable to Path Traversal in Optimized Deps `.map` Handling',
1793 silly audit report       severity: 'moderate',
1793 silly audit report       vulnerable_versions: '<=6.4.1',
1793 silly audit report       cwe: [Array],
1793 silly audit report       cvss: [Object]
1793 silly audit report     },
1793 silly audit report     {
1793 silly audit report       id: 1123525,
1793 silly audit report       url: 'https://github.com/advisories/GHSA-fx2h-pf6j-xcff',
1793 silly audit report       title: 'vite: `server.fs.deny` bypass on Windows alternate paths',
1793 silly audit report       severity: 'high',
1793 silly audit report       vulnerable_versions: '<=6.4.2',
1793 silly audit report       cwe: [Array],
1793 silly audit report       cvss: [Object]
1793 silly audit report     }
1793 silly audit report   ],
1793 silly audit report   '@hono/node-server': [
1793 silly audit report     {
1793 silly audit report       id: 1124006,
1793 silly audit report       url: 'https://github.com/advisories/GHSA-frvp-7c67-39w9',
1793 silly audit report       title: 'Node.js Adapter for Hono: Path traversal in `serve-static` on Windows via encoded backslash (`%5C`)',
1793 silly audit report       severity: 'moderate',
1793 silly audit report       vulnerable_versions: '<2.0.5',
1793 silly audit report       cwe: [Array],
1793 silly audit report       cvss: [Object]
1793 silly audit report     }
1793 silly audit report   ]
1793 silly audit report }
1794 silly packumentCache corgi:https://registry.npmjs.org/@babel%2fcore cache-miss
1795 silly packumentCache corgi:https://registry.npmjs.org/esbuild cache-miss
1796 silly packumentCache corgi:https://registry.npmjs.org/postcss cache-miss
1797 silly packumentCache corgi:https://registry.npmjs.org/rollup cache-miss
1798 silly packumentCache corgi:https://registry.npmjs.org/vite cache-miss
1799 silly packumentCache corgi:https://registry.npmjs.org/@hono%2fnode-server cache-miss
1800 http fetch GET 200 https://registry.npmjs.org/tw-animate-css/-/tw-animate-css-1.4.0.tgz 759ms (cache miss)
1801 http fetch GET 200 https://registry.npmjs.org/clsx/-/clsx-2.1.1.tgz 852ms (cache miss)
1802 http fetch GET 200 https://registry.npmjs.org/@hono%2fnode-server 574ms (cache revalidated)
1803 silly packumentCache corgi:https://registry.npmjs.org/@hono%2fnode-server set size:98366 disposed:false
1804 http fetch GET 200 https://registry.npmjs.org/@floating-ui/react-dom/-/react-dom-2.1.9.tgz 1215ms (cache miss)
1805 http fetch GET 200 https://registry.npmjs.org/class-variance-authority/-/class-variance-authority-0.7.1.tgz 1275ms (cache miss)
1806 http fetch GET 200 https://registry.npmjs.org/@floating-ui/dom/-/dom-1.8.0.tgz 1343ms (cache miss)
1807 http fetch GET 200 https://registry.npmjs.org/@floating-ui/core/-/core-1.8.0.tgz 1376ms (cache miss)
1808 http fetch GET 200 https://registry.npmjs.org/postcss 877ms (cache miss)
1809 silly packumentCache corgi:https://registry.npmjs.org/postcss set size:undefined disposed:false
1810 http fetch GET 200 https://registry.npmjs.org/esbuild 898ms (cache miss)
1811 silly packumentCache corgi:https://registry.npmjs.org/esbuild set size:undefined disposed:false
1812 http fetch GET 200 https://registry.npmjs.org/@babel%2fcore 938ms (cache miss)
1813 silly packumentCache corgi:https://registry.npmjs.org/@babel%2fcore set size:undefined disposed:false
1814 http fetch GET 200 https://registry.npmjs.org/use-sync-external-store/-/use-sync-external-store-1.6.0.tgz 1505ms (cache miss)
1815 http fetch GET 200 https://registry.npmjs.org/@floating-ui/utils/-/utils-0.2.12.tgz 1535ms (cache miss)
1816 http fetch GET 200 https://registry.npmjs.org/@fontsource-variable/geist/-/geist-5.3.0.tgz 1592ms (cache miss)
1817 http fetch GET 200 https://registry.npmjs.org/vite 1228ms (cache miss)
1818 silly packumentCache corgi:https://registry.npmjs.org/vite set size:undefined disposed:false
1819 http fetch GET 200 https://registry.npmjs.org/rollup 1444ms (cache miss)
1820 silly packumentCache corgi:https://registry.npmjs.org/rollup set size:undefined disposed:false
1821 silly packumentCache corgi:https://registry.npmjs.org/@babel%2fplugin-transform-react-jsx-self cache-miss
1822 silly packumentCache corgi:https://registry.npmjs.org/@babel%2fplugin-transform-react-jsx-source cache-miss
1823 silly packumentCache corgi:https://registry.npmjs.org/@vitejs%2fplugin-react cache-miss
1824 silly packumentCache corgi:https://registry.npmjs.org/shadcn cache-hit
1825 silly packumentCache corgi:https://registry.npmjs.org/@babel%2fplugin-transform-typescript cache-miss
1826 silly packumentCache corgi:https://registry.npmjs.org/@babel%2fpreset-typescript cache-miss
1827 silly packumentCache corgi:https://registry.npmjs.org/@babel%2fhelper-create-class-features-plugin cache-miss
1828 silly packumentCache corgi:https://registry.npmjs.org/@babel%2fplugin-syntax-typescript cache-miss
1829 silly packumentCache corgi:https://registry.npmjs.org/@babel%2fhelper-replace-supers cache-miss
1830 silly packumentCache corgi:https://registry.npmjs.org/@babel%2fplugin-syntax-jsx cache-miss
1831 silly packumentCache corgi:https://registry.npmjs.org/@babel%2fplugin-transform-modules-commonjs cache-miss
1832 silly packumentCache corgi:https://registry.npmjs.org/@babel%2fhelper-module-transforms cache-miss
1833 http fetch GET 200 https://registry.npmjs.org/@babel%2fplugin-transform-react-jsx-self 128ms (cache miss)
1834 silly packumentCache corgi:https://registry.npmjs.org/@babel%2fplugin-transform-react-jsx-self set size:undefined disposed:false
1835 http fetch GET 200 https://registry.npmjs.org/@babel%2fplugin-transform-react-jsx-source 182ms (cache miss)
1836 silly packumentCache corgi:https://registry.npmjs.org/@babel%2fplugin-transform-react-jsx-source set size:undefined disposed:false
1837 http fetch GET 200 https://registry.npmjs.org/motion/-/motion-12.42.2.tgz 2234ms (cache miss)
1838 http fetch GET 200 https://registry.npmjs.org/@vitejs%2fplugin-react 216ms (cache miss)
1839 silly packumentCache corgi:https://registry.npmjs.org/@vitejs%2fplugin-react set size:undefined disposed:false
1840 http fetch GET 200 https://registry.npmjs.org/@babel%2fplugin-syntax-jsx 255ms (cache miss)
1841 silly packumentCache corgi:https://registry.npmjs.org/@babel%2fplugin-syntax-jsx set size:undefined disposed:false
1842 http fetch GET 200 https://registry.npmjs.org/@babel%2fplugin-syntax-typescript 270ms (cache miss)
1843 silly packumentCache corgi:https://registry.npmjs.org/@babel%2fplugin-syntax-typescript set size:undefined disposed:false
1844 http fetch GET 200 https://registry.npmjs.org/@babel%2fhelper-replace-supers 274ms (cache miss)
1845 silly packumentCache corgi:https://registry.npmjs.org/@babel%2fhelper-replace-supers set size:undefined disposed:false
1846 http fetch GET 200 https://registry.npmjs.org/@babel%2fplugin-transform-modules-commonjs 288ms (cache miss)
1847 silly packumentCache corgi:https://registry.npmjs.org/@babel%2fplugin-transform-modules-commonjs set size:undefined disposed:false
1848 http fetch GET 200 https://registry.npmjs.org/@babel%2fpreset-typescript 300ms (cache miss)
1849 silly packumentCache corgi:https://registry.npmjs.org/@babel%2fpreset-typescript set size:undefined disposed:false
1850 http fetch GET 200 https://registry.npmjs.org/@babel%2fplugin-transform-typescript 316ms (cache miss)
1851 silly packumentCache corgi:https://registry.npmjs.org/@babel%2fplugin-transform-typescript set size:undefined disposed:false
1852 http fetch GET 200 https://registry.npmjs.org/@babel%2fhelper-module-transforms 322ms (cache miss)
1853 silly packumentCache corgi:https://registry.npmjs.org/@babel%2fhelper-module-transforms set size:undefined disposed:false
1854 http fetch GET 200 https://registry.npmjs.org/@babel%2fhelper-create-class-features-plugin 331ms (cache miss)
1855 silly packumentCache corgi:https://registry.npmjs.org/@babel%2fhelper-create-class-features-plugin set size:undefined disposed:false
1856 http fetch GET 200 https://registry.npmjs.org/reselect/-/reselect-5.2.0.tgz 2379ms (cache miss)
1857 silly packumentCache corgi:https://registry.npmjs.org/styled-components cache-miss
1858 http fetch GET 200 https://registry.npmjs.org/styled-components 169ms (cache miss)
1859 silly packumentCache corgi:https://registry.npmjs.org/styled-components set size:undefined disposed:false
1860 silly packumentCache corgi:https://registry.npmjs.org/@modelcontextprotocol%2fsdk cache-miss
1861 http fetch GET 200 https://registry.npmjs.org/@modelcontextprotocol%2fsdk 115ms (cache revalidated)
1862 silly packumentCache corgi:https://registry.npmjs.org/@modelcontextprotocol%2fsdk set size:115846 disposed:false
1863 http fetch GET 200 https://registry.npmjs.org/motion-utils/-/motion-utils-12.39.0.tgz 3175ms (cache miss)
1864 http fetch GET 200 https://registry.npmjs.org/@base-ui/utils/-/utils-0.3.1.tgz 3536ms (cache miss)
1865 http fetch GET 200 https://registry.npmjs.org/@babel/runtime/-/runtime-7.29.7.tgz 4157ms (cache miss)
1866 http fetch GET 200 https://registry.npmjs.org/framer-motion/-/framer-motion-12.42.2.tgz 5823ms (cache miss)
1867 http fetch GET 200 https://registry.npmjs.org/motion-dom/-/motion-dom-12.42.2.tgz 6283ms (cache miss)
1868 http fetch GET 200 https://registry.npmjs.org/hono/-/hono-4.12.32.tgz 6406ms (cache miss)
1869 http fetch GET 200 https://registry.npmjs.org/@base-ui/react/-/react-1.6.0.tgz 12626ms (cache miss)
1870 http fetch GET 200 https://registry.npmjs.org/lucide-react/-/lucide-react-1.26.0.tgz 17026ms (cache miss)
1871 silly ADD node_modules/mimic-function
1872 silly ADD node_modules/merge-stream
1873 silly ADD node_modules/is-wsl
1874 silly ADD node_modules/isexe
1875 silly ADD node_modules/media-typer
1876 silly ADD node_modules/strip-bom
1877 silly ADD node_modules/minimist
1878 silly ADD node_modules/balanced-match
1879 silly ADD node_modules/brace-expansion
1880 silly ADD node_modules/path-browserify
1881 silly ADD node_modules/minimatch
1882 silly ADD node_modules/code-block-writer
1883 silly ADD node_modules/@ts-morph/common
1884 silly ADD node_modules/ansi-regex
1885 silly ADD node_modules/is-regexp
1886 silly ADD node_modules/get-own-enumerable-keys
1887 silly ADD node_modules/get-east-asian-width
1888 silly ADD node_modules/emoji-regex
1889 silly ADD node_modules/dunder-proto
1890 silly ADD node_modules/math-intrinsics
1891 silly ADD node_modules/has-symbols
1892 silly ADD node_modules/gopd
1893 silly ADD node_modules/get-proto
1894 silly ADD node_modules/es-object-atoms
1895 silly ADD node_modules/call-bind-apply-helpers
1896 silly ADD node_modules/get-intrinsic
1897 silly ADD node_modules/call-bound
1898 silly ADD node_modules/side-channel-weakmap
1899 silly ADD node_modules/side-channel-map
1900 silly ADD node_modules/side-channel-list
1901 silly ADD node_modules/object-inspect
1902 silly ADD node_modules/shebang-regex
1903 silly ADD node_modules/path-to-regexp
1904 silly ADD node_modules/is-promise
1905 silly ADD node_modules/tiny-invariant
1906 silly ADD node_modules/source-map
1907 silly ADD node_modules/esprima
1908 silly ADD node_modules/ast-types
1909 silly ADD node_modules/unpipe
1910 silly ADD node_modules/side-channel
1911 silly ADD node_modules/es-define-property
1912 silly ADD node_modules/ipaddr.js
1913 silly ADD node_modules/forwarded
1914 silly ADD node_modules/sisteransi
1915 silly ADD node_modules/parse-ms
1916 silly ADD node_modules/p-try
1917 silly ADD node_modules/p-limit
1918 silly ADD node_modules/path-exists
1919 silly ADD node_modules/p-locate
1920 silly ADD node_modules/locate-path
1921 silly ADD node_modules/find-up
1922 silly ADD node_modules/is-arrayish
1923 silly ADD node_modules/json-parse-even-better-errors
1924 silly ADD node_modules/error-ex
1925 silly ADD node_modules/callsites
1926 silly ADD node_modules/restore-cursor
1927 silly ADD node_modules/restore-cursor/node_modules/onetime
1928 silly ADD node_modules/string-width
1929 silly ADD node_modules/string-width/node_modules/ansi-regex
1930 silly ADD node_modules/string-width/node_modules/strip-ansi
1931 silly ADD node_modules/stdin-discarder
1932 silly ADD node_modules/log-symbols
1933 silly ADD node_modules/log-symbols/node_modules/is-unicode-supported
1934 silly ADD node_modules/is-interactive
1935 silly ADD node_modules/cli-spinners
1936 silly ADD node_modules/cli-cursor
1937 silly ADD node_modules/chalk
1938 silly ADD node_modules/is-docker
1939 silly ADD node_modules/run-applescript
1940 silly ADD node_modules/default-browser-id
1941 silly ADD node_modules/bundle-name
1942 silly ADD node_modules/wsl-utils
1943 silly ADD node_modules/powershell-utils
1944 silly ADD node_modules/is-inside-container
1945 silly ADD node_modules/is-in-ssh
1946 silly ADD node_modules/define-lazy-prop
1947 silly ADD node_modules/default-browser
1948 silly ADD node_modules/wrappy
1949 silly ADD node_modules/ee-first
1950 silly ADD node_modules/unicorn-magic
1951 silly ADD node_modules/mime-db
1952 silly ADD node_modules/argparse
1953 silly ADD node_modules/resolve-from
1954 silly ADD node_modules/parent-module
1955 silly ADD node_modules/safer-buffer
1956 silly ADD node_modules/toidentifier
1957 silly ADD node_modules/setprototypeof
1958 silly ADD node_modules/inherits
1959 silly ADD node_modules/@sec-ant/readable-stream
1960 silly ADD node_modules/universalify
1961 silly ADD node_modules/jsonfile
1962 silly ADD node_modules/graceful-fs
1963 silly ADD node_modules/is-unicode-supported
1964 silly ADD node_modules/ip-address
1965 silly ADD node_modules/iconv-lite
1966 silly ADD node_modules/bytes
1967 silly ADD node_modules/negotiator
1968 silly ADD node_modules/type-is
1969 silly ADD node_modules/type-is/node_modules/content-type
1970 silly ADD node_modules/statuses
1971 silly ADD node_modules/serve-static
1972 silly ADD node_modules/send
1973 silly ADD node_modules/router
1974 silly ADD node_modules/range-parser
1975 silly ADD node_modules/qs
1976 silly ADD node_modules/proxy-addr
1977 silly ADD node_modules/parseurl
1978 silly ADD node_modules/once
1979 silly ADD node_modules/on-finished
1980 silly ADD node_modules/mime-types
1981 silly ADD node_modules/merge-descriptors
1982 silly ADD node_modules/http-errors
1983 silly ADD node_modules/fresh
1984 silly ADD node_modules/finalhandler
1985 silly ADD node_modules/etag
1986 silly ADD node_modules/escape-html
1987 silly ADD node_modules/encodeurl
1988 silly ADD node_modules/depd
1989 silly ADD node_modules/cookie-signature
1990 silly ADD node_modules/cookie
1991 silly ADD node_modules/content-disposition
1992 silly ADD node_modules/body-parser
1993 silly ADD node_modules/body-parser/node_modules/content-type
1994 silly ADD node_modules/accepts
1995 silly ADD node_modules/yoctocolors
1996 silly ADD node_modules/strip-final-newline
1997 silly ADD node_modules/signal-exit
1998 silly ADD node_modules/pretty-ms
1999 silly ADD node_modules/npm-run-path
2000 silly ADD node_modules/npm-run-path/node_modules/path-key
2001 silly ADD node_modules/is-stream
2002 silly ADD node_modules/is-plain-obj
2003 silly ADD node_modules/human-signals
2004 silly ADD node_modules/get-stream
2005 silly ADD node_modules/figures
2006 silly ADD node_modules/@sindresorhus/merge-streams
2007 silly ADD node_modules/strip-ansi
2008 silly ADD node_modules/ansi-colors
2009 silly ADD node_modules/is-obj
2010 silly ADD node_modules/mimic-fn
2011 silly ADD node_modules/shebang-command
2012 silly ADD node_modules/path-key
2013 silly ADD node_modules/parse-json
2014 silly ADD node_modules/js-yaml
2015 silly ADD node_modules/import-fresh
2016 silly ADD node_modules/vary
2017 silly ADD node_modules/pkg-up
2018 silly ADD node_modules/onetime
2019 silly ADD node_modules/onetime/node_modules/mimic-fn
2020 silly ADD node_modules/dot-prop
2021 silly ADD node_modules/debounce-fn
2022 silly ADD node_modules/atomically
2023 silly ADD node_modules/require-from-string
2024 silly ADD node_modules/json-schema-traverse
2025 silly ADD node_modules/fast-uri
2026 silly ADD node_modules/fast-deep-equal
2027 silly ADD node_modules/raw-body
2028 silly ADD node_modules/pkce-challenge
2029 silly ADD node_modules/json-schema-typed
2030 silly ADD node_modules/jose
2031 silly ADD node_modules/express-rate-limit
2032 silly ADD node_modules/express
2033 silly ADD node_modules/eventsource-parser
2034 silly ADD node_modules/eventsource
2035 silly ADD node_modules/cross-spawn
2036 silly ADD node_modules/cross-spawn/node_modules/isexe
2037 silly ADD node_modules/cross-spawn/node_modules/which
2038 silly ADD node_modules/cors
2039 silly ADD node_modules/content-type
2040 silly ADD node_modules/ajv-formats
2041 silly ADD node_modules/ajv
2042 silly ADD node_modules/hono
2043 silly ADD node_modules/@hono/node-server
2044 silly ADD node_modules/yocto-spinner
2045 silly ADD node_modules/which
2046 silly ADD node_modules/systeminformation
2047 silly ADD node_modules/object-treeify
2048 silly ADD node_modules/ignore
2049 silly ADD node_modules/env-paths
2050 silly ADD node_modules/enquirer
2051 silly ADD node_modules/dotenv
2052 silly ADD node_modules/conf
2053 silly ADD node_modules/conf/node_modules/semver
2054 silly ADD node_modules/conf/node_modules/json-schema-typed
2055 silly ADD node_modules/conf/node_modules/ajv-formats
2056 silly ADD node_modules/@dotenvx/primitives
2057 silly ADD node_modules/@babel/plugin-transform-modules-commonjs
2058 silly ADD node_modules/@babel/plugin-syntax-jsx
2059 silly ADD node_modules/@babel/helper-replace-supers
2060 silly ADD node_modules/@babel/helper-optimise-call-expression
2061 silly ADD node_modules/@babel/helper-member-expression-to-functions
2062 silly ADD node_modules/@babel/plugin-syntax-typescript
2063 silly ADD node_modules/@babel/helper-skip-transparent-expression-wrappers
2064 silly ADD node_modules/@babel/helper-create-class-features-plugin
2065 silly ADD node_modules/@babel/helper-annotate-as-pure
2066 silly ADD node_modules/zod-to-json-schema
2067 silly ADD node_modules/zod
2068 silly ADD node_modules/validate-npm-package-name
2069 silly ADD node_modules/undici
2070 silly ADD node_modules/tsconfig-paths
2071 silly ADD node_modules/ts-morph
2072 silly ADD node_modules/stringify-object
2073 silly ADD node_modules/stringify-object/node_modules/is-obj
2074 silly ADD node_modules/recast
2075 silly ADD node_modules/prompts
2076 silly ADD node_modules/prompts/node_modules/kleur
2077 silly ADD node_modules/ora
2078 silly ADD node_modules/ora/node_modules/ansi-regex
2079 silly ADD node_modules/ora/node_modules/strip-ansi
2080 silly ADD node_modules/open
2081 silly ADD node_modules/kleur
2082 silly ADD node_modules/fuzzysort
2083 silly ADD node_modules/fs-extra
2084 silly ADD node_modules/execa
2085 silly ADD node_modules/diff
2086 silly ADD node_modules/deepmerge
2087 silly ADD node_modules/dedent
2088 silly ADD node_modules/cosmiconfig
2089 silly ADD node_modules/@types/validate-npm-package-name
2090 silly ADD node_modules/@modelcontextprotocol/sdk
2091 silly ADD node_modules/@dotenvx/dotenvx
2092 silly ADD node_modules/@dotenvx/dotenvx/node_modules/is-wsl
2093 silly ADD node_modules/@dotenvx/dotenvx/node_modules/is-docker
2094 silly ADD node_modules/@dotenvx/dotenvx/node_modules/define-lazy-prop
2095 silly ADD node_modules/@dotenvx/dotenvx/node_modules/strip-final-newline
2096 silly ADD node_modules/@dotenvx/dotenvx/node_modules/signal-exit
2097 silly ADD node_modules/@dotenvx/dotenvx/node_modules/npm-run-path
2098 silly ADD node_modules/@dotenvx/dotenvx/node_modules/is-stream
2099 silly ADD node_modules/@dotenvx/dotenvx/node_modules/human-signals
2100 silly ADD node_modules/@dotenvx/dotenvx/node_modules/get-stream
2101 silly ADD node_modules/@dotenvx/dotenvx/node_modules/open
2102 silly ADD node_modules/@dotenvx/dotenvx/node_modules/picomatch
2103 silly ADD node_modules/@dotenvx/dotenvx/node_modules/fdir
2104 silly ADD node_modules/@dotenvx/dotenvx/node_modules/execa
2105 silly ADD node_modules/@dotenvx/dotenvx/node_modules/commander
2106 silly ADD node_modules/@babel/preset-typescript
2107 silly ADD node_modules/@babel/plugin-transform-typescript
2108 silly ADD node_modules/@floating-ui/core
2109 silly ADD node_modules/@floating-ui/dom
2110 silly ADD node_modules/reselect
2111 silly ADD node_modules/use-sync-external-store
2112 silly ADD node_modules/@floating-ui/utils
2113 silly ADD node_modules/@floating-ui/react-dom
2114 silly ADD node_modules/@base-ui/utils
2115 silly ADD node_modules/@babel/runtime
2116 silly ADD node_modules/tw-animate-css
2117 silly ADD node_modules/tailwind-merge
2118 silly ADD node_modules/shadcn
2119 silly ADD node_modules/shadcn/node_modules/postcss-selector-parser
2120 silly ADD node_modules/shadcn/node_modules/commander
2121 silly ADD node_modules/motion
2122 silly ADD node_modules/lucide-react
2123 silly ADD node_modules/clsx
2124 silly ADD node_modules/class-variance-authority
2125 silly ADD node_modules/@fontsource-variable/geist
2126 silly ADD node_modules/@base-ui/react
2127 silly CHANGE node_modules/motion-utils
2128 silly CHANGE node_modules/motion-dom
2129 silly CHANGE node_modules/framer-motion
2130 silly CHANGE node_modules/debug
2131 silly CHANGE node_modules/@babel/types
2132 silly CHANGE node_modules/@babel/traverse
2133 silly CHANGE node_modules/@babel/template
2134 silly CHANGE node_modules/@babel/parser
2135 silly CHANGE node_modules/@babel/helper-validator-option
2136 silly CHANGE node_modules/@babel/helper-validator-identifier
2137 silly CHANGE node_modules/@babel/helper-string-parser
2138 silly CHANGE node_modules/@babel/helper-plugin-utils
2139 silly CHANGE node_modules/@babel/helper-module-transforms
2140 silly CHANGE node_modules/@babel/helper-module-imports
2141 silly CHANGE node_modules/@babel/helper-globals
2142 silly CHANGE node_modules/@babel/generator
2143 silly CHANGE node_modules/@babel/code-frame
2144 verbose cwd C:\Users\Zach\Desktop\Lab\Euterpe-landing
2145 verbose os Windows_NT 10.0.26200
2146 verbose node v24.13.0
2147 verbose npm  v11.6.2
2148 verbose exit 0
2149 info ok
